Run,AGE,Assay Type,AvgSpotLen,Bases,BIOMATERIAL_PROVIDER,BioProject,BioSample,BioSampleModel,Bytes,Center Name,Consent,DATASTORE filetype,DATASTORE provider,DATASTORE region,Experiment,Instrument,isolate,Library Name,LibraryLayout,LibrarySelection,LibrarySource,Organism,Platform,ReleaseDate,create_date,version,Sample Name,sample_type,sex,SRA Study,tissue,treatment,AssemblyName
SRR5964085,missing,WGS,48,108194064,Karalinska,PRJNA396019,SAMN07549897,Human,81379865,THE UT MD ANDERSON CANCER CENTER,public,"sra,run.zq,fastq","ncbi,gs,s3","ncbi.public,gs.us-east1,s3.us-east-1",SRX3122159,Illumina HiSeq 4000,nuclei genome CNV 549,KTN615_2_43,SINGLE,RANDOM PCR,GENOMIC,Homo sapiens,ILLUMINA,2018-04-24T00:00:00Z,2017-08-23T19:03:00Z,1,KTN615_2_43,tumor,missing,SRP114962,KTN615,midTX,
SRR5964089,missing,WGS,48,123138384,Karalinska,PRJNA396019,SAMN07549891,Human,91692666,THE UT MD ANDERSON CANCER CENTER,public,"sra,run.zq,fastq","s3,gs,ncbi","ncbi.public,s3.us-east-1,gs.us-east1",SRX3122155,Illumina HiSeq 4000,nuclei genome CNV 543,KTN615_2_37,SINGLE,RANDOM PCR,GENOMIC,Homo sapiens,ILLUMINA,2018-04-24T00:00:00Z,2017-08-23T19:03:00Z,1,KTN615_2_37,tumor,missing,SRP114962,KTN615,midTX,
SRR5964093,missing,WGS,48,116864064,Karalinska,PRJNA396019,SAMN07549895,Human,87473818,THE UT MD ANDERSON CANCER CENTER,public,"run.zq,sra,fastq","s3,gs,ncbi","s3.us-east-1,ncbi.public,gs.us-east1",SRX3122151,Illumina HiSeq 4000,nuclei genome CNV 547,KTN615_2_41,SINGLE,RANDOM PCR,GENOMIC,Homo sapiens,ILLUMINA,2018-04-24T00:00:00Z,2017-08-23T19:03:00Z,1,KTN615_2_41,tumor,missing,SRP114962,KTN615,midTX,
SRR5964094,missing,WGS,48,105191664,Karalinska,PRJNA396019,SAMN07549894,Human,78628056,THE UT MD ANDERSON CANCER CENTER,public,"fastq,sra,run.zq","gs,s3,ncbi","s3.us-east-1,gs.us-east1,ncbi.public",SRX3122150,Illumina HiSeq 4000,nuclei genome CNV 546,KTN615_2_40,SINGLE,RANDOM PCR,GENOMIC,Homo sapiens,ILLUMINA,2018-04-24T00:00:00Z,2017-08-23T19:03:00Z,1,KTN615_2_40,tumor,missing,SRP114962,KTN615,midTX,
SRR5964095,missing,WGS,48,108893568,Karalinska,PRJNA396019,SAMN07549893,Human,81237248,THE UT MD ANDERSON CANCER CENTER,public,"fastq,run.zq,sra","s3,ncbi,gs","gs.us-east1,s3.us-east-1,ncbi.public",SRX3122149,Illumina HiSeq 4000,nuclei genome CNV 545,KTN615_2_39,SINGLE,RANDOM PCR,GENOMIC,Homo sapiens,ILLUMINA,2018-04-24T00:00:00Z,2017-08-23T19:03:00Z,1,KTN615_2_39,tumor,missing,SRP114962,KTN615,midTX,
SRR5964096,missing,WGS,152,490419032,Karalinska,PRJNA396019,SAMN07550087,Human,186017454,THE UT MD ANDERSON CANCER CENTER,public,"sra,fastq,run.zq","gs,s3,ncbi","s3.us-east-1,ncbi.public,gs.us-east1",SRX3122148,Illumina HiSeq 4000,nuclei genome CNV 739,KTN302_0_12,SINGLE,RANDOM PCR,GENOMIC,Homo sapiens,ILLUMINA,2018-04-24T00:00:00Z,2017-08-23T19:04:00Z,1,KTN302_0_12,tumor,missing,SRP114962,KTN302,preTX,
SRR5964100,missing,WGS,152,239148288,Karalinska,PRJNA396019,SAMN07549971,Human,91224681,THE UT MD ANDERSON CANCER CENTER,public,"sra,run.zq,fastq","s3,ncbi,gs","gs.us-east1,ncbi.public,s3.us-east-1",SRX3122144,Illumina HiSeq 4000,nuclei genome CNV 623,KTN126_OP_31,SINGLE,RANDOM PCR,GENOMIC,Homo sapiens,ILLUMINA,2018-04-24T00:00:00Z,2017-08-23T19:05:00Z,1,KTN126_OP_31,tumor,missing,SRP114962,KTN126,postTX,
SRR5964103,missing,WGS,152,681180248,Karalinska,PRJNA396019,SAMN07549976,Human,254737253,THE UT MD ANDERSON CANCER CENTER,public,"run.zq,sra,fastq","s3,ncbi,gs","ncbi.public,s3.us-east-1,gs.us-east1",SRX3122141,Illumina HiSeq 4000,nuclei genome CNV 628,KTN126_OP_37,SINGLE,RANDOM PCR,GENOMIC,Homo sapiens,ILLUMINA,2018-04-24T00:00:00Z,2017-08-23T19:06:00Z,1,KTN126_OP_37,tumor,missing,SRP114962,KTN126,postTX,
SRR5964104,missing,WGS,152,641423584,Karalinska,PRJNA396019,SAMN07549975,Human,248726706,THE UT MD ANDERSON CANCER CENTER,public,"fastq,run.zq,sra","ncbi,s3,gs","s3.us-east-1,gs.us-east1,ncbi.public",SRX3122140,Illumina HiSeq 4000,nuclei genome CNV 627,KTN126_OP_35,SINGLE,RANDOM PCR,GENOMIC,Homo sapiens,ILLUMINA,2018-04-24T00:00:00Z,2017-08-23T19:07:00Z,1,KTN126_OP_35,tumor,missing,SRP114962,KTN126,postTX,
SRR5964105,missing,WGS,152,918345848,Karalinska,PRJNA396019,SAMN07549978,Human,346039594,THE UT MD ANDERSON CANCER CENTER,public,"fastq,run.zq,sra","s3,ncbi,gs","s3.us-east-1,gs.us-east1,ncbi.public",SRX3122139,Illumina HiSeq 4000,nuclei genome CNV 630,KTN126_OP_39,SINGLE,RANDOM PCR,GENOMIC,Homo sapiens,ILLUMINA,2018-04-24T00:00:00Z,2017-08-23T19:08:00Z,1,KTN126_OP_39,tumor,missing,SRP114962,KTN126,postTX,
SRR5964106,missing,WGS,152,780454640,Karalinska,PRJNA396019,SAMN07549977,Human,292697574,THE UT MD ANDERSON CANCER CENTER,public,"run.zq,sra,fastq","s3,gs,ncbi","ncbi.public,s3.us-east-1,gs.us-east1",SRX3122138,Illumina HiSeq 4000,nuclei genome CNV 629,KTN126_OP_38,SINGLE,RANDOM PCR,GENOMIC,Homo sapiens,ILLUMINA,2018-04-24T00:00:00Z,2017-08-23T19:09:00Z,1,KTN126_OP_38,tumor,missing,SRP114962,KTN126,postTX,
SRR5964109,missing,WGS,152,584809208,Karalinska,PRJNA396019,SAMN07550102,Human,216346349,THE UT MD ANDERSON CANCER CENTER,public,"fastq,sra,run.zq","s3,gs,ncbi","gs.us-east1,ncbi.public,s3.us-east-1",SRX3122135,Illumina HiSeq 4000,nuclei genome CNV 754,KTN302_0_27,SINGLE,RANDOM PCR,GENOMIC,Homo sapiens,ILLUMINA,2018-04-24T00:00:00Z,2017-08-23T19:08:00Z,1,KTN302_0_27,tumor,missing,SRP114962,KTN302,preTX,
SRR5964110,missing,WGS,152,954267704,Karalinska,PRJNA396019,SAMN07550101,Human,356920403,THE UT MD ANDERSON CANCER CENTER,public,"sra,fastq,run.zq","s3,gs,ncbi","gs.us-east1,s3.us-east-1,ncbi.public",SRX3122134,Illumina HiSeq 4000,nuclei genome CNV 753,KTN302_0_26,SINGLE,RANDOM PCR,GENOMIC,Homo sapiens,ILLUMINA,2018-04-24T00:00:00Z,2017-08-23T19:09:00Z,1,KTN302_0_26,tumor,missing,SRP114962,KTN302,preTX,
SRR5964111,missing,WGS,152,760199120,Karalinska,PRJNA396019,SAMN07550100,Human,281656103,THE UT MD ANDERSON CANCER CENTER,public,"sra,run.zq,fastq","s3,gs,ncbi","gs.us-east1,s3.us-east-1,ncbi.public",SRX3122133,Illumina HiSeq 4000,nuclei genome CNV 752,KTN302_0_25,SINGLE,RANDOM PCR,GENOMIC,Homo sapiens,ILLUMINA,2018-04-24T00:00:00Z,2017-08-23T19:09:00Z,1,KTN302_0_25,tumor,missing,SRP114962,KTN302,preTX,
SRR5964112,missing,WGS,152,490067152,Karalinska,PRJNA396019,SAMN07550099,Human,182383121,THE UT MD ANDERSON CANCER CENTER,public,"run.zq,sra,fastq","ncbi,s3,gs","s3.us-east-1,ncbi.public,gs.us-east1",SRX3122132,Illumina HiSeq 4000,nuclei genome CNV 751,KTN302_0_24,SINGLE,RANDOM PCR,GENOMIC,Homo sapiens,ILLUMINA,2018-04-24T00:00:00Z,2017-08-23T19:07:00Z,1,KTN302_0_24,tumor,missing,SRP114962,KTN302,preTX,
SRR5964116,missing,WGS,152,542152840,Karalinska,PRJNA396019,SAMN07550164,Human,205514758,THE UT MD ANDERSON CANCER CENTER,public,"fastq,run.zq,sra","s3,gs,ncbi","gs.us-east1,s3.us-east-1,ncbi.public",SRX3122128,Illumina HiSeq 4000,nuclei genome CNV 816,KTN302_2_42,SINGLE,RANDOM PCR,GENOMIC,Homo sapiens,ILLUMINA,2018-04-24T00:00:00Z,2017-08-23T19:09:00Z,1,KTN302_2_42,tumor,missing,SRP114962,KTN302,midTX,
SRR5964121,missing,WGS,152,693190376,Karalinska,PRJNA396019,SAMN07550145,Human,264309002,THE UT MD ANDERSON CANCER CENTER,public,"sra,fastq,run.zq","ncbi,gs,s3","gs.us-east1,ncbi.public,s3.us-east-1",SRX3122123,Illumina HiSeq 4000,nuclei genome CNV 797,KTN302_2_22,SINGLE,RANDOM PCR,GENOMIC,Homo sapiens,ILLUMINA,2018-04-24T00:00:00Z,2017-08-23T19:12:00Z,1,KTN302_2_22,tumor,missing,SRP114962,KTN302,midTX,
SRR5964125,missing,WGS,152,230568344,Karalinska,PRJNA396019,SAMN07549904,Human,86040825,THE UT MD ANDERSON CANCER CENTER,public,"fastq,run.zq,sra","gs,ncbi,s3","gs.us-east1,ncbi.public,s3.us-east-1",SRX3122119,Illumina HiSeq 4000,nuclei genome CNV 556,KTN126_0_11,SINGLE,RANDOM PCR,GENOMIC,Homo sapiens,ILLUMINA,2018-04-24T00:00:00Z,2017-08-23T19:11:00Z,1,KTN126_0_11,tumor,missing,SRP114962,KTN126,preTX,
SRR5964129,missing,WGS,48,112875792,Karalinska,PRJNA396019,SAMN07549900,Human,84286282,THE UT MD ANDERSON CANCER CENTER,public,"sra,run.zq,fastq","s3,gs,ncbi","ncbi.public,s3.us-east-1,gs.us-east1",SRX3122115,Illumina HiSeq 4000,nuclei genome CNV 552,KTN615_2_46,SINGLE,RANDOM PCR,GENOMIC,Homo sapiens,ILLUMINA,2018-04-24T00:00:00Z,2017-08-23T19:13:00Z,1,KTN615_2_46,tumor,missing,SRP114962,KTN615,midTX,
SRR5964130,missing,WGS,48,149808912,Karalinska,PRJNA396019,SAMN07549901,Human,111755506,THE UT MD ANDERSON CANCER CENTER,public,"fastq,run.zq,sra","ncbi,s3,gs","ncbi.public,gs.us-east1,s3.us-east-1",SRX3122114,Illumina HiSeq 4000,nuclei genome CNV 553,KTN615_2_47,SINGLE,RANDOM PCR,GENOMIC,Homo sapiens,ILLUMINA,2018-04-24T00:00:00Z,2017-08-23T19:13:00Z,1,KTN615_2_47,tumor,missing,SRP114962,KTN615,midTX,
SRR5964137,missing,WGS,152,920160728,Karalinska,PRJNA396019,SAMN07550081,Human,342550670,THE UT MD ANDERSON CANCER CENTER,public,"run.zq,fastq,sra","gs,s3,ncbi","gs.us-east1,ncbi.public,s3.us-east-1",SRX3122107,Illumina HiSeq 4000,nuclei genome CNV 733,KTN129_OP_05,SINGLE,RANDOM PCR,GENOMIC,Homo sapiens,ILLUMINA,2018-04-24T00:00:00Z,2017-08-23T19:17:00Z,1,KTN129_OP_05,tumor,missing,SRP114962,KTN129,postTX,
SRR5964141,missing,WGS,152,638789424,Karalinska,PRJNA396019,SAMN07549940,Human,239898838,THE UT MD ANDERSON CANCER CENTER,public,"run.zq,sra,fastq","gs,ncbi,s3","gs.us-east1,s3.us-east-1,ncbi.public",SRX3122103,Illumina HiSeq 4000,nuclei genome CNV 592,KTN126_0_45,SINGLE,RANDOM PCR,GENOMIC,Homo sapiens,ILLUMINA,2018-04-24T00:00:00Z,2017-08-23T19:17:00Z,1,KTN126_0_45,tumor,missing,SRP114962,KTN126,preTX,
SRR5964146,missing,WGS,152,412291944,Karalinska,PRJNA396019,SAMN07550088,Human,152721677,THE UT MD ANDERSON CANCER CENTER,public,"fastq,sra,run.zq","gs,s3,ncbi","s3.us-east-1,gs.us-east1,ncbi.public",SRX3122098,Illumina HiSeq 4000,nuclei genome CNV 740,KTN302_0_13,SINGLE,RANDOM PCR,GENOMIC,Homo sapiens,ILLUMINA,2018-04-24T00:00:00Z,2017-08-23T19:17:00Z,1,KTN302_0_13,tumor,missing,SRP114962,KTN302,preTX,
SRR5964147,missing,WGS,152,451638816,Karalinska,PRJNA396019,SAMN07550116,Human,169782837,THE UT MD ANDERSON CANCER CENTER,public,"run.zq,sra,fastq","s3,ncbi,gs","s3.us-east-1,ncbi.public,gs.us-east1",SRX3122097,Illumina HiSeq 4000,nuclei genome CNV 768,KTN302_0_40,SINGLE,RANDOM PCR,GENOMIC,Homo sapiens,ILLUMINA,2018-04-24T00:00:00Z,2017-08-23T19:18:00Z,1,KTN302_0_40,tumor,missing,SRP114962,KTN302,preTX,
SRR5964148,missing,WGS,152,479150664,Karalinska,PRJNA396019,SAMN07550113,Human,180090390,THE UT MD ANDERSON CANCER CENTER,public,"fastq,run.zq,sra","s3,gs,ncbi","ncbi.public,s3.us-east-1,gs.us-east1",SRX3122096,Illumina HiSeq 4000,nuclei genome CNV 765,KTN302_0_38,SINGLE,RANDOM PCR,GENOMIC,Homo sapiens,ILLUMINA,2018-04-24T00:00:00Z,2017-08-23T19:18:00Z,1,KTN302_0_38,tumor,missing,SRP114962,KTN302,preTX,
SRR5964152,missing,WGS,152,1036608992,Karalinska,PRJNA396019,SAMN07550005,Human,390085625,THE UT MD ANDERSON CANCER CENTER,public,"fastq,sra,run.zq","ncbi,s3,gs","ncbi.public,gs.us-east1,s3.us-east-1",SRX3122092,Illumina HiSeq 4000,nuclei genome CNV 657,KTN129_0_19,SINGLE,RANDOM PCR,GENOMIC,Homo sapiens,ILLUMINA,2018-04-24T00:00:00Z,2017-08-23T19:21:00Z,1,KTN129_0_19,tumor,missing,SRP114962,KTN129,preTX,
SRR5964156,missing,WGS,152,924918176,Karalinska,PRJNA396019,SAMN07550001,Human,346075647,THE UT MD ANDERSON CANCER CENTER,public,"fastq,sra,run.zq","ncbi,s3,gs","gs.us-east1,s3.us-east-1,ncbi.public",SRX3122088,Illumina HiSeq 4000,nuclei genome CNV 653,KTN129_0_15,SINGLE,RANDOM PCR,GENOMIC,Homo sapiens,ILLUMINA,2018-04-24T00:00:00Z,2017-08-23T19:21:00Z,1,KTN129_0_15,tumor,missing,SRP114962,KTN129,preTX,
SRR5964157,missing,WGS,152,1074769504,Karalinska,PRJNA396019,SAMN07550002,Human,418948770,THE UT MD ANDERSON CANCER CENTER,public,"sra,fastq,run.zq","ncbi,gs,s3","s3.us-east-1,ncbi.public,gs.us-east1",SRX3122087,Illumina HiSeq 4000,nuclei genome CNV 654,KTN129_0_16,SINGLE,RANDOM PCR,GENOMIC,Homo sapiens,ILLUMINA,2018-04-24T00:00:00Z,2017-08-23T19:22:00Z,1,KTN129_0_16,tumor,missing,SRP114962,KTN129,preTX,
SRR5964161,missing,WGS,152,474022640,Karalinska,PRJNA396019,SAMN07550008,Human,187359401,THE UT MD ANDERSON CANCER CENTER,public,"sra,run.zq,fastq","gs,s3,ncbi","s3.us-east-1,gs.us-east1,ncbi.public",SRX3122083,Illumina HiSeq 4000,nuclei genome CNV 660,KTN129_0_21,SINGLE,RANDOM PCR,GENOMIC,Homo sapiens,ILLUMINA,2018-04-24T00:00:00Z,2017-08-23T19:20:00Z,1,KTN129_0_21,tumor,missing,SRP114962,KTN129,preTX,
SRR5964166,missing,WGS,152,766436440,Karalinska,PRJNA396019,SAMN07549914,Human,288243690,THE UT MD ANDERSON CANCER CENTER,public,"run.zq,fastq,sra","s3,ncbi,gs","s3.us-east-1,gs.us-east1,ncbi.public",SRX3122078,Illumina HiSeq 4000,nuclei genome CNV 566,KTN126_0_21,SINGLE,RANDOM PCR,GENOMIC,Homo sapiens,ILLUMINA,2018-04-24T00:00:00Z,2017-08-23T19:22:00Z,1,KTN126_0_21,tumor,missing,SRP114962,KTN126,preTX,
SRR5964171,missing,WGS,152,411069256,Karalinska,PRJNA396019,SAMN07549917,Human,149266990,THE UT MD ANDERSON CANCER CENTER,public,"fastq,run.zq,sra","s3,gs,ncbi","ncbi.public,s3.us-east-1,gs.us-east1",SRX3122073,Illumina HiSeq 4000,nuclei genome CNV 569,KTN126_0_24,SINGLE,RANDOM PCR,GENOMIC,Homo sapiens,ILLUMINA,2018-04-24T00:00:00Z,2017-08-23T19:22:00Z,1,KTN126_0_24,tumor,missing,SRP114962,KTN126,preTX,
SRR5964175,missing,WGS,152,937559256,Karalinska,PRJNA396019,SAMN07549944,Human,345523373,THE UT MD ANDERSON CANCER CENTER,public,"fastq,sra,run.zq","ncbi,s3,gs","ncbi.public,gs.us-east1,s3.us-east-1",SRX3122069,Illumina HiSeq 4000,nuclei genome CNV 596,KTN126_0_04,SINGLE,RANDOM PCR,GENOMIC,Homo sapiens,ILLUMINA,2018-04-24T00:00:00Z,2017-08-23T19:25:00Z,1,KTN126_0_04,tumor,missing,SRP114962,KTN126,preTX,
SRR5964178,missing,WGS,152,1331064456,Karalinska,PRJNA396019,SAMN07549943,Human,483599646,THE UT MD ANDERSON CANCER CENTER,public,"fastq,sra,run.zq","s3,gs,ncbi","ncbi.public,gs.us-east1,s3.us-east-1",SRX3122066,Illumina HiSeq 4000,nuclei genome CNV 595,KTN126_0_48,SINGLE,RANDOM PCR,GENOMIC,Homo sapiens,ILLUMINA,2018-04-24T00:00:00Z,2017-08-23T19:33:00Z,1,KTN126_0_48,tumor,missing,SRP114962,KTN126,preTX,
SRR5964183,missing,WGS,152,497550872,Karalinska,PRJNA396019,SAMN07550120,Human,194439774,THE UT MD ANDERSON CANCER CENTER,public,"run.zq,fastq,sra","s3,gs,ncbi","ncbi.public,s3.us-east-1,gs.us-east1",SRX3122061,Illumina HiSeq 4000,nuclei genome CNV 772,KTN302_0_44,SINGLE,RANDOM PCR,GENOMIC,Homo sapiens,ILLUMINA,2018-04-24T00:00:00Z,2017-08-23T19:26:00Z,1,KTN302_0_44,tumor,missing,SRP114962,KTN302,preTX,
SRR5964184,missing,WGS,152,663807712,Karalinska,PRJNA396019,SAMN07550119,Human,250145448,THE UT MD ANDERSON CANCER CENTER,public,"fastq,sra,run.zq","s3,gs,ncbi","ncbi.public,gs.us-east1,s3.us-east-1",SRX3122060,Illumina HiSeq 4000,nuclei genome CNV 771,KTN302_0_43,SINGLE,RANDOM PCR,GENOMIC,Homo sapiens,ILLUMINA,2018-04-24T00:00:00Z,2017-08-23T19:26:00Z,1,KTN302_0_43,tumor,missing,SRP114962,KTN302,preTX,
SRR5964186,missing,WGS,152,1098209120,Karalinska,PRJNA396019,SAMN07550107,Human,410415204,THE UT MD ANDERSON CANCER CENTER,public,"fastq,sra,run.zq","s3,ncbi,gs","gs.us-east1,s3.us-east-1,ncbi.public",SRX3122058,Illumina HiSeq 4000,nuclei genome CNV 759,KTN302_0_32,SINGLE,RANDOM PCR,GENOMIC,Homo sapiens,ILLUMINA,2018-04-24T00:00:00Z,2017-08-23T19:28:00Z,1,KTN302_0_32,tumor,missing,SRP114962,KTN302,preTX,
SRR5964189,missing,WGS,152,480499968,Karalinska,PRJNA396019,SAMN07550126,Human,177458825,THE UT MD ANDERSON CANCER CENTER,public,"fastq,run.zq,sra","ncbi,gs,s3","gs.us-east1,s3.us-east-1,ncbi.public",SRX3122055,Illumina HiSeq 4000,nuclei genome CNV 778,KTN302_0_05,SINGLE,RANDOM PCR,GENOMIC,Homo sapiens,ILLUMINA,2018-04-24T00:00:00Z,2017-08-23T19:27:00Z,1,KTN302_0_05,tumor,missing,SRP114962,KTN302,preTX,
SRR5964190,missing,WGS,152,342839496,Karalinska,PRJNA396019,SAMN07550125,Human,132040519,THE UT MD ANDERSON CANCER CENTER,public,"fastq,run.zq,sra","s3,ncbi,gs","ncbi.public,gs.us-east1,s3.us-east-1",SRX3122054,Illumina HiSeq 4000,nuclei genome CNV 777,KTN302_0_04,SINGLE,RANDOM PCR,GENOMIC,Homo sapiens,ILLUMINA,2018-04-24T00:00:00Z,2017-08-23T19:26:00Z,1,KTN302_0_04,tumor,missing,SRP114962,KTN302,preTX,
SRR5964201,missing,WGS,152,586946784,Karalinska,PRJNA396019,SAMN07550150,Human,222445446,THE UT MD ANDERSON CANCER CENTER,public,"fastq,sra,run.zq","s3,ncbi,gs","ncbi.public,gs.us-east1,s3.us-east-1",SRX3122043,Illumina HiSeq 4000,nuclei genome CNV 802,KTN302_2_27,SINGLE,RANDOM PCR,GENOMIC,Homo sapiens,ILLUMINA,2018-04-24T00:00:00Z,2017-08-23T19:31:00Z,1,KTN302_2_27,tumor,missing,SRP114962,KTN302,midTX,
SRR5964205,missing,WGS,152,524342240,Karalinska,PRJNA396019,SAMN07550149,Human,200848433,THE UT MD ANDERSON CANCER CENTER,public,"run.zq,fastq,sra","ncbi,s3,gs","ncbi.public,gs.us-east1,s3.us-east-1",SRX3122039,Illumina HiSeq 4000,nuclei genome CNV 801,KTN302_2_26,SINGLE,RANDOM PCR,GENOMIC,Homo sapiens,ILLUMINA,2018-04-24T00:00:00Z,2017-08-23T19:32:00Z,1,KTN302_2_26,tumor,missing,SRP114962,KTN302,midTX,
SRR5964206,missing,WGS,152,1059468880,Karalinska,PRJNA396019,SAMN07549920,Human,390366689,THE UT MD ANDERSON CANCER CENTER,public,"run.zq,fastq,sra","gs,s3,ncbi","s3.us-east-1,ncbi.public,gs.us-east1",SRX3122038,Illumina HiSeq 4000,nuclei genome CNV 572,KTN126_0_27,SINGLE,RANDOM PCR,GENOMIC,Homo sapiens,ILLUMINA,2018-04-24T00:00:00Z,2017-08-23T19:33:00Z,1,KTN126_0_27,tumor,missing,SRP114962,KTN126,preTX,
SRR5964211,missing,WGS,152,707858072,Karalinska,PRJNA396019,SAMN07550152,Human,272247795,THE UT MD ANDERSON CANCER CENTER,public,"run.zq,fastq,sra","ncbi,s3,gs","gs.us-east1,s3.us-east-1,ncbi.public",SRX3122033,Illumina HiSeq 4000,nuclei genome CNV 804,KTN302_2_30,SINGLE,RANDOM PCR,GENOMIC,Homo sapiens,ILLUMINA,2018-04-24T00:00:00Z,2017-08-23T19:32:00Z,1,KTN302_2_30,tumor,missing,SRP114962,KTN302,midTX,
SRR5964214,missing,WGS,152,1123436864,Karalinska,PRJNA396019,SAMN07549928,Human,415231204,THE UT MD ANDERSON CANCER CENTER,public,"run.zq,sra,fastq","gs,s3,ncbi","gs.us-east1,ncbi.public,s3.us-east-1",SRX3122030,Illumina HiSeq 4000,nuclei genome CNV 580,KTN126_0_34,SINGLE,RANDOM PCR,GENOMIC,Homo sapiens,ILLUMINA,2018-04-24T00:00:00Z,2017-08-23T19:34:00Z,1,KTN126_0_34,tumor,missing,SRP114962,KTN126,preTX,
SRR5964215,missing,WGS,152,471245144,Karalinska,PRJNA396019,SAMN07550151,Human,187491277,THE UT MD ANDERSON CANCER CENTER,public,"run.zq,fastq,sra","ncbi,gs,s3","gs.us-east1,ncbi.public,s3.us-east-1",SRX3122029,Illumina HiSeq 4000,nuclei genome CNV 803,KTN302_2_29,SINGLE,RANDOM PCR,GENOMIC,Homo sapiens,ILLUMINA,2018-04-24T00:00:00Z,2017-08-23T19:32:00Z,1,KTN302_2_29,tumor,missing,SRP114962,KTN302,midTX,
SRR5964218,missing,WGS,48,139185312,Karalinska,PRJNA396019,SAMN07549855,Human,105212017,THE UT MD ANDERSON CANCER CENTER,public,"sra,fastq,run.zq","s3,ncbi,gs","gs.us-east1,s3.us-east-1,ncbi.public",SRX3122026,Illumina HiSeq 4000,nuclei genome CNV 507,KTN615_0_45,SINGLE,RANDOM PCR,GENOMIC,Homo sapiens,ILLUMINA,2018-04-24T00:00:00Z,2017-08-23T19:31:00Z,1,KTN615_0_45,tumor,missing,SRP114962,KTN615,preTX,
SRR5964219,missing,WGS,152,876397800,Karalinska,PRJNA396019,SAMN07550146,Human,335010186,THE UT MD ANDERSON CANCER CENTER,public,"sra,run.zq,fastq","ncbi,s3,gs","gs.us-east1,ncbi.public,s3.us-east-1",SRX3122025,Illumina HiSeq 4000,nuclei genome CNV 798,KTN302_2_23,SINGLE,RANDOM PCR,GENOMIC,Homo sapiens,ILLUMINA,2018-04-24T00:00:00Z,2017-08-23T19:34:00Z,1,KTN302_2_23,tumor,missing,SRP114962,KTN302,midTX,
SRR5964222,missing,WGS,152,750765544,Karalinska,PRJNA396019,SAMN07550134,Human,283827585,THE UT MD ANDERSON CANCER CENTER,public,"fastq,run.zq,sra","gs,s3,ncbi","ncbi.public,s3.us-east-1,gs.us-east1",SRX3122022,Illumina HiSeq 4000,nuclei genome CNV 786,KTN302_2_11,SINGLE,RANDOM PCR,GENOMIC,Homo sapiens,ILLUMINA,2018-04-24T00:00:00Z,2017-08-23T19:33:00Z,1,KTN302_2_11,tumor,missing,SRP114962,KTN302,midTX,
SRR5964225,missing,WGS,152,539724792,Karalinska,PRJNA396019,SAMN07550129,Human,200933629,THE UT MD ANDERSON CANCER CENTER,public,"fastq,sra,run.zq","gs,s3,ncbi","gs.us-east1,s3.us-east-1,ncbi.public",SRX3122019,Illumina HiSeq 4000,nuclei genome CNV 781,KTN302_0_08,SINGLE,RANDOM PCR,GENOMIC,Homo sapiens,ILLUMINA,2018-04-24T00:00:00Z,2017-08-23T19:33:00Z,1,KTN302_0_08,tumor,missing,SRP114962,KTN302,preTX,
SRR5964228,missing,WGS,152,1249124752,Karalinska,PRJNA396019,SAMN07550028,Human,476038357,THE UT MD ANDERSON CANCER CENTER,public,"sra,fastq,run.zq","ncbi,s3,gs","gs.us-east1,s3.us-east-1,ncbi.public",SRX3122016,Illumina HiSeq 4000,nuclei genome CNV 680,KTN129_0_41,SINGLE,RANDOM PCR,GENOMIC,Homo sapiens,ILLUMINA,2018-04-24T00:00:00Z,2017-08-23T19:35:00Z,1,KTN129_0_41,tumor,missing,SRP114962,KTN129,preTX,
SRR5964232,missing,WGS,152,899110248,Karalinska,PRJNA396019,SAMN07550024,Human,340021488,THE UT MD ANDERSON CANCER CENTER,public,"fastq,sra,run.zq","ncbi,gs,s3","gs.us-east1,s3.us-east-1,ncbi.public",SRX3122012,Illumina HiSeq 4000,nuclei genome CNV 676,KTN129_0_38,SINGLE,RANDOM PCR,GENOMIC,Homo sapiens,ILLUMINA,2018-04-24T00:00:00Z,2017-08-23T19:36:00Z,1,KTN129_0_38,tumor,missing,SRP114962,KTN129,preTX,
SRR5964236,missing,WGS,152,574651048,Karalinska,PRJNA396019,SAMN07550020,Human,219076007,THE UT MD ANDERSON CANCER CENTER,public,"sra,fastq,run.zq","s3,ncbi,gs","ncbi.public,gs.us-east1,s3.us-east-1",SRX3122008,Illumina HiSeq 4000,nuclei genome CNV 672,KTN129_0_33,SINGLE,RANDOM PCR,GENOMIC,Homo sapiens,ILLUMINA,2018-04-24T00:00:00Z,2017-08-23T19:35:00Z,1,KTN129_0_33,tumor,missing,SRP114962,KTN129,preTX,
SRR5964240,missing,WGS,48,201431232,Karalinska,PRJNA396019,SAMN07549856,Human,152192399,THE UT MD ANDERSON CANCER CENTER,public,"sra,run.zq,fastq","s3,ncbi,gs","s3.us-east-1,ncbi.public,gs.us-east1",SRX3122004,Illumina HiSeq 4000,nuclei genome CNV 508,KTN615_0_46,SINGLE,RANDOM PCR,GENOMIC,Homo sapiens,ILLUMINA,2018-04-24T00:00:00Z,2017-08-23T19:34:00Z,1,KTN615_0_46,tumor,missing,SRP114962,KTN615,preTX,
SRR5964245,missing,WGS,152,631679776,Karalinska,PRJNA396019,SAMN07550053,Human,239437526,THE UT MD ANDERSON CANCER CENTER,public,"fastq,sra,run.zq","gs,ncbi,s3","ncbi.public,s3.us-east-1,gs.us-east1",SRX3121999,Illumina HiSeq 4000,nuclei genome CNV 705,KTN129_OP_21,SINGLE,RANDOM PCR,GENOMIC,Homo sapiens,ILLUMINA,2018-04-24T00:00:00Z,2017-08-23T19:35:00Z,1,KTN129_OP_21,tumor,missing,SRP114962,KTN129,postTX,
SRR5964249,missing,WGS,152,853256712,Karalinska,PRJNA396019,SAMN07550049,Human,325873998,THE UT MD ANDERSON CANCER CENTER,public,"sra,fastq,run.zq","ncbi,s3,gs","gs.us-east1,ncbi.public,s3.us-east-1",SRX3121995,Illumina HiSeq 4000,nuclei genome CNV 701,KTN129_OP_18,SINGLE,RANDOM PCR,GENOMIC,Homo sapiens,ILLUMINA,2018-04-24T00:00:00Z,2017-08-23T19:39:00Z,1,KTN129_OP_18,tumor,missing,SRP114962,KTN129,postTX,
SRR5964253,missing,WGS,152,711331272,Karalinska,PRJNA396019,SAMN07550039,Human,268300206,THE UT MD ANDERSON CANCER CENTER,public,"fastq,run.zq,sra","gs,s3,ncbi","ncbi.public,gs.us-east1,s3.us-east-1",SRX3121991,Illumina HiSeq 4000,nuclei genome CNV 691,KTN129_0_08,SINGLE,RANDOM PCR,GENOMIC,Homo sapiens,ILLUMINA,2018-04-24T00:00:00Z,2017-08-23T19:38:00Z,1,KTN129_0_08,tumor,missing,SRP114962,KTN129,preTX,
SRR5964258,missing,WGS,152,834781568,Karalinska,PRJNA396019,SAMN07550044,Human,313044734,THE UT MD ANDERSON CANCER CENTER,public,"fastq,sra,run.zq","s3,gs,ncbi","gs.us-east1,ncbi.public,s3.us-east-1",SRX3121986,Illumina HiSeq 4000,nuclei genome CNV 696,KTN129_OP_13,SINGLE,RANDOM PCR,GENOMIC,Homo sapiens,ILLUMINA,2018-04-24T00:00:00Z,2017-08-23T19:38:00Z,1,KTN129_OP_13,tumor,missing,SRP114962,KTN129,postTX,
SRR5964262,missing,WGS,152,789696544,Karalinska,PRJNA396019,SAMN07550048,Human,291653954,THE UT MD ANDERSON CANCER CENTER,public,"fastq,run.zq,sra","s3,ncbi,gs","gs.us-east1,ncbi.public,s3.us-east-1",SRX3121982,Illumina HiSeq 4000,nuclei genome CNV 700,KTN129_OP_17,SINGLE,RANDOM PCR,GENOMIC,Homo sapiens,ILLUMINA,2018-04-24T00:00:00Z,2017-08-23T19:38:00Z,1,KTN129_OP_17,tumor,missing,SRP114962,KTN129,postTX,
SRR5964269,missing,WGS,48,57609600,Karalinska,PRJNA396019,SAMN07549858,Human,43503741,THE UT MD ANDERSON CANCER CENTER,public,"run.zq,fastq,sra","s3,ncbi,gs","gs.us-east1,s3.us-east-1,ncbi.public",SRX3121975,Illumina HiSeq 4000,nuclei genome CNV 510,KTN615_0_48,SINGLE,RANDOM PCR,GENOMIC,Homo sapiens,ILLUMINA,2018-04-24T00:00:00Z,2017-08-23T19:38:00Z,1,KTN615_0_48,tumor,missing,SRP114962,KTN615,preTX,
SRR5964272,missing,WGS,152,570158536,Karalinska,PRJNA396019,SAMN07550140,Human,218014173,THE UT MD ANDERSON CANCER CENTER,public,"fastq,sra,run.zq","s3,gs,ncbi","s3.us-east-1,ncbi.public,gs.us-east1",SRX3121972,Illumina HiSeq 4000,nuclei genome CNV 792,KTN302_2_17,SINGLE,RANDOM PCR,GENOMIC,Homo sapiens,ILLUMINA,2018-04-24T00:00:00Z,2017-08-23T19:40:00Z,1,KTN302_2_17,tumor,missing,SRP114962,KTN302,midTX,
SRR5964280,missing,WGS,152,588083896,Karalinska,PRJNA396019,SAMN07550016,Human,221794095,THE UT MD ANDERSON CANCER CENTER,public,"sra,run.zq,fastq","gs,ncbi,s3","gs.us-east1,s3.us-east-1,ncbi.public",SRX3121964,Illumina HiSeq 4000,nuclei genome CNV 668,KTN129_0_02,SINGLE,RANDOM PCR,GENOMIC,Homo sapiens,ILLUMINA,2018-04-24T00:00:00Z,2017-08-23T19:42:00Z,1,KTN129_0_02,tumor,missing,SRP114962,KTN129,preTX,
SRR5964285,missing,WGS,152,453284520,Karalinska,PRJNA396019,SAMN07550011,Human,169159600,THE UT MD ANDERSON CANCER CENTER,public,"run.zq,sra,fastq","gs,s3,ncbi","s3.us-east-1,ncbi.public,gs.us-east1",SRX3121959,Illumina HiSeq 4000,nuclei genome CNV 663,KTN129_0_24,SINGLE,RANDOM PCR,GENOMIC,Homo sapiens,ILLUMINA,2018-04-24T00:00:00Z,2017-08-23T19:42:00Z,1,KTN129_0_24,tumor,missing,SRP114962,KTN129,preTX,
SRR5964286,missing,WGS,152,388357872,Karalinska,PRJNA396019,SAMN07550163,Human,147614673,THE UT MD ANDERSON CANCER CENTER,public,"sra,fastq,run.zq","gs,s3,ncbi","ncbi.public,s3.us-east-1,gs.us-east1",SRX3121958,Illumina HiSeq 4000,nuclei genome CNV 815,KTN302_2_41,SINGLE,RANDOM PCR,GENOMIC,Homo sapiens,ILLUMINA,2018-04-24T00:00:00Z,2017-08-23T19:41:00Z,1,KTN302_2_41,tumor,missing,SRP114962,KTN302,midTX,
SRR5964292,missing,WGS,152,775240432,Karalinska,PRJNA396019,SAMN07550059,Human,293301009,THE UT MD ANDERSON CANCER CENTER,public,"run.zq,fastq,sra","ncbi,s3,gs","s3.us-east-1,ncbi.public,gs.us-east1",SRX3121952,Illumina HiSeq 4000,nuclei genome CNV 711,KTN129_OP_27,SINGLE,RANDOM PCR,GENOMIC,Homo sapiens,ILLUMINA,2018-04-24T00:00:00Z,2017-08-23T19:43:00Z,1,KTN129_OP_27,tumor,missing,SRP114962,KTN129,postTX,
SRR5964308,missing,WGS,48,112964592,Karalinska,PRJNA396019,SAMN07549865,Human,84817687,THE UT MD ANDERSON CANCER CENTER,public,"sra,run.zq,fastq","s3,gs,ncbi","s3.us-east-1,ncbi.public,gs.us-east1",SRX3121936,Illumina HiSeq 4000,nuclei genome CNV 517,KTN615_2_06,SINGLE,RANDOM PCR,GENOMIC,Homo sapiens,ILLUMINA,2018-04-24T00:00:00Z,2017-08-23T19:42:00Z,1,KTN615_2_06,tumor,missing,SRP114962,KTN615,midTX,
SRR5964309,missing,WGS,48,169028112,Karalinska,PRJNA396019,SAMN07549866,Human,126338255,THE UT MD ANDERSON CANCER CENTER,public,"run.zq,sra,fastq","s3,gs,ncbi","ncbi.public,s3.us-east-1,gs.us-east1",SRX3121935,Illumina HiSeq 4000,nuclei genome CNV 518,KTN615_2_07,SINGLE,RANDOM PCR,GENOMIC,Homo sapiens,ILLUMINA,2018-04-24T00:00:00Z,2017-08-23T19:42:00Z,1,KTN615_2_07,tumor,missing,SRP114962,KTN615,midTX,
SRR5964321,missing,WGS,152,464624480,Karalinska,PRJNA396019,SAMN07549965,Human,176334249,THE UT MD ANDERSON CANCER CENTER,public,"sra,run.zq,fastq","ncbi,s3,gs","s3.us-east-1,gs.us-east1,ncbi.public",SRX3121923,Illumina HiSeq 4000,nuclei genome CNV 617,KTN126_OP_25,SINGLE,RANDOM PCR,GENOMIC,Homo sapiens,ILLUMINA,2018-04-24T00:00:00Z,2017-08-23T19:45:00Z,1,KTN126_OP_25,tumor,missing,SRP114962,KTN126,postTX,
SRR5964328,missing,WGS,152,445533280,Karalinska,PRJNA396019,SAMN07550072,Human,167595533,THE UT MD ANDERSON CANCER CENTER,public,"run.zq,fastq,sra","gs,ncbi,s3","ncbi.public,s3.us-east-1,gs.us-east1",SRX3121916,Illumina HiSeq 4000,nuclei genome CNV 724,KTN129_OP_39,SINGLE,RANDOM PCR,GENOMIC,Homo sapiens,ILLUMINA,2018-04-24T00:00:00Z,2017-08-23T19:46:00Z,1,KTN129_OP_39,tumor,missing,SRP114962,KTN129,postTX,
SRR5964329,missing,WGS,152,1278115864,Karalinska,PRJNA396019,SAMN07550069,Human,480018641,THE UT MD ANDERSON CANCER CENTER,public,"sra,run.zq,fastq","s3,gs,ncbi","s3.us-east-1,ncbi.public,gs.us-east1",SRX3121915,Illumina HiSeq 4000,nuclei genome CNV 721,KTN129_OP_36,SINGLE,RANDOM PCR,GENOMIC,Homo sapiens,ILLUMINA,2018-04-24T00:00:00Z,2017-08-23T19:50:00Z,1,KTN129_OP_36,tumor,missing,SRP114962,KTN129,postTX,
SRR5964340,missing,WGS,48,190391760,Karalinska,PRJNA396019,SAMN07549869,Human,142273098,THE UT MD ANDERSON CANCER CENTER,public,"sra,fastq,run.zq","ncbi,s3,gs","s3.us-east-1,gs.us-east1,ncbi.public",SRX3121904,Illumina HiSeq 4000,nuclei genome CNV 521,KTN615_2_11,SINGLE,RANDOM PCR,GENOMIC,Homo sapiens,ILLUMINA,2018-04-24T00:00:00Z,2017-08-23T19:47:00Z,1,KTN615_2_11,tumor,missing,SRP114962,KTN615,midTX,
SRR5964341,missing,WGS,48,107006784,Karalinska,PRJNA396019,SAMN07549872,Human,80238491,THE UT MD ANDERSON CANCER CENTER,public,"fastq,run.zq,sra","gs,ncbi,s3","ncbi.public,gs.us-east1,s3.us-east-1",SRX3121903,Illumina HiSeq 4000,nuclei genome CNV 524,KTN615_2_14,SINGLE,RANDOM PCR,GENOMIC,Homo sapiens,ILLUMINA,2018-04-24T00:00:00Z,2017-08-23T19:47:00Z,1,KTN615_2_14,tumor,missing,SRP114962,KTN615,midTX,
SRR5964354,missing,WGS,152,1726163528,Karalinska,PRJNA396019,SAMN07549957,Human,655773855,THE UT MD ANDERSON CANCER CENTER,public,"run.zq,sra,fastq","gs,s3,ncbi","s3.us-east-1,gs.us-east1,ncbi.public",SRX3121890,Illumina HiSeq 4000,nuclei genome CNV 609,KTN126_OP_18,SINGLE,RANDOM PCR,GENOMIC,Homo sapiens,ILLUMINA,2018-04-24T00:00:00Z,2017-08-23T19:53:00Z,1,KTN126_OP_18,tumor,missing,SRP114962,KTN126,postTX,
SRR5964355,missing,WGS,152,489110616,Karalinska,PRJNA396019,SAMN07550084,Human,183665295,THE UT MD ANDERSON CANCER CENTER,public,"run.zq,sra,fastq","gs,ncbi,s3","s3.us-east-1,gs.us-east1,ncbi.public",SRX3121889,Illumina HiSeq 4000,nuclei genome CNV 736,KTN129_OP_08,SINGLE,RANDOM PCR,GENOMIC,Homo sapiens,ILLUMINA,2018-04-24T00:00:00Z,2017-08-23T19:50:00Z,1,KTN129_OP_08,tumor,missing,SRP114962,KTN129,postTX,
SRR5964366,missing,WGS,152,599695328,Karalinska,PRJNA396019,SAMN07550033,Human,223982109,THE UT MD ANDERSON CANCER CENTER,public,"run.zq,sra,fastq","ncbi,gs,s3","ncbi.public,gs.us-east1,s3.us-east-1",SRX3121878,Illumina HiSeq 4000,nuclei genome CNV 685,KTN129_0_46,SINGLE,RANDOM PCR,GENOMIC,Homo sapiens,ILLUMINA,2018-04-24T00:00:00Z,2017-08-23T19:51:00Z,1,KTN129_0_46,tumor,missing,SRP114962,KTN129,preTX,
SRR5964377,missing,WGS,48,147147984,Karalinska,PRJNA396019,SAMN07549884,Human,110124661,THE UT MD ANDERSON CANCER CENTER,public,"fastq,sra,run.zq","gs,s3,ncbi","gs.us-east1,s3.us-east-1,ncbi.public",SRX3121867,Illumina HiSeq 4000,nuclei genome CNV 536,KTN615_2_29,SINGLE,RANDOM PCR,GENOMIC,Homo sapiens,ILLUMINA,2018-04-24T00:00:00Z,2017-08-23T19:50:00Z,1,KTN615_2_29,tumor,missing,SRP114962,KTN615,midTX,
SRR5964378,missing,WGS,48,143761344,Karalinska,PRJNA396019,SAMN07549881,Human,107658762,THE UT MD ANDERSON CANCER CENTER,public,"run.zq,fastq,sra","ncbi,s3,gs","s3.us-east-1,gs.us-east1,ncbi.public",SRX3121866,Illumina HiSeq 4000,nuclei genome CNV 533,KTN615_2_26,SINGLE,RANDOM PCR,GENOMIC,Homo sapiens,ILLUMINA,2018-04-24T00:00:00Z,2017-08-23T19:51:00Z,1,KTN615_2_26,tumor,missing,SRP114962,KTN615,midTX,
SRR5964379,missing,WGS,48,121840848,Karalinska,PRJNA396019,SAMN07549882,Human,91299968,THE UT MD ANDERSON CANCER CENTER,public,"fastq,sra,run.zq","s3,ncbi,gs","s3.us-east-1,ncbi.public,gs.us-east1",SRX3121865,Illumina HiSeq 4000,nuclei genome CNV 534,KTN615_2_27,SINGLE,RANDOM PCR,GENOMIC,Homo sapiens,ILLUMINA,2018-04-24T00:00:00Z,2017-08-23T19:51:00Z,1,KTN615_2_27,tumor,missing,SRP114962,KTN615,midTX,
SRR5964380,missing,WGS,48,105673104,Karalinska,PRJNA396019,SAMN07549879,Human,79410430,THE UT MD ANDERSON CANCER CENTER,public,"sra,run.zq,fastq","gs,ncbi,s3","ncbi.public,gs.us-east1,s3.us-east-1",SRX3121864,Illumina HiSeq 4000,nuclei genome CNV 531,KTN615_2_24,SINGLE,RANDOM PCR,GENOMIC,Homo sapiens,ILLUMINA,2018-04-24T00:00:00Z,2017-08-23T19:51:00Z,1,KTN615_2_24,tumor,missing,SRP114962,KTN615,midTX,
SRR5964385,missing,WGS,152,906422360,Karalinska,PRJNA396019,SAMN07549981,Human,341013616,THE UT MD ANDERSON CANCER CENTER,public,"fastq,run.zq,sra","gs,s3,ncbi","s3.us-east-1,gs.us-east1,ncbi.public",SRX3121859,Illumina HiSeq 4000,nuclei genome CNV 633,KTN126_OP_41,SINGLE,RANDOM PCR,GENOMIC,Homo sapiens,ILLUMINA,2018-04-24T00:00:00Z,2017-08-23T19:54:00Z,1,KTN126_OP_41,tumor,missing,SRP114962,KTN126,postTX,
SRR5964386,missing,WGS,152,873609056,Karalinska,PRJNA396019,SAMN07549982,Human,336580912,THE UT MD ANDERSON CANCER CENTER,public,"sra,fastq,run.zq","gs,ncbi,s3","ncbi.public,s3.us-east-1,gs.us-east1",SRX3121858,Illumina HiSeq 4000,nuclei genome CNV 634,KTN126_OP_42,SINGLE,RANDOM PCR,GENOMIC,Homo sapiens,ILLUMINA,2018-04-24T00:00:00Z,2017-08-23T19:54:00Z,1,KTN126_OP_42,tumor,missing,SRP114962,KTN126,postTX,
SRR5964398,missing,WGS,152,504026376,Karalinska,PRJNA396019,SAMN07550090,Human,186174042,THE UT MD ANDERSON CANCER CENTER,public,"fastq,run.zq,sra","s3,gs,ncbi","s3.us-east-1,ncbi.public,gs.us-east1",SRX3121846,Illumina HiSeq 4000,nuclei genome CNV 742,KTN302_0_15,SINGLE,RANDOM PCR,GENOMIC,Homo sapiens,ILLUMINA,2018-04-24T00:00:00Z,2017-08-23T19:55:00Z,1,KTN302_0_15,tumor,missing,SRP114962,KTN302,preTX,
SRR5964399,missing,WGS,152,339229192,Karalinska,PRJNA396019,SAMN07550091,Human,129712036,THE UT MD ANDERSON CANCER CENTER,public,"sra,run.zq,fastq","gs,ncbi,s3","s3.us-east-1,gs.us-east1,ncbi.public",SRX3121845,Illumina HiSeq 4000,nuclei genome CNV 743,KTN302_0_16,SINGLE,RANDOM PCR,GENOMIC,Homo sapiens,ILLUMINA,2018-04-24T00:00:00Z,2017-08-23T19:54:00Z,1,KTN302_0_16,tumor,missing,SRP114962,KTN302,preTX,
SRR5964400,missing,WGS,152,522766304,Karalinska,PRJNA396019,SAMN07550092,Human,199670009,THE UT MD ANDERSON CANCER CENTER,public,"run.zq,fastq,sra","ncbi,gs,s3","gs.us-east1,s3.us-east-1,ncbi.public",SRX3121844,Illumina HiSeq 4000,nuclei genome CNV 744,KTN302_0_18,SINGLE,RANDOM PCR,GENOMIC,Homo sapiens,ILLUMINA,2018-04-24T00:00:00Z,2017-08-23T19:55:00Z,1,KTN302_0_18,tumor,missing,SRP114962,KTN302,preTX,
SRR5969304,missing,WGS,48,82058016,Karalinska,PRJNA396019,SAMN07553790,Human,55668969,THE UT MD ANDERSON CANCER CENTER,public,"sra,fastq,run.zq","ncbi,gs,s3","gs.us-east1,ncbi.public,s3.us-east-1",SRX3127005,Illumina HiSeq 4000,nuclei genome CNV 354,KTN152_0_38,SINGLE,RANDOM PCR,GENOMIC,Homo sapiens,ILLUMINA,2018-04-24T00:00:00Z,2017-08-24T11:33:00Z,1,KTN152_0_38,tumor,missing,SRP114962,KTN152,preTX,
SRR5969305,missing,WGS,48,113263440,Karalinska,PRJNA396019,SAMN07553789,Human,76307110,THE UT MD ANDERSON CANCER CENTER,public,"sra,fastq,run.zq","s3,gs,ncbi","s3.us-east-1,ncbi.public,gs.us-east1",SRX3127004,Illumina HiSeq 4000,nuclei genome CNV 353,KTN152_0_37,SINGLE,RANDOM PCR,GENOMIC,Homo sapiens,ILLUMINA,2018-04-24T00:00:00Z,2017-08-24T11:33:00Z,1,KTN152_0_37,tumor,missing,SRP114962,KTN152,preTX,
SRR5969306,missing,WGS,48,94355904,Karalinska,PRJNA396019,SAMN07553788,Human,63690218,THE UT MD ANDERSON CANCER CENTER,public,"run.zq,fastq,sra","s3,gs,ncbi","gs.us-east1,s3.us-east-1,ncbi.public",SRX3127003,Illumina HiSeq 4000,nuclei genome CNV 352,KTN152_0_36,SINGLE,RANDOM PCR,GENOMIC,Homo sapiens,ILLUMINA,2018-04-24T00:00:00Z,2017-08-24T11:33:00Z,1,KTN152_0_36,tumor,missing,SRP114962,KTN152,preTX,
SRR5969307,missing,WGS,48,108986736,Karalinska,PRJNA396019,SAMN07553787,Human,73456116,THE UT MD ANDERSON CANCER CENTER,public,"sra,fastq,run.zq","gs,ncbi,s3","gs.us-east1,ncbi.public,s3.us-east-1",SRX3127002,Illumina HiSeq 4000,nuclei genome CNV 351,KTN152_0_34,SINGLE,RANDOM PCR,GENOMIC,Homo sapiens,ILLUMINA,2018-04-24T00:00:00Z,2017-08-24T11:33:00Z,1,KTN152_0_34,tumor,missing,SRP114962,KTN152,preTX,
SRR5969310,missing,WGS,48,124769904,Karalinska,PRJNA396019,SAMN07553651,Human,95357773,THE UT MD ANDERSON CANCER CENTER,public,"sra,run.zq,fastq","ncbi,gs,s3","ncbi.public,gs.us-east1,s3.us-east-1",SRX3126999,Illumina HiSeq 4000,nuclei genome CNV 215,KTN102_OP_38,SINGLE,RANDOM PCR,GENOMIC,Homo sapiens,ILLUMINA,2018-04-24T00:00:00Z,2017-08-24T11:33:00Z,1,KTN102_OP_38,tumor,missing,SRP114962,KTN102,postTX,
SRR5969311,missing,WGS,48,134374224,Karalinska,PRJNA396019,SAMN07553652,Human,102778591,THE UT MD ANDERSON CANCER CENTER,public,"fastq,run.zq,sra","ncbi,s3,gs","ncbi.public,gs.us-east1,s3.us-east-1",SRX3126998,Illumina HiSeq 4000,nuclei genome CNV 216,KTN102_OP_39,SINGLE,RANDOM PCR,GENOMIC,Homo sapiens,ILLUMINA,2018-04-24T00:00:00Z,2017-08-24T11:33:00Z,1,KTN102_OP_39,tumor,missing,SRP114962,KTN102,postTX,
SRR5969312,missing,WGS,48,130431840,Karalinska,PRJNA396019,SAMN07553649,Human,99601836,THE UT MD ANDERSON CANCER CENTER,public,"sra,fastq,run.zq","gs,ncbi,s3","gs.us-east1,ncbi.public,s3.us-east-1",SRX3126997,Illumina HiSeq 4000,nuclei genome CNV 213,KTN102_OP_36,SINGLE,RANDOM PCR,GENOMIC,Homo sapiens,ILLUMINA,2018-04-24T00:00:00Z,2017-08-24T11:33:00Z,1,KTN102_OP_36,tumor,missing,SRP114962,KTN102,postTX,
SRR5969313,missing,WGS,48,132506496,Karalinska,PRJNA396019,SAMN07553650,Human,100492059,THE UT MD ANDERSON CANCER CENTER,public,"fastq,run.zq,sra","gs,ncbi,s3","s3.us-east-1,ncbi.public,gs.us-east1",SRX3126996,Illumina HiSeq 4000,nuclei genome CNV 214,KTN102_OP_37,SINGLE,RANDOM PCR,GENOMIC,Homo sapiens,ILLUMINA,2018-04-24T00:00:00Z,2017-08-24T11:33:00Z,1,KTN102_OP_37,tumor,missing,SRP114962,KTN102,postTX,
SRR5969314,missing,WGS,48,143046720,Karalinska,PRJNA396019,SAMN07553647,Human,109046416,THE UT MD ANDERSON CANCER CENTER,public,"fastq,sra,run.zq","ncbi,gs,s3","ncbi.public,gs.us-east1,s3.us-east-1",SRX3126995,Illumina HiSeq 4000,nuclei genome CNV 211,KTN102_OP_34,SINGLE,RANDOM PCR,GENOMIC,Homo sapiens,ILLUMINA,2018-04-24T00:00:00Z,2017-08-24T11:33:00Z,1,KTN102_OP_34,tumor,missing,SRP114962,KTN102,postTX,
SRR5969315,missing,WGS,48,182961696,Karalinska,PRJNA396019,SAMN07553648,Human,139381083,THE UT MD ANDERSON CANCER CENTER,public,"sra,run.zq,fastq","ncbi,s3,gs","s3.us-east-1,ncbi.public,gs.us-east1",SRX3126994,Illumina HiSeq 4000,nuclei genome CNV 212,KTN102_OP_35,SINGLE,RANDOM PCR,GENOMIC,Homo sapiens,ILLUMINA,2018-04-24T00:00:00Z,2017-08-24T11:33:00Z,1,KTN102_OP_35,tumor,missing,SRP114962,KTN102,postTX,
SRR5969320,missing,WGS,48,211301520,Karalinska,PRJNA396019,SAMN07553621,Human,158658665,THE UT MD ANDERSON CANCER CENTER,public,"run.zq,sra,fastq","ncbi,gs,s3","s3.us-east-1,gs.us-east1,ncbi.public",SRX3126989,Illumina HiSeq 4000,nuclei genome CNV 185,KTN102_OP_10,SINGLE,RANDOM PCR,GENOMIC,Homo sapiens,ILLUMINA,2018-04-24T00:00:00Z,2017-08-24T11:34:00Z,1,KTN102_OP_10,tumor,missing,SRP114962,KTN102,postTX,
SRR5969321,missing,WGS,48,172224240,Karalinska,PRJNA396019,SAMN07553622,Human,129501511,THE UT MD ANDERSON CANCER CENTER,public,"sra,fastq,run.zq","gs,ncbi,s3","gs.us-east1,s3.us-east-1,ncbi.public",SRX3126988,Illumina HiSeq 4000,nuclei genome CNV 186,KTN102_OP_11,SINGLE,RANDOM PCR,GENOMIC,Homo sapiens,ILLUMINA,2018-04-24T00:00:00Z,2017-08-24T11:34:00Z,1,KTN102_OP_11,tumor,missing,SRP114962,KTN102,postTX,
SRR5969322,missing,WGS,95,415976424,Karalinska,PRJNA396019,SAMN07553619,Human,91623431,THE UT MD ANDERSON CANCER CENTER,public,"run.zq,bam,sra","gs,s3,ncbi","ncbi.public,s3.us-east-1,gs.us-east1",SRX3126987,Illumina HiSeq 4000,nuclei genome CNV 183,KTN102_2_9_B2,SINGLE,RANDOM PCR,GENOMIC,Homo sapiens,ILLUMINA,2018-04-24T00:00:00Z,2017-08-24T11:34:00Z,1,KTN102_2_9_B2,tumor,missing,SRP114962,KTN102,midTX,GCA_000001405.13
SRR5969323,missing,WGS,48,191370720,Karalinska,PRJNA396019,SAMN07553620,Human,132843385,THE UT MD ANDERSON CANCER CENTER,public,"sra,run.zq,fastq","gs,ncbi,s3","ncbi.public,gs.us-east1,s3.us-east-1",SRX3126986,Illumina HiSeq 4000,nuclei genome CNV 184,KTN102_2_Pop,SINGLE,RANDOM PCR,GENOMIC,Homo sapiens,ILLUMINA,2018-04-24T00:00:00Z,2017-08-24T11:33:00Z,1,KTN102_2_Pop,tumor,missing,SRP114962,KTN102,midTX,
SRR5969324,missing,WGS,93,400315788,Karalinska,PRJNA396019,SAMN07553617,Human,89439499,THE UT MD ANDERSON CANCER CENTER,public,"run.zq,bam,sra","gs,ncbi,s3","gs.us-east1,ncbi.public,s3.us-east-1",SRX3126985,Illumina HiSeq 4000,nuclei genome CNV 181,KTN102_2_7_B2,SINGLE,RANDOM PCR,GENOMIC,Homo sapiens,ILLUMINA,2018-04-24T00:00:00Z,2017-08-24T11:35:00Z,1,KTN102_2_7_B2,tumor,missing,SRP114962,KTN102,midTX,GCA_000001405.13
SRR5969327,missing,WGS,48,131414208,Karalinska,PRJNA396019,SAMN07553626,Human,99465164,THE UT MD ANDERSON CANCER CENTER,public,"run.zq,sra,fastq","s3,gs,ncbi","s3.us-east-1,gs.us-east1,ncbi.public",SRX3126982,Illumina HiSeq 4000,nuclei genome CNV 190,KTN102_OP_15,SINGLE,RANDOM PCR,GENOMIC,Homo sapiens,ILLUMINA,2018-04-24T00:00:00Z,2017-08-24T11:33:00Z,1,KTN102_OP_15,tumor,missing,SRP114962,KTN102,postTX,
SRR5969328,missing,WGS,48,193735392,Karalinska,PRJNA396019,SAMN07553508,Human,146636126,THE UT MD ANDERSON CANCER CENTER,public,"fastq,run.zq,sra","ncbi,s3,gs","ncbi.public,s3.us-east-1,gs.us-east1",SRX3126981,Illumina HiSeq 4000,nuclei genome CNV 72,KTN102_0_45,SINGLE,RANDOM PCR,GENOMIC,Homo sapiens,ILLUMINA,2018-04-24T00:00:00Z,2017-08-24T11:34:00Z,1,KTN102_0_45,tumor,missing,SRP114962,KTN102,preTX,
SRR5969329,missing,WGS,93,284486240,Karalinska,PRJNA396019,SAMN07553507,Human,68146798,THE UT MD ANDERSON CANCER CENTER,public,"run.zq,bam,sra","s3,ncbi,gs","gs.us-east1,ncbi.public,s3.us-east-1",SRX3126980,Illumina HiSeq 4000,nuclei genome CNV 71,KTN102_0_45_B2,SINGLE,RANDOM PCR,GENOMIC,Homo sapiens,ILLUMINA,2018-04-24T00:00:00Z,2017-08-24T11:34:00Z,1,KTN102_0_45_B2,tumor,missing,SRP114962,KTN102,preTX,GCA_000001405.13
SRR5969330,missing,WGS,48,135532032,Karalinska,PRJNA396019,SAMN07553510,Human,102481721,THE UT MD ANDERSON CANCER CENTER,public,"sra,run.zq,fastq","gs,ncbi,s3","s3.us-east-1,ncbi.public,gs.us-east1",SRX3126979,Illumina HiSeq 4000,nuclei genome CNV 74,KTN102_0_46,SINGLE,RANDOM PCR,GENOMIC,Homo sapiens,ILLUMINA,2018-04-24T00:00:00Z,2017-08-24T11:33:00Z,1,KTN102_0_46,tumor,missing,SRP114962,KTN102,preTX,
SRR5969331,missing,WGS,92,264333472,Karalinska,PRJNA396019,SAMN07553509,Human,62728463,THE UT MD ANDERSON CANCER CENTER,public,"run.zq,sra,bam","s3,gs,ncbi","gs.us-east1,ncbi.public,s3.us-east-1",SRX3126978,Illumina HiSeq 4000,nuclei genome CNV 73,KTN102_0_46_B2,SINGLE,RANDOM PCR,GENOMIC,Homo sapiens,ILLUMINA,2018-04-24T00:00:00Z,2017-08-24T11:34:00Z,1,KTN102_0_46_B2,tumor,missing,SRP114962,KTN102,preTX,GCA_000001405.13
SRR5969335,missing,WGS,97,597627292,Karalinska,PRJNA396019,SAMN07553513,Human,129865047,THE UT MD ANDERSON CANCER CENTER,public,"sra,run.zq,bam","s3,gs,ncbi","ncbi.public,s3.us-east-1,gs.us-east1",SRX3126974,Illumina HiSeq 4000,nuclei genome CNV 77,KTN102_0_48_B2,SINGLE,RANDOM PCR,GENOMIC,Homo sapiens,ILLUMINA,2018-04-24T00:00:00Z,2017-08-24T11:35:00Z,1,KTN102_0_48_B2,tumor,missing,SRP114962,KTN102,preTX,GCA_000001405.13
SRR5969336,missing,WGS,48,103708944,Karalinska,PRJNA396019,SAMN07553516,Human,79268537,THE UT MD ANDERSON CANCER CENTER,public,"run.zq,fastq,sra","s3,ncbi,gs","gs.us-east1,ncbi.public,s3.us-east-1",SRX3126973,Illumina HiSeq 4000,nuclei genome CNV 80,KTN102_0_4,SINGLE,RANDOM PCR,GENOMIC,Homo sapiens,ILLUMINA,2018-04-24T00:00:00Z,2017-08-24T11:33:00Z,1,KTN102_0_4,tumor,missing,SRP114962,KTN102,preTX,
SRR5969337,missing,WGS,94,442018204,Karalinska,PRJNA396019,SAMN07553515,Human,100449219,THE UT MD ANDERSON CANCER CENTER,public,"sra,bam,run.zq","s3,gs,ncbi","ncbi.public,s3.us-east-1,gs.us-east1",SRX3126972,Illumina HiSeq 4000,nuclei genome CNV 79,KTN102_0_4_B2,SINGLE,RANDOM PCR,GENOMIC,Homo sapiens,ILLUMINA,2018-04-24T00:00:00Z,2017-08-24T11:35:00Z,1,KTN102_0_4_B2,tumor,missing,SRP114962,KTN102,preTX,GCA_000001405.13
SRR5969338,missing,WGS,48,153901872,Karalinska,PRJNA396019,SAMN07553536,Human,116107785,THE UT MD ANDERSON CANCER CENTER,public,"sra,fastq,run.zq","s3,gs,ncbi","s3.us-east-1,ncbi.public,gs.us-east1",SRX3126971,Illumina HiSeq 4000,nuclei genome CNV 100,KTN102_2_09,SINGLE,RANDOM PCR,GENOMIC,Homo sapiens,ILLUMINA,2018-04-24T00:00:00Z,2017-08-24T11:33:00Z,1,KTN102_2_09,tumor,missing,SRP114962,KTN102,midTX,
SRR5969339,missing,WGS,48,149353344,Karalinska,PRJNA396019,SAMN07553535,Human,112588646,THE UT MD ANDERSON CANCER CENTER,public,"fastq,sra,run.zq","gs,s3,ncbi","ncbi.public,s3.us-east-1,gs.us-east1",SRX3126970,Illumina HiSeq 4000,nuclei genome CNV 99,KTN102_2_08,SINGLE,RANDOM PCR,GENOMIC,Homo sapiens,ILLUMINA,2018-04-24T00:00:00Z,2017-08-24T11:33:00Z,1,KTN102_2_08,tumor,missing,SRP114962,KTN102,midTX,
SRR5969346,missing,WGS,48,118076976,Karalinska,PRJNA396019,SAMN07553528,Human,91180761,THE UT MD ANDERSON CANCER CENTER,public,"fastq,run.zq,sra","gs,ncbi,s3","s3.us-east-1,ncbi.public,gs.us-east1",SRX3126963,Illumina HiSeq 4000,nuclei genome CNV 92,KTN102_2_01,SINGLE,RANDOM PCR,GENOMIC,Homo sapiens,ILLUMINA,2018-04-24T00:00:00Z,2017-08-24T11:34:00Z,1,KTN102_2_01,tumor,missing,SRP114962,KTN102,midTX,
SRR5969347,missing,WGS,48,238867248,Karalinska,PRJNA396019,SAMN07553527,Human,165746649,THE UT MD ANDERSON CANCER CENTER,public,"run.zq,fastq,sra","gs,s3,ncbi","gs.us-east1,s3.us-east-1,ncbi.public",SRX3126962,Illumina HiSeq 4000,nuclei genome CNV 91,KTN102_0_Pop,SINGLE,RANDOM PCR,GENOMIC,Homo sapiens,ILLUMINA,2018-04-24T00:00:00Z,2017-08-24T11:34:00Z,1,KTN102_0_Pop,tumor,missing,SRP114962,KTN102,preTX,
SRR5969348,missing,WGS,48,789168,Karalinska,PRJNA396019,SAMN07553675,Human,615703,THE UT MD ANDERSON CANCER CENTER,public,"sra,fastq,run.zq","s3,gs,ncbi","s3.us-east-1,ncbi.public,gs.us-east1",SRX3126961,Illumina HiSeq 4000,nuclei genome CNV 239,KTN132_0_16,SINGLE,RANDOM PCR,GENOMIC,Homo sapiens,ILLUMINA,2018-04-24T00:00:00Z,2017-08-24T11:33:00Z,1,KTN132_0_16,tumor,missing,SRP114962,KTN132,preTX,
SRR5969349,missing,WGS,93,235493524,Karalinska,PRJNA396019,SAMN07553614,Human,54642201,THE UT MD ANDERSON CANCER CENTER,public,"run.zq,bam,sra","ncbi,gs,s3","ncbi.public,s3.us-east-1,gs.us-east1",SRX3126960,Illumina HiSeq 4000,nuclei genome CNV 178,KTN102_2_4_B2,SINGLE,RANDOM PCR,GENOMIC,Homo sapiens,ILLUMINA,2018-04-24T00:00:00Z,2017-08-24T11:34:00Z,1,KTN102_2_4_B2,tumor,missing,SRP114962,KTN102,midTX,GCA_000001405.13
SRR5969350,missing,WGS,93,476210984,Karalinska,PRJNA396019,SAMN07553613,Human,99382364,THE UT MD ANDERSON CANCER CENTER,public,"run.zq,sra,bam","ncbi,s3,gs","ncbi.public,s3.us-east-1,gs.us-east1",SRX3126959,Illumina HiSeq 4000,nuclei genome CNV 177,KTN102_2_48_B2,SINGLE,RANDOM PCR,GENOMIC,Homo sapiens,ILLUMINA,2018-04-24T00:00:00Z,2017-08-24T11:35:00Z,1,KTN102_2_48_B2,tumor,missing,SRP114962,KTN102,midTX,GCA_000001405.13
SRR5969351,missing,WGS,48,147738768,Karalinska,PRJNA396019,SAMN07553612,Human,111616110,THE UT MD ANDERSON CANCER CENTER,public,"run.zq,sra,fastq","gs,s3,ncbi","s3.us-east-1,ncbi.public,gs.us-east1",SRX3126958,Illumina HiSeq 4000,nuclei genome CNV 176,KTN102_2_47,SINGLE,RANDOM PCR,GENOMIC,Homo sapiens,ILLUMINA,2018-04-24T00:00:00Z,2017-08-24T11:34:00Z,1,KTN102_2_47,tumor,missing,SRP114962,KTN102,midTX,
SRR5969357,missing,WGS,92,170368972,Karalinska,PRJNA396019,SAMN07553616,Human,41341450,THE UT MD ANDERSON CANCER CENTER,public,"sra,run.zq,bam","gs,s3,ncbi","s3.us-east-1,gs.us-east1,ncbi.public",SRX3126952,Illumina HiSeq 4000,nuclei genome CNV 180,KTN102_2_6_B2,SINGLE,RANDOM PCR,GENOMIC,Homo sapiens,ILLUMINA,2018-04-24T00:00:00Z,2017-08-24T11:34:00Z,1,KTN102_2_6_B2,tumor,missing,SRP114962,KTN102,midTX,GCA_000001405.13
SRR5969358,missing,WGS,97,336114636,Karalinska,PRJNA396019,SAMN07553615,Human,73503286,THE UT MD ANDERSON CANCER CENTER,public,"sra,bam,run.zq","s3,gs,ncbi","s3.us-east-1,ncbi.public,gs.us-east1",SRX3126951,Illumina HiSeq 4000,nuclei genome CNV 179,KTN102_2_5_B2,SINGLE,RANDOM PCR,GENOMIC,Homo sapiens,ILLUMINA,2018-04-24T00:00:00Z,2017-08-24T11:35:00Z,1,KTN102_2_5_B2,tumor,missing,SRP114962,KTN102,midTX,GCA_000001405.13
SRR5969363,missing,WGS,48,149203872,Karalinska,PRJNA396019,SAMN07553668,Human,104217633,THE UT MD ANDERSON CANCER CENTER,public,"fastq,sra,run.zq","gs,s3,ncbi","s3.us-east-1,gs.us-east1,ncbi.public",SRX3126946,Illumina HiSeq 4000,nuclei genome CNV 232,KTN102_OP_Pop,SINGLE,RANDOM PCR,GENOMIC,Homo sapiens,ILLUMINA,2018-04-24T00:00:00Z,2017-08-24T11:34:00Z,1,KTN102_OP_Pop,tumor,missing,SRP114962,KTN102,postTX,
SRR5969364,missing,WGS,48,126586560,Karalinska,PRJNA396019,SAMN07553908,Human,95527374,THE UT MD ANDERSON CANCER CENTER,public,"sra,fastq,run.zq","ncbi,s3,gs","s3.us-east-1,ncbi.public,gs.us-east1",SRX3126945,Illumina HiSeq 4000,nuclei genome CNV 472,KTN615_0_09,SINGLE,RANDOM PCR,GENOMIC,Homo sapiens,ILLUMINA,2018-04-24T00:00:00Z,2017-08-24T11:34:00Z,1,KTN615_0_09,tumor,missing,SRP114962,KTN615,preTX,
SRR5969386,missing,WGS,48,118200432,Karalinska,PRJNA396019,SAMN07553692,Human,83166319,THE UT MD ANDERSON CANCER CENTER,public,"run.zq,fastq,sra","s3,ncbi,gs","s3.us-east-1,gs.us-east1,ncbi.public",SRX3126923,Illumina HiSeq 4000,nuclei genome CNV 256,KTN132_0_32,SINGLE,RANDOM PCR,GENOMIC,Homo sapiens,ILLUMINA,2018-04-24T00:00:00Z,2017-08-24T11:34:00Z,1,KTN132_0_32,tumor,missing,SRP114962,KTN132,preTX,
SRR5969390,missing,WGS,48,117650160,Karalinska,PRJNA396019,SAMN07553932,Human,89001654,THE UT MD ANDERSON CANCER CENTER,public,"run.zq,fastq,sra","s3,gs,ncbi","s3.us-east-1,gs.us-east1,ncbi.public",SRX3126919,Illumina HiSeq 4000,nuclei genome CNV 496,KTN615_0_33,SINGLE,RANDOM PCR,GENOMIC,Homo sapiens,ILLUMINA,2018-04-24T00:00:00Z,2017-08-24T11:34:00Z,1,KTN615_0_33,tumor,missing,SRP114962,KTN615,preTX,
SRR5969391,missing,WGS,48,132826368,Karalinska,PRJNA396019,SAMN07553933,Human,100286672,THE UT MD ANDERSON CANCER CENTER,public,"fastq,sra,run.zq","s3,ncbi,gs","gs.us-east1,s3.us-east-1,ncbi.public",SRX3126918,Illumina HiSeq 4000,nuclei genome CNV 497,KTN615_0_34,SINGLE,RANDOM PCR,GENOMIC,Homo sapiens,ILLUMINA,2018-04-24T00:00:00Z,2017-08-24T11:34:00Z,1,KTN615_0_34,tumor,missing,SRP114962,KTN615,preTX,
SRR5969392,missing,WGS,48,96015312,Karalinska,PRJNA396019,SAMN07553934,Human,72345110,THE UT MD ANDERSON CANCER CENTER,public,"sra,fastq,run.zq","ncbi,gs,s3","s3.us-east-1,gs.us-east1,ncbi.public",SRX3126917,Illumina HiSeq 4000,nuclei genome CNV 498,KTN615_0_36,SINGLE,RANDOM PCR,GENOMIC,Homo sapiens,ILLUMINA,2018-04-24T00:00:00Z,2017-08-24T11:34:00Z,1,KTN615_0_36,tumor,missing,SRP114962,KTN615,preTX,
SRR5969397,missing,WGS,48,83805408,Karalinska,PRJNA396019,SAMN07553763,Human,56983953,THE UT MD ANDERSON CANCER CENTER,public,"sra,fastq,run.zq","gs,s3,ncbi","gs.us-east1,s3.us-east-1,ncbi.public",SRX3126912,Illumina HiSeq 4000,nuclei genome CNV 327,KTN152_0_11,SINGLE,RANDOM PCR,GENOMIC,Homo sapiens,ILLUMINA,2018-04-24T00:00:00Z,2017-08-24T11:34:00Z,1,KTN152_0_11,tumor,missing,SRP114962,KTN152,preTX,
SRR5969398,missing,WGS,48,38418720,Karalinska,PRJNA396019,SAMN07553764,Human,26036600,THE UT MD ANDERSON CANCER CENTER,public,"sra,fastq,run.zq","gs,ncbi,s3","ncbi.public,gs.us-east1,s3.us-east-1",SRX3126911,Illumina HiSeq 4000,nuclei genome CNV 328,KTN152_0_12,SINGLE,RANDOM PCR,GENOMIC,Homo sapiens,ILLUMINA,2018-04-24T00:00:00Z,2017-08-24T11:34:00Z,1,KTN152_0_12,tumor,missing,SRP114962,KTN152,preTX,
SRR5969399,missing,WGS,48,66658896,Karalinska,PRJNA396019,SAMN07553761,Human,45838056,THE UT MD ANDERSON CANCER CENTER,public,"run.zq,fastq,sra","ncbi,s3,gs","s3.us-east-1,ncbi.public,gs.us-east1",SRX3126910,Illumina HiSeq 4000,nuclei genome CNV 325,KTN132_2_Pop2,SINGLE,RANDOM PCR,GENOMIC,Homo sapiens,ILLUMINA,2018-04-24T00:00:00Z,2017-08-24T11:34:00Z,1,KTN132_2_Pop2,tumor,missing,SRP114962,KTN132,midTX,
SRR5969406,missing,WGS,48,97894656,Karalinska,PRJNA396019,SAMN07553766,Human,66090262,THE UT MD ANDERSON CANCER CENTER,public,"fastq,run.zq,sra","s3,gs,ncbi","s3.us-east-1,ncbi.public,gs.us-east1",SRX3126903,Illumina HiSeq 4000,nuclei genome CNV 330,KTN152_0_14,SINGLE,RANDOM PCR,GENOMIC,Homo sapiens,ILLUMINA,2018-04-24T00:00:00Z,2017-08-24T11:34:00Z,1,KTN152_0_14,tumor,missing,SRP114962,KTN152,preTX,
SRR5969407,missing,WGS,48,61825920,Karalinska,PRJNA396019,SAMN07553836,Human,43611519,THE UT MD ANDERSON CANCER CENTER,public,"sra,fastq,run.zq","s3,gs,ncbi","ncbi.public,gs.us-east1,s3.us-east-1",SRX3126902,Illumina HiSeq 4000,nuclei genome CNV 400,KTN152_2_35,SINGLE,RANDOM PCR,GENOMIC,Homo sapiens,ILLUMINA,2018-04-24T00:00:00Z,2017-08-24T11:34:00Z,1,KTN152_2_35,tumor,missing,SRP114962,KTN152,midTX,
SRR5969423,missing,WGS,104,181124264,Karalinska,PRJNA396019,SAMN07553541,Human,40810997,THE UT MD ANDERSON CANCER CENTER,public,"bam,sra,run.zq","ncbi,gs,s3","s3.us-east-1,ncbi.public,gs.us-east1",SRX3126886,Illumina HiSeq 4000,nuclei genome CNV 105,KTN102_2_12_B2,SINGLE,RANDOM PCR,GENOMIC,Homo sapiens,ILLUMINA,2018-04-24T00:00:00Z,2017-08-24T11:35:00Z,1,KTN102_2_12_B2,tumor,missing,SRP114962,KTN102,midTX,GCA_000001405.13
SRR5969424,missing,WGS,48,137992272,Karalinska,PRJNA396019,SAMN07553542,Human,103913136,THE UT MD ANDERSON CANCER CENTER,public,"run.zq,fastq,sra","s3,ncbi,gs","ncbi.public,gs.us-east1,s3.us-east-1",SRX3126885,Illumina HiSeq 4000,nuclei genome CNV 106,KTN102_2_12,SINGLE,RANDOM PCR,GENOMIC,Homo sapiens,ILLUMINA,2018-04-24T00:00:00Z,2017-08-24T11:34:00Z,1,KTN102_2_12,tumor,missing,SRP114962,KTN102,midTX,
SRR5969425,missing,WGS,94,432699616,Karalinska,PRJNA396019,SAMN07553539,Human,93612610,THE UT MD ANDERSON CANCER CENTER,public,"bam,sra,run.zq","gs,s3,ncbi","s3.us-east-1,gs.us-east1,ncbi.public",SRX3126884,Illumina HiSeq 4000,nuclei genome CNV 103,KTN102_2_11_B2,SINGLE,RANDOM PCR,GENOMIC,Homo sapiens,ILLUMINA,2018-04-24T00:00:00Z,2017-08-24T11:35:00Z,1,KTN102_2_11_B2,tumor,missing,SRP114962,KTN102,midTX,GCA_000001405.13
SRR5969426,missing,WGS,48,181327296,Karalinska,PRJNA396019,SAMN07553540,Human,137105502,THE UT MD ANDERSON CANCER CENTER,public,"run.zq,sra,fastq","s3,ncbi,gs","gs.us-east1,ncbi.public,s3.us-east-1",SRX3126883,Illumina HiSeq 4000,nuclei genome CNV 104,KTN102_2_11,SINGLE,RANDOM PCR,GENOMIC,Homo sapiens,ILLUMINA,2018-04-24T00:00:00Z,2017-08-24T11:34:00Z,1,KTN102_2_11,tumor,missing,SRP114962,KTN102,midTX,
SRR5969427,missing,WGS,94,380657552,Karalinska,PRJNA396019,SAMN07553537,Human,82712718,THE UT MD ANDERSON CANCER CENTER,public,"run.zq,sra,bam","s3,ncbi,gs","gs.us-east1,s3.us-east-1,ncbi.public",SRX3126882,Illumina HiSeq 4000,nuclei genome CNV 101,KTN102_2_10_B2,SINGLE,RANDOM PCR,GENOMIC,Homo sapiens,ILLUMINA,2018-04-24T00:00:00Z,2017-08-24T11:35:00Z,1,KTN102_2_10_B2,tumor,missing,SRP114962,KTN102,midTX,GCA_000001405.13
SRR5969428,missing,WGS,48,184346448,Karalinska,PRJNA396019,SAMN07553538,Human,139356818,THE UT MD ANDERSON CANCER CENTER,public,"sra,fastq,run.zq","gs,s3,ncbi","gs.us-east1,s3.us-east-1,ncbi.public",SRX3126881,Illumina HiSeq 4000,nuclei genome CNV 102,KTN102_2_10,SINGLE,RANDOM PCR,GENOMIC,Homo sapiens,ILLUMINA,2018-04-24T00:00:00Z,2017-08-24T11:34:00Z,1,KTN102_2_10,tumor,missing,SRP114962,KTN102,midTX,
SRR5969429,missing,WGS,48,65266800,Karalinska,PRJNA396019,SAMN07553866,Human,43659072,THE UT MD ANDERSON CANCER CENTER,public,"fastq,sra,run.zq","gs,s3,ncbi","s3.us-east-1,gs.us-east1,ncbi.public",SRX3126880,Illumina HiSeq 4000,nuclei genome CNV 430,KTN152_OP_22,SINGLE,RANDOM PCR,GENOMIC,Homo sapiens,ILLUMINA,2018-04-24T00:00:00Z,2017-08-24T11:34:00Z,1,KTN152_OP_22,tumor,missing,SRP114962,KTN152,postTX,
SRR5969430,missing,WGS,48,843744,Karalinska,PRJNA396019,SAMN07553865,Human,611661,THE UT MD ANDERSON CANCER CENTER,public,"fastq,run.zq,sra","s3,gs,ncbi","s3.us-east-1,gs.us-east1,ncbi.public",SRX3126879,Illumina HiSeq 4000,nuclei genome CNV 429,KTN152_OP_21,SINGLE,RANDOM PCR,GENOMIC,Homo sapiens,ILLUMINA,2018-04-24T00:00:00Z,2017-08-24T11:34:00Z,1,KTN152_OP_21,tumor,missing,SRP114962,KTN152,postTX,
SRR5969469,missing,WGS,48,131373936,Karalinska,PRJNA396019,SAMN07553735,Human,92767494,THE UT MD ANDERSON CANCER CENTER,public,"sra,run.zq,fastq","gs,ncbi,s3","s3.us-east-1,gs.us-east1,ncbi.public",SRX3126840,Illumina HiSeq 4000,nuclei genome CNV 299,KTN132_2_71,SINGLE,RANDOM PCR,GENOMIC,Homo sapiens,ILLUMINA,2018-04-24T00:00:00Z,2017-08-24T11:35:00Z,1,KTN132_2_71,tumor,missing,SRP114962,KTN132,midTX,
SRR5969470,missing,WGS,48,156145632,Karalinska,PRJNA396019,SAMN07553736,Human,110121092,THE UT MD ANDERSON CANCER CENTER,public,"sra,run.zq,fastq","s3,ncbi,gs","ncbi.public,s3.us-east-1,gs.us-east1",SRX3126839,Illumina HiSeq 4000,nuclei genome CNV 300,KTN132_2_72,SINGLE,RANDOM PCR,GENOMIC,Homo sapiens,ILLUMINA,2018-04-24T00:00:00Z,2017-08-24T11:35:00Z,1,KTN132_2_72,tumor,missing,SRP114962,KTN132,midTX,
SRR5969471,missing,WGS,48,142931808,Karalinska,PRJNA396019,SAMN07553733,Human,100765941,THE UT MD ANDERSON CANCER CENTER,public,"fastq,sra,run.zq","s3,ncbi,gs","gs.us-east1,s3.us-east-1,ncbi.public",SRX3126838,Illumina HiSeq 4000,nuclei genome CNV 297,KTN132_2_69,SINGLE,RANDOM PCR,GENOMIC,Homo sapiens,ILLUMINA,2018-04-24T00:00:00Z,2017-08-24T11:35:00Z,1,KTN132_2_69,tumor,missing,SRP114962,KTN132,midTX,
SRR5969472,missing,WGS,48,127144848,Karalinska,PRJNA396019,SAMN07553734,Human,89578494,THE UT MD ANDERSON CANCER CENTER,public,"fastq,run.zq,sra","gs,ncbi,s3","gs.us-east1,ncbi.public,s3.us-east-1",SRX3126837,Illumina HiSeq 4000,nuclei genome CNV 298,KTN132_2_70,SINGLE,RANDOM PCR,GENOMIC,Homo sapiens,ILLUMINA,2018-04-24T00:00:00Z,2017-08-24T11:35:00Z,1,KTN132_2_70,tumor,missing,SRP114962,KTN132,midTX,
SRR5969473,missing,WGS,48,116815584,Karalinska,PRJNA396019,SAMN07553731,Human,82353048,THE UT MD ANDERSON CANCER CENTER,public,"sra,run.zq,fastq","ncbi,gs,s3","ncbi.public,gs.us-east1,s3.us-east-1",SRX3126836,Illumina HiSeq 4000,nuclei genome CNV 295,KTN132_2_67,SINGLE,RANDOM PCR,GENOMIC,Homo sapiens,ILLUMINA,2018-04-24T00:00:00Z,2017-08-24T11:35:00Z,1,KTN132_2_67,tumor,missing,SRP114962,KTN132,midTX,
SRR5969474,missing,WGS,48,151115040,Karalinska,PRJNA396019,SAMN07553732,Human,106927712,THE UT MD ANDERSON CANCER CENTER,public,"fastq,run.zq,sra","gs,ncbi,s3","s3.us-east-1,ncbi.public,gs.us-east1",SRX3126835,Illumina HiSeq 4000,nuclei genome CNV 296,KTN132_2_68,SINGLE,RANDOM PCR,GENOMIC,Homo sapiens,ILLUMINA,2018-04-24T00:00:00Z,2017-08-24T11:35:00Z,1,KTN132_2_68,tumor,missing,SRP114962,KTN132,midTX,
SRR5969475,missing,WGS,48,119821344,Karalinska,PRJNA396019,SAMN07553729,Human,84477417,THE UT MD ANDERSON CANCER CENTER,public,"fastq,run.zq,sra","gs,ncbi,s3","ncbi.public,s3.us-east-1,gs.us-east1",SRX3126834,Illumina HiSeq 4000,nuclei genome CNV 293,KTN132_2_64,SINGLE,RANDOM PCR,GENOMIC,Homo sapiens,ILLUMINA,2018-04-24T00:00:00Z,2017-08-24T11:35:00Z,1,KTN132_2_64,tumor,missing,SRP114962,KTN132,midTX,
SRR5969476,missing,WGS,48,128717616,Karalinska,PRJNA396019,SAMN07553730,Human,90736674,THE UT MD ANDERSON CANCER CENTER,public,"fastq,run.zq,sra","gs,s3,ncbi","s3.us-east-1,ncbi.public,gs.us-east1",SRX3126833,Illumina HiSeq 4000,nuclei genome CNV 294,KTN132_2_66,SINGLE,RANDOM PCR,GENOMIC,Homo sapiens,ILLUMINA,2018-04-24T00:00:00Z,2017-08-24T11:35:00Z,1,KTN132_2_66,tumor,missing,SRP114962,KTN132,midTX,
SRR5969477,missing,WGS,48,125590512,Karalinska,PRJNA396019,SAMN07553727,Human,88694928,THE UT MD ANDERSON CANCER CENTER,public,"sra,fastq,run.zq","ncbi,s3,gs","ncbi.public,gs.us-east1,s3.us-east-1",SRX3126832,Illumina HiSeq 4000,nuclei genome CNV 291,KTN132_2_62,SINGLE,RANDOM PCR,GENOMIC,Homo sapiens,ILLUMINA,2018-04-24T00:00:00Z,2017-08-24T11:35:00Z,1,KTN132_2_62,tumor,missing,SRP114962,KTN132,midTX,
SRR5969478,missing,WGS,48,141747264,Karalinska,PRJNA396019,SAMN07553728,Human,100228644,THE UT MD ANDERSON CANCER CENTER,public,"fastq,run.zq,sra","s3,ncbi,gs","s3.us-east-1,gs.us-east1,ncbi.public",SRX3126831,Illumina HiSeq 4000,nuclei genome CNV 292,KTN132_2_63,SINGLE,RANDOM PCR,GENOMIC,Homo sapiens,ILLUMINA,2018-04-24T00:00:00Z,2017-08-24T11:35:00Z,1,KTN132_2_63,tumor,missing,SRP114962,KTN132,midTX,
SRR5969482,missing,WGS,48,125664288,Karalinska,PRJNA396019,SAMN07553497,Human,95345906,THE UT MD ANDERSON CANCER CENTER,public,"fastq,run.zq,sra","ncbi,gs,s3","ncbi.public,s3.us-east-1,gs.us-east1",SRX3126827,Illumina HiSeq 4000,nuclei genome CNV 61,KTN102_0_3,SINGLE,RANDOM PCR,GENOMIC,Homo sapiens,ILLUMINA,2018-04-24T00:00:00Z,2017-08-24T11:35:00Z,1,KTN102_0_3,tumor,missing,SRP114962,KTN102,preTX,
SRR5969491,missing,WGS,96,382995084,Karalinska,PRJNA396019,SAMN07553525,Human,87304624,THE UT MD ANDERSON CANCER CENTER,public,"bam,run.zq,sra","gs,ncbi,s3","s3.us-east-1,gs.us-east1,ncbi.public",SRX3126818,Illumina HiSeq 4000,nuclei genome CNV 89,KTN102_0_9_B2,SINGLE,RANDOM PCR,GENOMIC,Homo sapiens,ILLUMINA,2018-04-24T00:00:00Z,2017-08-24T11:36:00Z,1,KTN102_0_9_B2,tumor,missing,SRP114962,KTN102,preTX,GCA_000001405.13
SRR5969492,missing,WGS,48,125251008,Karalinska,PRJNA396019,SAMN07553526,Human,95084439,THE UT MD ANDERSON CANCER CENTER,public,"sra,run.zq,fastq","s3,ncbi,gs","gs.us-east1,ncbi.public,s3.us-east-1",SRX3126817,Illumina HiSeq 4000,nuclei genome CNV 90,KTN102_0_9,SINGLE,RANDOM PCR,GENOMIC,Homo sapiens,ILLUMINA,2018-04-24T00:00:00Z,2017-08-24T11:35:00Z,1,KTN102_0_9,tumor,missing,SRP114962,KTN102,preTX,
SRR5969497,missing,WGS,48,88801248,Karalinska,PRJNA396019,SAMN07553520,Human,69382667,THE UT MD ANDERSON CANCER CENTER,public,"fastq,run.zq,sra","gs,s3,ncbi","gs.us-east1,s3.us-east-1,ncbi.public",SRX3126812,Illumina HiSeq 4000,nuclei genome CNV 84,KTN102_0_6,SINGLE,RANDOM PCR,GENOMIC,Homo sapiens,ILLUMINA,2018-04-24T00:00:00Z,2017-08-24T11:35:00Z,1,KTN102_0_6,tumor,missing,SRP114962,KTN102,preTX,
SRR5969498,missing,WGS,97,655209452,Karalinska,PRJNA396019,SAMN07553521,Human,144639855,THE UT MD ANDERSON CANCER CENTER,public,"run.zq,sra,bam","s3,ncbi,gs","s3.us-east-1,ncbi.public,gs.us-east1",SRX3126811,Illumina HiSeq 4000,nuclei genome CNV 85,KTN102_0_7_B2,SINGLE,RANDOM PCR,GENOMIC,Homo sapiens,ILLUMINA,2018-04-24T00:00:00Z,2017-08-24T11:37:00Z,1,KTN102_0_7_B2,tumor,missing,SRP114962,KTN102,preTX,GCA_000001405.13
SRR5969499,missing,WGS,48,110153760,Karalinska,PRJNA396019,SAMN07553522,Human,83942533,THE UT MD ANDERSON CANCER CENTER,public,"fastq,sra,run.zq","s3,ncbi,gs","s3.us-east-1,gs.us-east1,ncbi.public",SRX3126810,Illumina HiSeq 4000,nuclei genome CNV 86,KTN102_0_7,SINGLE,RANDOM PCR,GENOMIC,Homo sapiens,ILLUMINA,2018-04-24T00:00:00Z,2017-08-24T11:35:00Z,1,KTN102_0_7,tumor,missing,SRP114962,KTN102,preTX,
SRR5969509,missing,WGS,48,155791920,Karalinska,PRJNA396019,SAMN07553454,Human,118867264,THE UT MD ANDERSON CANCER CENTER,public,"run.zq,fastq,sra","ncbi,gs,s3","ncbi.public,s3.us-east-1,gs.us-east1",SRX3126800,Illumina HiSeq 4000,nuclei genome CNV 18,KTN102_0_19,SINGLE,RANDOM PCR,GENOMIC,Homo sapiens,ILLUMINA,2018-04-24T00:00:00Z,2017-08-24T11:35:00Z,1,KTN102_0_19,tumor,missing,SRP114962,KTN102,preTX,
SRR5969510,missing,WGS,95,228205808,Karalinska,PRJNA396019,SAMN07553453,Human,54727635,THE UT MD ANDERSON CANCER CENTER,public,"run.zq,bam,sra","s3,gs,ncbi","s3.us-east-1,ncbi.public,gs.us-east1",SRX3126799,Illumina HiSeq 4000,nuclei genome CNV 17,KTN102_0_19_B2,SINGLE,RANDOM PCR,GENOMIC,Homo sapiens,ILLUMINA,2018-04-24T00:00:00Z,2017-08-24T11:36:00Z,1,KTN102_0_19_B2,tumor,missing,SRP114962,KTN102,preTX,GCA_000001405.13
SRR5969516,missing,WGS,93,315398176,Karalinska,PRJNA396019,SAMN07553447,Human,75883221,THE UT MD ANDERSON CANCER CENTER,public,"run.zq,bam,sra","ncbi,gs,s3","ncbi.public,gs.us-east1,s3.us-east-1",SRX3126793,Illumina HiSeq 4000,nuclei genome CNV 11,KTN102_0_16_B2,SINGLE,RANDOM PCR,GENOMIC,Homo sapiens,ILLUMINA,2018-04-24T00:00:00Z,2017-08-24T11:36:00Z,1,KTN102_0_16_B2,tumor,missing,SRP114962,KTN102,preTX,GCA_000001405.13
SRR5969517,missing,WGS,91,157207140,Karalinska,PRJNA396019,SAMN07553456,Human,38322055,THE UT MD ANDERSON CANCER CENTER,public,"bam,sra,run.zq","ncbi,s3,gs","s3.us-east-1,ncbi.public,gs.us-east1",SRX3126792,Illumina HiSeq 4000,nuclei genome CNV 20,KTN102_0_20_B2,SINGLE,RANDOM PCR,GENOMIC,Homo sapiens,ILLUMINA,2018-04-24T00:00:00Z,2017-08-24T11:35:00Z,1,KTN102_0_20_B2,tumor,missing,SRP114962,KTN102,preTX,GCA_000001405.13
SRR5969518,missing,WGS,98,449842176,Karalinska,PRJNA396019,SAMN07553455,Human,97109632,THE UT MD ANDERSON CANCER CENTER,public,"sra,bam,run.zq","ncbi,gs,s3","gs.us-east1,s3.us-east-1,ncbi.public",SRX3126791,Illumina HiSeq 4000,nuclei genome CNV 19,KTN102_0_1_B2,SINGLE,RANDOM PCR,GENOMIC,Homo sapiens,ILLUMINA,2018-04-24T00:00:00Z,2017-08-24T11:36:00Z,1,KTN102_0_1_B2,tumor,missing,SRP114962,KTN102,preTX,GCA_000001405.13
SRR5969519,missing,WGS,48,95697456,Karalinska,PRJNA396019,SAMN07553579,Human,74072356,THE UT MD ANDERSON CANCER CENTER,public,"fastq,run.zq,sra","gs,ncbi,s3","ncbi.public,gs.us-east1,s3.us-east-1",SRX3126790,Illumina HiSeq 4000,nuclei genome CNV 143,KTN102_2_31,SINGLE,RANDOM PCR,GENOMIC,Homo sapiens,ILLUMINA,2018-04-24T00:00:00Z,2017-08-24T11:35:00Z,1,KTN102_2_31,tumor,missing,SRP114962,KTN102,midTX,
SRR5969520,missing,WGS,96,791853804,Karalinska,PRJNA396019,SAMN07553580,Human,168566144,THE UT MD ANDERSON CANCER CENTER,public,"bam,run.zq,sra","s3,gs,ncbi","ncbi.public,gs.us-east1,s3.us-east-1",SRX3126789,Illumina HiSeq 4000,nuclei genome CNV 144,KTN102_2_32_B2,SINGLE,RANDOM PCR,GENOMIC,Homo sapiens,ILLUMINA,2018-04-24T00:00:00Z,2017-08-24T11:37:00Z,1,KTN102_2_32_B2,tumor,missing,SRP114962,KTN102,midTX,GCA_000001405.13
SRR5969521,missing,WGS,48,89319264,Karalinska,PRJNA396019,SAMN07553577,Human,70784312,THE UT MD ANDERSON CANCER CENTER,public,"run.zq,fastq,sra","s3,ncbi,gs","gs.us-east1,s3.us-east-1,ncbi.public",SRX3126788,Illumina HiSeq 4000,nuclei genome CNV 141,KTN102_2_30,SINGLE,RANDOM PCR,GENOMIC,Homo sapiens,ILLUMINA,2018-04-24T00:00:00Z,2017-08-24T11:35:00Z,1,KTN102_2_30,tumor,missing,SRP114962,KTN102,midTX,
SRR5969528,missing,WGS,94,598604880,Karalinska,PRJNA396019,SAMN07553586,Human,128583991,THE UT MD ANDERSON CANCER CENTER,public,"run.zq,sra,bam","gs,s3,ncbi","s3.us-east-1,ncbi.public,gs.us-east1",SRX3126781,Illumina HiSeq 4000,nuclei genome CNV 150,KTN102_2_35_B2,SINGLE,RANDOM PCR,GENOMIC,Homo sapiens,ILLUMINA,2018-04-24T00:00:00Z,2017-08-24T11:36:00Z,1,KTN102_2_35_B2,tumor,missing,SRP114962,KTN102,midTX,GCA_000001405.13
SRR5969529,missing,WGS,48,85221600,Karalinska,PRJNA396019,SAMN07553855,Human,59410474,THE UT MD ANDERSON CANCER CENTER,public,"run.zq,sra,fastq","s3,ncbi,gs","s3.us-east-1,ncbi.public,gs.us-east1",SRX3126780,Illumina HiSeq 4000,nuclei genome CNV 419,KTN152_2_Pop,SINGLE,RANDOM PCR,GENOMIC,Homo sapiens,ILLUMINA,2018-04-24T00:00:00Z,2017-08-24T11:35:00Z,1,KTN152_2_Pop,tumor,missing,SRP114962,KTN152,midTX,
SRR5969535,missing,WGS,48,109927152,Karalinska,PRJNA396019,SAMN07553902,Human,83337528,THE UT MD ANDERSON CANCER CENTER,public,"run.zq,fastq,sra","gs,ncbi,s3","gs.us-east1,s3.us-east-1,ncbi.public",SRX3126774,Illumina HiSeq 4000,nuclei genome CNV 466,KTN615_0_03,SINGLE,RANDOM PCR,GENOMIC,Homo sapiens,ILLUMINA,2018-04-24T00:00:00Z,2017-08-24T11:35:00Z,1,KTN615_0_03,tumor,missing,SRP114962,KTN615,preTX,
SRR5969536,missing,WGS,48,80845056,Karalinska,PRJNA396019,SAMN07553901,Human,60886151,THE UT MD ANDERSON CANCER CENTER,public,"fastq,sra,run.zq","s3,ncbi,gs","s3.us-east-1,ncbi.public,gs.us-east1",SRX3126773,Illumina HiSeq 4000,nuclei genome CNV 465,KTN615_0_02,SINGLE,RANDOM PCR,GENOMIC,Homo sapiens,ILLUMINA,2018-04-24T00:00:00Z,2017-08-24T11:35:00Z,1,KTN615_0_02,tumor,missing,SRP114962,KTN615,preTX,
SRR5969541,missing,WGS,48,140487312,Karalinska,PRJNA396019,SAMN07553686,Human,98911299,THE UT MD ANDERSON CANCER CENTER,public,"sra,fastq,run.zq","gs,s3,ncbi","ncbi.public,gs.us-east1,s3.us-east-1",SRX3126768,Illumina HiSeq 4000,nuclei genome CNV 250,KTN132_0_26,SINGLE,RANDOM PCR,GENOMIC,Homo sapiens,ILLUMINA,2018-04-24T00:00:00Z,2017-08-24T11:36:00Z,1,KTN132_0_26,tumor,missing,SRP114962,KTN132,preTX,
SRR5969542,missing,WGS,48,142448832,Karalinska,PRJNA396019,SAMN07553685,Human,100416161,THE UT MD ANDERSON CANCER CENTER,public,"fastq,run.zq,sra","gs,ncbi,s3","gs.us-east1,s3.us-east-1,ncbi.public",SRX3126767,Illumina HiSeq 4000,nuclei genome CNV 249,KTN132_0_25,SINGLE,RANDOM PCR,GENOMIC,Homo sapiens,ILLUMINA,2018-04-24T00:00:00Z,2017-08-24T11:35:00Z,1,KTN132_0_25,tumor,missing,SRP114962,KTN132,preTX,
SRR5969543,missing,WGS,48,125772144,Karalinska,PRJNA396019,SAMN07553678,Human,88612885,THE UT MD ANDERSON CANCER CENTER,public,"fastq,run.zq,sra","gs,ncbi,s3","gs.us-east1,ncbi.public,s3.us-east-1",SRX3126766,Illumina HiSeq 4000,nuclei genome CNV 242,KTN132_0_19,SINGLE,RANDOM PCR,GENOMIC,Homo sapiens,ILLUMINA,2018-04-24T00:00:00Z,2017-08-24T11:35:00Z,1,KTN132_0_19,tumor,missing,SRP114962,KTN132,preTX,
SRR5969544,missing,WGS,48,130361184,Karalinska,PRJNA396019,SAMN07553677,Human,91806555,THE UT MD ANDERSON CANCER CENTER,public,"run.zq,sra,fastq","s3,gs,ncbi","s3.us-east-1,ncbi.public,gs.us-east1",SRX3126765,Illumina HiSeq 4000,nuclei genome CNV 241,KTN132_0_18,SINGLE,RANDOM PCR,GENOMIC,Homo sapiens,ILLUMINA,2018-04-24T00:00:00Z,2017-08-24T11:36:00Z,1,KTN132_0_18,tumor,missing,SRP114962,KTN132,preTX,
SRR5969553,missing,WGS,48,187516032,Karalinska,PRJNA396019,SAMN07553920,Human,141712765,THE UT MD ANDERSON CANCER CENTER,public,"sra,run.zq,fastq","ncbi,gs,s3","ncbi.public,s3.us-east-1,gs.us-east1",SRX3126756,Illumina HiSeq 4000,nuclei genome CNV 484,KTN615_0_21,SINGLE,RANDOM PCR,GENOMIC,Homo sapiens,ILLUMINA,2018-04-24T00:00:00Z,2017-08-24T11:36:00Z,1,KTN615_0_21,tumor,missing,SRP114962,KTN615,preTX,
SRR5969554,missing,WGS,48,219940944,Karalinska,PRJNA396019,SAMN07553919,Human,166680446,THE UT MD ANDERSON CANCER CENTER,public,"fastq,sra,run.zq","s3,ncbi,gs","s3.us-east-1,gs.us-east1,ncbi.public",SRX3126755,Illumina HiSeq 4000,nuclei genome CNV 483,KTN615_0_20,SINGLE,RANDOM PCR,GENOMIC,Homo sapiens,ILLUMINA,2018-04-24T00:00:00Z,2017-08-24T11:36:00Z,1,KTN615_0_20,tumor,missing,SRP114962,KTN615,preTX,
SRR5969555,missing,WGS,48,203807616,Karalinska,PRJNA396019,SAMN07553918,Human,153698148,THE UT MD ANDERSON CANCER CENTER,public,"sra,fastq,run.zq","s3,ncbi,gs","ncbi.public,s3.us-east-1,gs.us-east1",SRX3126754,Illumina HiSeq 4000,nuclei genome CNV 482,KTN615_0_19,SINGLE,RANDOM PCR,GENOMIC,Homo sapiens,ILLUMINA,2018-04-24T00:00:00Z,2017-08-24T11:36:00Z,1,KTN615_0_19,tumor,missing,SRP114962,KTN615,preTX,
SRR5969556,missing,WGS,48,255110784,Karalinska,PRJNA396019,SAMN07553917,Human,193103203,THE UT MD ANDERSON CANCER CENTER,public,"run.zq,sra,fastq","s3,gs,ncbi","gs.us-east1,ncbi.public,s3.us-east-1",SRX3126753,Illumina HiSeq 4000,nuclei genome CNV 481,KTN615_0_18,SINGLE,RANDOM PCR,GENOMIC,Homo sapiens,ILLUMINA,2018-04-24T00:00:00Z,2017-08-24T11:36:00Z,1,KTN615_0_18,tumor,missing,SRP114962,KTN615,preTX,
SRR5969562,missing,WGS,48,90737856,Karalinska,PRJNA396019,SAMN07553772,Human,61302698,THE UT MD ANDERSON CANCER CENTER,public,"sra,run.zq,fastq","gs,ncbi,s3","s3.us-east-1,ncbi.public,gs.us-east1",SRX3126747,Illumina HiSeq 4000,nuclei genome CNV 336,KTN152_0_1,SINGLE,RANDOM PCR,GENOMIC,Homo sapiens,ILLUMINA,2018-04-24T00:00:00Z,2017-08-24T11:36:00Z,1,KTN152_0_1,tumor,missing,SRP114962,KTN152,preTX,
SRR5969563,missing,WGS,48,89718960,Karalinska,PRJNA396019,SAMN07553771,Human,60722442,THE UT MD ANDERSON CANCER CENTER,public,"run.zq,sra,fastq","s3,gs,ncbi","gs.us-east1,ncbi.public,s3.us-east-1",SRX3126746,Illumina HiSeq 4000,nuclei genome CNV 335,KTN152_0_19,SINGLE,RANDOM PCR,GENOMIC,Homo sapiens,ILLUMINA,2018-04-24T00:00:00Z,2017-08-24T11:36:00Z,1,KTN152_0_19,tumor,missing,SRP114962,KTN152,preTX,
SRR5969571,missing,WGS,48,157560384,Karalinska,PRJNA396019,SAMN07553672,Human,110913774,THE UT MD ANDERSON CANCER CENTER,public,"sra,run.zq,fastq","ncbi,gs,s3","s3.us-east-1,gs.us-east1,ncbi.public",SRX3126738,Illumina HiSeq 4000,nuclei genome CNV 236,KTN132_0_13,SINGLE,RANDOM PCR,GENOMIC,Homo sapiens,ILLUMINA,2018-04-24T00:00:00Z,2017-08-24T11:36:00Z,1,KTN132_0_13,tumor,missing,SRP114962,KTN132,preTX,
SRR5969572,missing,WGS,48,122060880,Karalinska,PRJNA396019,SAMN07553673,Human,86004537,THE UT MD ANDERSON CANCER CENTER,public,"sra,fastq,run.zq","gs,s3,ncbi","ncbi.public,s3.us-east-1,gs.us-east1",SRX3126737,Illumina HiSeq 4000,nuclei genome CNV 237,KTN132_0_14,SINGLE,RANDOM PCR,GENOMIC,Homo sapiens,ILLUMINA,2018-04-24T00:00:00Z,2017-08-24T11:36:00Z,1,KTN132_0_14,tumor,missing,SRP114962,KTN132,preTX,
SRR5969581,missing,WGS,95,445600616,Karalinska,PRJNA396019,SAMN07553489,Human,100395600,THE UT MD ANDERSON CANCER CENTER,public,"sra,run.zq,bam","s3,ncbi,gs","gs.us-east1,ncbi.public,s3.us-east-1",SRX3126728,Illumina HiSeq 4000,nuclei genome CNV 53,KTN102_0_36_B2,SINGLE,RANDOM PCR,GENOMIC,Homo sapiens,ILLUMINA,2018-04-24T00:00:00Z,2017-08-24T11:37:00Z,1,KTN102_0_36_B2,tumor,missing,SRP114962,KTN102,preTX,GCA_000001405.13
SRR5969582,missing,WGS,48,173151072,Karalinska,PRJNA396019,SAMN07553488,Human,131780572,THE UT MD ANDERSON CANCER CENTER,public,"run.zq,sra,fastq","ncbi,gs,s3","s3.us-east-1,ncbi.public,gs.us-east1",SRX3126727,Illumina HiSeq 4000,nuclei genome CNV 52,KTN102_0_35,SINGLE,RANDOM PCR,GENOMIC,Homo sapiens,ILLUMINA,2018-04-24T00:00:00Z,2017-08-24T11:36:00Z,1,KTN102_0_35,tumor,missing,SRP114962,KTN102,preTX,
SRR5969583,missing,WGS,95,446451512,Karalinska,PRJNA396019,SAMN07553487,Human,100690595,THE UT MD ANDERSON CANCER CENTER,public,"run.zq,sra,bam","ncbi,gs,s3","ncbi.public,s3.us-east-1,gs.us-east1",SRX3126726,Illumina HiSeq 4000,nuclei genome CNV 51,KTN102_0_35_B2,SINGLE,RANDOM PCR,GENOMIC,Homo sapiens,ILLUMINA,2018-04-24T00:00:00Z,2017-08-24T11:37:00Z,1,KTN102_0_35_B2,tumor,missing,SRP114962,KTN102,preTX,GCA_000001405.13
SRR5969590,missing,WGS,48,156872640,Karalinska,PRJNA396019,SAMN07553699,Human,110305308,THE UT MD ANDERSON CANCER CENTER,public,"run.zq,fastq,sra","s3,ncbi,gs","gs.us-east1,s3.us-east-1,ncbi.public",SRX3126719,Illumina HiSeq 4000,nuclei genome CNV 263,KTN132_0_40,SINGLE,RANDOM PCR,GENOMIC,Homo sapiens,ILLUMINA,2018-04-24T00:00:00Z,2017-08-24T11:36:00Z,1,KTN132_0_40,tumor,missing,SRP114962,KTN132,preTX,
SRR5969591,missing,WGS,48,120058224,Karalinska,PRJNA396019,SAMN07553556,Human,90357998,THE UT MD ANDERSON CANCER CENTER,public,"fastq,run.zq,sra","gs,ncbi,s3","ncbi.public,s3.us-east-1,gs.us-east1",SRX3126718,Illumina HiSeq 4000,nuclei genome CNV 120,KTN102_2_19,SINGLE,RANDOM PCR,GENOMIC,Homo sapiens,ILLUMINA,2018-04-24T00:00:00Z,2017-08-24T11:36:00Z,1,KTN102_2_19,tumor,missing,SRP114962,KTN102,midTX,
SRR5969595,missing,WGS,48,148472976,Karalinska,PRJNA396019,SAMN07553554,Human,112480297,THE UT MD ANDERSON CANCER CENTER,public,"run.zq,fastq,sra","ncbi,gs,s3","s3.us-east-1,ncbi.public,gs.us-east1",SRX3126714,Illumina HiSeq 4000,nuclei genome CNV 118,KTN102_2_18,SINGLE,RANDOM PCR,GENOMIC,Homo sapiens,ILLUMINA,2018-04-24T00:00:00Z,2017-08-24T11:36:00Z,1,KTN102_2_18,tumor,missing,SRP114962,KTN102,midTX,
SRR5969596,missing,WGS,95,360111560,Karalinska,PRJNA396019,SAMN07553553,Human,78998485,THE UT MD ANDERSON CANCER CENTER,public,"run.zq,sra,bam","s3,gs,ncbi","ncbi.public,s3.us-east-1,gs.us-east1",SRX3126713,Illumina HiSeq 4000,nuclei genome CNV 117,KTN102_2_18_B2,SINGLE,RANDOM PCR,GENOMIC,Homo sapiens,ILLUMINA,2018-04-24T00:00:00Z,2017-08-24T11:37:00Z,1,KTN102_2_18_B2,tumor,missing,SRP114962,KTN102,midTX,GCA_000001405.13
SRR5969600,missing,WGS,96,431549204,Karalinska,PRJNA396019,SAMN07553549,Human,93223912,THE UT MD ANDERSON CANCER CENTER,public,"bam,sra,run.zq","gs,s3,ncbi","s3.us-east-1,ncbi.public,gs.us-east1",SRX3126709,Illumina HiSeq 4000,nuclei genome CNV 113,KTN102_2_16_B2,SINGLE,RANDOM PCR,GENOMIC,Homo sapiens,ILLUMINA,2018-04-24T00:00:00Z,2017-08-24T11:38:00Z,1,KTN102_2_16_B2,tumor,missing,SRP114962,KTN102,midTX,GCA_000001405.13
SRR5969601,missing,WGS,48,91315200,Karalinska,PRJNA396019,SAMN07553895,Human,61012946,THE UT MD ANDERSON CANCER CENTER,public,"run.zq,fastq,sra","s3,gs,ncbi","gs.us-east1,s3.us-east-1,ncbi.public",SRX3126708,Illumina HiSeq 4000,nuclei genome CNV 459,KTN152_OP_5,SINGLE,RANDOM PCR,GENOMIC,Homo sapiens,ILLUMINA,2018-04-24T00:00:00Z,2017-08-24T11:36:00Z,1,KTN152_OP_5,tumor,missing,SRP114962,KTN152,postTX,
SRR5969602,missing,WGS,48,89320224,Karalinska,PRJNA396019,SAMN07553896,Human,60008929,THE UT MD ANDERSON CANCER CENTER,public,"run.zq,sra,fastq","ncbi,gs,s3","s3.us-east-1,gs.us-east1,ncbi.public",SRX3126707,Illumina HiSeq 4000,nuclei genome CNV 460,KTN152_OP_6,SINGLE,RANDOM PCR,GENOMIC,Homo sapiens,ILLUMINA,2018-04-24T00:00:00Z,2017-08-24T11:36:00Z,1,KTN152_OP_6,tumor,missing,SRP114962,KTN152,postTX,
SRR5969604,missing,WGS,48,77403696,Karalinska,PRJNA396019,SAMN07553888,Human,51657772,THE UT MD ANDERSON CANCER CENTER,public,"fastq,sra,run.zq","ncbi,s3,gs","gs.us-east1,s3.us-east-1,ncbi.public",SRX3126705,Illumina HiSeq 4000,nuclei genome CNV 452,KTN152_OP_42,SINGLE,RANDOM PCR,GENOMIC,Homo sapiens,ILLUMINA,2018-04-24T00:00:00Z,2017-08-24T11:36:00Z,1,KTN152_OP_42,tumor,missing,SRP114962,KTN152,postTX,
SRR5969605,missing,WGS,48,139099584,Karalinska,PRJNA396019,SAMN07553889,Human,92569114,THE UT MD ANDERSON CANCER CENTER,public,"sra,run.zq,fastq","gs,ncbi,s3","gs.us-east1,ncbi.public,s3.us-east-1",SRX3126704,Illumina HiSeq 4000,nuclei genome CNV 453,KTN152_OP_43,SINGLE,RANDOM PCR,GENOMIC,Homo sapiens,ILLUMINA,2018-04-24T00:00:00Z,2017-08-24T11:36:00Z,1,KTN152_OP_43,tumor,missing,SRP114962,KTN152,postTX,
SRR5969606,missing,WGS,48,89681088,Karalinska,PRJNA396019,SAMN07553890,Human,59916394,THE UT MD ANDERSON CANCER CENTER,public,"sra,fastq,run.zq","s3,gs,ncbi","ncbi.public,gs.us-east1,s3.us-east-1",SRX3126703,Illumina HiSeq 4000,nuclei genome CNV 454,KTN152_OP_44,SINGLE,RANDOM PCR,GENOMIC,Homo sapiens,ILLUMINA,2018-04-24T00:00:00Z,2017-08-24T11:36:00Z,1,KTN152_OP_44,tumor,missing,SRP114962,KTN152,postTX,
SRR5969607,missing,WGS,48,105681984,Karalinska,PRJNA396019,SAMN07553891,Human,70503149,THE UT MD ANDERSON CANCER CENTER,public,"run.zq,fastq,sra","ncbi,gs,s3","s3.us-east-1,ncbi.public,gs.us-east1",SRX3126702,Illumina HiSeq 4000,nuclei genome CNV 455,KTN152_OP_45,SINGLE,RANDOM PCR,GENOMIC,Homo sapiens,ILLUMINA,2018-04-24T00:00:00Z,2017-08-24T11:36:00Z,1,KTN152_OP_45,tumor,missing,SRP114962,KTN152,postTX,
SRR5969608,missing,WGS,48,126350208,Karalinska,PRJNA396019,SAMN07553892,Human,83734385,THE UT MD ANDERSON CANCER CENTER,public,"sra,fastq,run.zq","gs,ncbi,s3","s3.us-east-1,ncbi.public,gs.us-east1",SRX3126701,Illumina HiSeq 4000,nuclei genome CNV 456,KTN152_OP_47,SINGLE,RANDOM PCR,GENOMIC,Homo sapiens,ILLUMINA,2018-04-24T00:00:00Z,2017-08-24T11:36:00Z,1,KTN152_OP_47,tumor,missing,SRP114962,KTN152,postTX,
SRR5969609,missing,WGS,48,49814976,Karalinska,PRJNA396019,SAMN07553893,Human,33970360,THE UT MD ANDERSON CANCER CENTER,public,"run.zq,fastq,sra","gs,s3,ncbi","gs.us-east1,s3.us-east-1,ncbi.public",SRX3126700,Illumina HiSeq 4000,nuclei genome CNV 457,KTN152_OP_48,SINGLE,RANDOM PCR,GENOMIC,Homo sapiens,ILLUMINA,2018-04-24T00:00:00Z,2017-08-24T11:36:00Z,1,KTN152_OP_48,tumor,missing,SRP114962,KTN152,postTX,
SRR5969613,missing,WGS,48,123983568,Karalinska,PRJNA396019,SAMN07553808,Human,81248498,THE UT MD ANDERSON CANCER CENTER,public,"run.zq,fastq,sra","ncbi,gs,s3","s3.us-east-1,ncbi.public,gs.us-east1",SRX3126696,Illumina HiSeq 4000,nuclei genome CNV 372,KTN152_0_Pop,SINGLE,RANDOM PCR,GENOMIC,Homo sapiens,ILLUMINA,2018-04-24T00:00:00Z,2017-08-24T11:36:00Z,1,KTN152_0_Pop,tumor,missing,SRP114962,KTN152,preTX,
SRR5969627,missing,WGS,48,131665296,Karalinska,PRJNA396019,SAMN07553713,Human,92975226,THE UT MD ANDERSON CANCER CENTER,public,"sra,run.zq,fastq","ncbi,gs,s3","s3.us-east-1,gs.us-east1,ncbi.public",SRX3126682,Illumina HiSeq 4000,nuclei genome CNV 277,KTN132_0_9,SINGLE,RANDOM PCR,GENOMIC,Homo sapiens,ILLUMINA,2018-04-24T00:00:00Z,2017-08-24T11:36:00Z,1,KTN132_0_9,tumor,missing,SRP114962,KTN132,preTX,
SRR5969628,missing,WGS,48,154799904,Karalinska,PRJNA396019,SAMN07553714,Human,105486023,THE UT MD ANDERSON CANCER CENTER,public,"run.zq,sra,fastq","s3,ncbi,gs","gs.us-east1,ncbi.public,s3.us-east-1",SRX3126681,Illumina HiSeq 4000,nuclei genome CNV 278,KTN132_0_Pop,SINGLE,RANDOM PCR,GENOMIC,Homo sapiens,ILLUMINA,2018-04-24T00:00:00Z,2017-08-24T11:36:00Z,1,KTN132_0_Pop,tumor,missing,SRP114962,KTN132,preTX,
SRR5969629,missing,WGS,48,146489616,Karalinska,PRJNA396019,SAMN07553715,Human,103116510,THE UT MD ANDERSON CANCER CENTER,public,"run.zq,fastq,sra","gs,s3,ncbi","ncbi.public,s3.us-east-1,gs.us-east1",SRX3126680,Illumina HiSeq 4000,nuclei genome CNV 279,KTN132_2_49,SINGLE,RANDOM PCR,GENOMIC,Homo sapiens,ILLUMINA,2018-04-24T00:00:00Z,2017-08-24T11:36:00Z,1,KTN132_2_49,tumor,missing,SRP114962,KTN132,midTX,
SRR5969630,missing,WGS,48,165242976,Karalinska,PRJNA396019,SAMN07553716,Human,116789325,THE UT MD ANDERSON CANCER CENTER,public,"run.zq,fastq,sra","s3,ncbi,gs","gs.us-east1,ncbi.public,s3.us-east-1",SRX3126679,Illumina HiSeq 4000,nuclei genome CNV 280,KTN132_2_50,SINGLE,RANDOM PCR,GENOMIC,Homo sapiens,ILLUMINA,2018-04-24T00:00:00Z,2017-08-24T11:37:00Z,1,KTN132_2_50,tumor,missing,SRP114962,KTN132,midTX,
SRR5969631,missing,WGS,48,65421264,Karalinska,PRJNA396019,SAMN07553828,Human,46057203,THE UT MD ANDERSON CANCER CENTER,public,"run.zq,sra,fastq","gs,s3,ncbi","ncbi.public,gs.us-east1,s3.us-east-1",SRX3126678,Illumina HiSeq 4000,nuclei genome CNV 392,KTN152_2_28,SINGLE,RANDOM PCR,GENOMIC,Homo sapiens,ILLUMINA,2018-04-24T00:00:00Z,2017-08-24T11:36:00Z,1,KTN152_2_28,tumor,missing,SRP114962,KTN152,midTX,
SRR5969632,missing,WGS,48,148550784,Karalinska,PRJNA396019,SAMN07553726,Human,104937899,THE UT MD ANDERSON CANCER CENTER,public,"run.zq,fastq,sra","s3,ncbi,gs","s3.us-east-1,ncbi.public,gs.us-east1",SRX3126677,Illumina HiSeq 4000,nuclei genome CNV 290,KTN132_2_61,SINGLE,RANDOM PCR,GENOMIC,Homo sapiens,ILLUMINA,2018-04-24T00:00:00Z,2017-08-24T11:36:00Z,1,KTN132_2_61,tumor,missing,SRP114962,KTN132,midTX,
SRR5969633,missing,WGS,48,133658496,Karalinska,PRJNA396019,SAMN07553725,Human,93896267,THE UT MD ANDERSON CANCER CENTER,public,"run.zq,fastq,sra","s3,gs,ncbi","ncbi.public,gs.us-east1,s3.us-east-1",SRX3126676,Illumina HiSeq 4000,nuclei genome CNV 289,KTN132_2_60,SINGLE,RANDOM PCR,GENOMIC,Homo sapiens,ILLUMINA,2018-04-24T00:00:00Z,2017-08-24T11:36:00Z,1,KTN132_2_60,tumor,missing,SRP114962,KTN132,midTX,
SRR5969634,missing,WGS,48,137532288,Karalinska,PRJNA396019,SAMN07553722,Human,96921607,THE UT MD ANDERSON CANCER CENTER,public,"run.zq,fastq,sra","s3,ncbi,gs","ncbi.public,gs.us-east1,s3.us-east-1",SRX3126675,Illumina HiSeq 4000,nuclei genome CNV 286,KTN132_2_56,SINGLE,RANDOM PCR,GENOMIC,Homo sapiens,ILLUMINA,2018-04-24T00:00:00Z,2017-08-24T11:37:00Z,1,KTN132_2_56,tumor,missing,SRP114962,KTN132,midTX,
SRR5969635,missing,WGS,48,119510208,Karalinska,PRJNA396019,SAMN07553721,Human,84400204,THE UT MD ANDERSON CANCER CENTER,public,"fastq,run.zq,sra","s3,ncbi,gs","s3.us-east-1,gs.us-east1,ncbi.public",SRX3126674,Illumina HiSeq 4000,nuclei genome CNV 285,KTN132_2_55,SINGLE,RANDOM PCR,GENOMIC,Homo sapiens,ILLUMINA,2018-04-24T00:00:00Z,2017-08-24T11:37:00Z,1,KTN132_2_55,tumor,missing,SRP114962,KTN132,midTX,
SRR5969636,missing,WGS,48,121520112,Karalinska,PRJNA396019,SAMN07553724,Human,85731371,THE UT MD ANDERSON CANCER CENTER,public,"sra,run.zq,fastq","s3,gs,ncbi","s3.us-east-1,gs.us-east1,ncbi.public",SRX3126673,Illumina HiSeq 4000,nuclei genome CNV 288,KTN132_2_59,SINGLE,RANDOM PCR,GENOMIC,Homo sapiens,ILLUMINA,2018-04-24T00:00:00Z,2017-08-24T11:37:00Z,1,KTN132_2_59,tumor,missing,SRP114962,KTN132,midTX,
SRR5969637,missing,WGS,48,106572048,Karalinska,PRJNA396019,SAMN07553723,Human,75140641,THE UT MD ANDERSON CANCER CENTER,public,"run.zq,fastq,sra","gs,s3,ncbi","s3.us-east-1,ncbi.public,gs.us-east1",SRX3126672,Illumina HiSeq 4000,nuclei genome CNV 287,KTN132_2_57,SINGLE,RANDOM PCR,GENOMIC,Homo sapiens,ILLUMINA,2018-04-24T00:00:00Z,2017-08-24T11:37:00Z,1,KTN132_2_57,tumor,missing,SRP114962,KTN132,midTX,
SRR5969638,missing,WGS,48,149192832,Karalinska,PRJNA396019,SAMN07553718,Human,105199785,THE UT MD ANDERSON CANCER CENTER,public,"run.zq,sra,fastq","gs,s3,ncbi","ncbi.public,gs.us-east1,s3.us-east-1",SRX3126671,Illumina HiSeq 4000,nuclei genome CNV 282,KTN132_2_52,SINGLE,RANDOM PCR,GENOMIC,Homo sapiens,ILLUMINA,2018-04-24T00:00:00Z,2017-08-24T11:37:00Z,1,KTN132_2_52,tumor,missing,SRP114962,KTN132,midTX,
SRR5969639,missing,WGS,48,130061520,Karalinska,PRJNA396019,SAMN07553717,Human,91831690,THE UT MD ANDERSON CANCER CENTER,public,"run.zq,fastq,sra","s3,gs,ncbi","s3.us-east-1,gs.us-east1,ncbi.public",SRX3126670,Illumina HiSeq 4000,nuclei genome CNV 281,KTN132_2_51,SINGLE,RANDOM PCR,GENOMIC,Homo sapiens,ILLUMINA,2018-04-24T00:00:00Z,2017-08-24T11:37:00Z,1,KTN132_2_51,tumor,missing,SRP114962,KTN132,midTX,
SRR5969640,missing,WGS,48,132144912,Karalinska,PRJNA396019,SAMN07553720,Human,93000511,THE UT MD ANDERSON CANCER CENTER,public,"sra,run.zq,fastq","ncbi,s3,gs","ncbi.public,gs.us-east1,s3.us-east-1",SRX3126669,Illumina HiSeq 4000,nuclei genome CNV 284,KTN132_2_54,SINGLE,RANDOM PCR,GENOMIC,Homo sapiens,ILLUMINA,2018-04-24T00:00:00Z,2017-08-24T11:37:00Z,1,KTN132_2_54,tumor,missing,SRP114962,KTN132,midTX,
SRR5969641,missing,WGS,48,126547488,Karalinska,PRJNA396019,SAMN07553719,Human,89249454,THE UT MD ANDERSON CANCER CENTER,public,"run.zq,sra,fastq","gs,s3,ncbi","s3.us-east-1,gs.us-east1,ncbi.public",SRX3126668,Illumina HiSeq 4000,nuclei genome CNV 283,KTN132_2_53,SINGLE,RANDOM PCR,GENOMIC,Homo sapiens,ILLUMINA,2018-04-24T00:00:00Z,2017-08-24T11:37:00Z,1,KTN132_2_53,tumor,missing,SRP114962,KTN132,midTX,
SRR5969642,missing,WGS,48,90687888,Karalinska,PRJNA396019,SAMN07553827,Human,63753746,THE UT MD ANDERSON CANCER CENTER,public,"run.zq,fastq,sra","ncbi,s3,gs","s3.us-east-1,gs.us-east1,ncbi.public",SRX3126667,Illumina HiSeq 4000,nuclei genome CNV 391,KTN152_2_27,SINGLE,RANDOM PCR,GENOMIC,Homo sapiens,ILLUMINA,2018-04-24T00:00:00Z,2017-08-24T11:37:00Z,1,KTN152_2_27,tumor,missing,SRP114962,KTN152,midTX,
SRR5969643,missing,WGS,48,122273280,Karalinska,PRJNA396019,SAMN07553745,Human,86117276,THE UT MD ANDERSON CANCER CENTER,public,"fastq,run.zq,sra","ncbi,gs,s3","gs.us-east1,s3.us-east-1,ncbi.public",SRX3126666,Illumina HiSeq 4000,nuclei genome CNV 309,KTN132_2_81,SINGLE,RANDOM PCR,GENOMIC,Homo sapiens,ILLUMINA,2018-04-24T00:00:00Z,2017-08-24T11:37:00Z,1,KTN132_2_81,tumor,missing,SRP114962,KTN132,midTX,
SRR5969677,missing,WGS,48,122114448,Karalinska,PRJNA396019,SAMN07553559,Human,92772010,THE UT MD ANDERSON CANCER CENTER,public,"sra,run.zq,fastq","gs,s3,ncbi","gs.us-east1,s3.us-east-1,ncbi.public",SRX3126632,Illumina HiSeq 4000,nuclei genome CNV 123,KTN102_2_20,SINGLE,RANDOM PCR,GENOMIC,Homo sapiens,ILLUMINA,2018-04-24T00:00:00Z,2017-08-24T11:37:00Z,1,KTN102_2_20,tumor,missing,SRP114962,KTN102,midTX,
SRR5969681,missing,WGS,48,80957232,Karalinska,PRJNA396019,SAMN07553777,Human,54822748,THE UT MD ANDERSON CANCER CENTER,public,"fastq,run.zq,sra","ncbi,gs,s3","gs.us-east1,ncbi.public,s3.us-east-1",SRX3127128,Illumina HiSeq 4000,nuclei genome CNV 341,KTN152_0_25,SINGLE,RANDOM PCR,GENOMIC,Homo sapiens,ILLUMINA,2018-04-24T00:00:00Z,2017-08-24T11:37:00Z,1,KTN152_0_25,tumor,missing,SRP114962,KTN152,preTX,
SRR5969682,missing,WGS,48,107212224,Karalinska,PRJNA396019,SAMN07553778,Human,72229130,THE UT MD ANDERSON CANCER CENTER,public,"sra,fastq,run.zq","gs,s3,ncbi","gs.us-east1,s3.us-east-1,ncbi.public",SRX3127127,Illumina HiSeq 4000,nuclei genome CNV 342,KTN152_0_26,SINGLE,RANDOM PCR,GENOMIC,Homo sapiens,ILLUMINA,2018-04-24T00:00:00Z,2017-08-24T11:37:00Z,1,KTN152_0_26,tumor,missing,SRP114962,KTN152,preTX,
SRR5969683,missing,WGS,48,165996096,Karalinska,PRJNA396019,SAMN07553666,Human,124835879,THE UT MD ANDERSON CANCER CENTER,public,"fastq,sra,run.zq","s3,ncbi,gs","ncbi.public,s3.us-east-1,gs.us-east1",SRX3127126,Illumina HiSeq 4000,nuclei genome CNV 230,KTN102_OP_8,SINGLE,RANDOM PCR,GENOMIC,Homo sapiens,ILLUMINA,2018-04-24T00:00:00Z,2017-08-24T11:37:00Z,1,KTN102_OP_8,tumor,missing,SRP114962,KTN102,postTX,
SRR5969684,missing,WGS,48,92805168,Karalinska,PRJNA396019,SAMN07553780,Human,62644768,THE UT MD ANDERSON CANCER CENTER,public,"sra,fastq,run.zq","s3,ncbi,gs","ncbi.public,s3.us-east-1,gs.us-east1",SRX3127125,Illumina HiSeq 4000,nuclei genome CNV 344,KTN152_0_28,SINGLE,RANDOM PCR,GENOMIC,Homo sapiens,ILLUMINA,2018-04-24T00:00:00Z,2017-08-24T11:37:00Z,1,KTN152_0_28,tumor,missing,SRP114962,KTN152,preTX,
SRR5969685,missing,WGS,48,109550688,Karalinska,PRJNA396019,SAMN07553781,Human,73826167,THE UT MD ANDERSON CANCER CENTER,public,"fastq,run.zq,sra","s3,ncbi,gs","ncbi.public,s3.us-east-1,gs.us-east1",SRX3127124,Illumina HiSeq 4000,nuclei genome CNV 345,KTN152_0_29,SINGLE,RANDOM PCR,GENOMIC,Homo sapiens,ILLUMINA,2018-04-24T00:00:00Z,2017-08-24T11:37:00Z,1,KTN152_0_29,tumor,missing,SRP114962,KTN152,preTX,
SRR5969686,missing,WGS,48,107988096,Karalinska,PRJNA396019,SAMN07553782,Human,72782094,THE UT MD ANDERSON CANCER CENTER,public,"sra,run.zq,fastq","s3,ncbi,gs","ncbi.public,gs.us-east1,s3.us-east-1",SRX3127123,Illumina HiSeq 4000,nuclei genome CNV 346,KTN152_0_2,SINGLE,RANDOM PCR,GENOMIC,Homo sapiens,ILLUMINA,2018-04-24T00:00:00Z,2017-08-24T11:37:00Z,1,KTN152_0_2,tumor,missing,SRP114962,KTN152,preTX,
SRR5969687,missing,WGS,48,117471216,Karalinska,PRJNA396019,SAMN07553783,Human,79320447,THE UT MD ANDERSON CANCER CENTER,public,"fastq,sra,run.zq","ncbi,s3,gs","gs.us-east1,s3.us-east-1,ncbi.public",SRX3127122,Illumina HiSeq 4000,nuclei genome CNV 347,KTN152_0_30,SINGLE,RANDOM PCR,GENOMIC,Homo sapiens,ILLUMINA,2018-04-24T00:00:00Z,2017-08-24T11:37:00Z,1,KTN152_0_30,tumor,missing,SRP114962,KTN152,preTX,
SRR5969688,missing,WGS,48,85470720,Karalinska,PRJNA396019,SAMN07553784,Human,57919832,THE UT MD ANDERSON CANCER CENTER,public,"fastq,sra,run.zq","gs,ncbi,s3","gs.us-east1,ncbi.public,s3.us-east-1",SRX3127121,Illumina HiSeq 4000,nuclei genome CNV 348,KTN152_0_31,SINGLE,RANDOM PCR,GENOMIC,Homo sapiens,ILLUMINA,2018-04-24T00:00:00Z,2017-08-24T11:37:00Z,1,KTN152_0_31,tumor,missing,SRP114962,KTN152,preTX,
SRR5969689,missing,WGS,48,101410224,Karalinska,PRJNA396019,SAMN07553785,Human,68412516,THE UT MD ANDERSON CANCER CENTER,public,"sra,fastq,run.zq","s3,gs,ncbi","ncbi.public,gs.us-east1,s3.us-east-1",SRX3127120,Illumina HiSeq 4000,nuclei genome CNV 349,KTN152_0_32,SINGLE,RANDOM PCR,GENOMIC,Homo sapiens,ILLUMINA,2018-04-24T00:00:00Z,2017-08-24T11:37:00Z,1,KTN152_0_32,tumor,missing,SRP114962,KTN152,preTX,
SRR5969690,missing,WGS,48,85572768,Karalinska,PRJNA396019,SAMN07553786,Human,57851411,THE UT MD ANDERSON CANCER CENTER,public,"fastq,sra,run.zq","ncbi,s3,gs","gs.us-east1,ncbi.public,s3.us-east-1",SRX3127119,Illumina HiSeq 4000,nuclei genome CNV 350,KTN152_0_33,SINGLE,RANDOM PCR,GENOMIC,Homo sapiens,ILLUMINA,2018-04-24T00:00:00Z,2017-08-24T11:37:00Z,1,KTN152_0_33,tumor,missing,SRP114962,KTN152,preTX,
SRR5969691,missing,WGS,48,153374736,Karalinska,PRJNA396019,SAMN07553658,Human,116189474,THE UT MD ANDERSON CANCER CENTER,public,"fastq,run.zq,sra","ncbi,s3,gs","s3.us-east-1,ncbi.public,gs.us-east1",SRX3127118,Illumina HiSeq 4000,nuclei genome CNV 222,KTN102_OP_45,SINGLE,RANDOM PCR,GENOMIC,Homo sapiens,ILLUMINA,2018-04-24T00:00:00Z,2017-08-24T11:37:00Z,1,KTN102_OP_45,tumor,missing,SRP114962,KTN102,postTX,
SRR5969692,missing,WGS,48,135873792,Karalinska,PRJNA396019,SAMN07553657,Human,103366748,THE UT MD ANDERSON CANCER CENTER,public,"run.zq,sra,fastq","s3,ncbi,gs","s3.us-east-1,ncbi.public,gs.us-east1",SRX3127117,Illumina HiSeq 4000,nuclei genome CNV 221,KTN102_OP_44,SINGLE,RANDOM PCR,GENOMIC,Homo sapiens,ILLUMINA,2018-04-24T00:00:00Z,2017-08-24T11:37:00Z,1,KTN102_OP_44,tumor,missing,SRP114962,KTN102,postTX,
SRR5969704,missing,WGS,96,461891672,Karalinska,PRJNA396019,SAMN07553479,Human,100739724,THE UT MD ANDERSON CANCER CENTER,public,"run.zq,bam,sra","gs,s3,ncbi","ncbi.public,gs.us-east1,s3.us-east-1",SRX3127105,Illumina HiSeq 4000,nuclei genome CNV 43,KTN102_0_31_B2,SINGLE,RANDOM PCR,GENOMIC,Homo sapiens,ILLUMINA,2018-04-24T00:00:00Z,2017-08-24T11:39:00Z,1,KTN102_0_31_B2,tumor,missing,SRP114962,KTN102,preTX,GCA_000001405.13
SRR5969705,missing,WGS,48,93753840,Karalinska,PRJNA396019,SAMN07553480,Human,72858124,THE UT MD ANDERSON CANCER CENTER,public,"fastq,sra,run.zq","s3,ncbi,gs","ncbi.public,s3.us-east-1,gs.us-east1",SRX3127104,Illumina HiSeq 4000,nuclei genome CNV 44,KTN102_0_31,SINGLE,RANDOM PCR,GENOMIC,Homo sapiens,ILLUMINA,2018-04-24T00:00:00Z,2017-08-24T11:37:00Z,1,KTN102_0_31,tumor,missing,SRP114962,KTN102,preTX,
SRR5969706,missing,WGS,96,584387864,Karalinska,PRJNA396019,SAMN07553485,Human,129112586,THE UT MD ANDERSON CANCER CENTER,public,"sra,run.zq,bam","ncbi,gs,s3","ncbi.public,s3.us-east-1,gs.us-east1",SRX3127103,Illumina HiSeq 4000,nuclei genome CNV 49,KTN102_0_34_B2,SINGLE,RANDOM PCR,GENOMIC,Homo sapiens,ILLUMINA,2018-04-24T00:00:00Z,2017-08-24T11:39:00Z,1,KTN102_0_34_B2,tumor,missing,SRP114962,KTN102,preTX,GCA_000001405.13
SRR5964084,missing,WGS,48,75220608,Karalinska,PRJNA396019,SAMN07549898,Human,56347014,THE UT MD ANDERSON CANCER CENTER,public,"run.zq,fastq,sra","s3,gs,ncbi","s3.us-east-1,ncbi.public,gs.us-east1",SRX3122160,Illumina HiSeq 4000,nuclei genome CNV 550,KTN615_2_44,SINGLE,RANDOM PCR,GENOMIC,Homo sapiens,ILLUMINA,2018-04-24T00:00:00Z,2017-08-23T19:03:00Z,1,KTN615_2_44,tumor,missing,SRP114962,KTN615,midTX,
SRR5964086,missing,WGS,152,1639651056,Karalinska,PRJNA396019,SAMN07550121,Human,624189084,THE UT MD ANDERSON CANCER CENTER,public,"run.zq,fastq,sra","gs,ncbi,s3","gs.us-east1,ncbi.public,s3.us-east-1",SRX3122158,Illumina HiSeq 4000,nuclei genome CNV 773,KTN302_0_45,SINGLE,RANDOM PCR,GENOMIC,Homo sapiens,ILLUMINA,2018-04-24T00:00:00Z,2017-08-23T19:07:00Z,1,KTN302_0_45,tumor,missing,SRP114962,KTN302,preTX,
SRR5964087,missing,WGS,152,838866112,Karalinska,PRJNA396019,SAMN07550156,Human,320421365,THE UT MD ANDERSON CANCER CENTER,public,"fastq,run.zq,sra","gs,ncbi,s3","s3.us-east-1,gs.us-east1,ncbi.public",SRX3122157,Illumina HiSeq 4000,nuclei genome CNV 808,KTN302_2_35,SINGLE,RANDOM PCR,GENOMIC,Homo sapiens,ILLUMINA,2018-04-24T00:00:00Z,2017-08-23T19:05:00Z,1,KTN302_2_35,tumor,missing,SRP114962,KTN302,midTX,
SRR5964088,missing,WGS,48,105890016,Karalinska,PRJNA396019,SAMN07549892,Human,79026776,THE UT MD ANDERSON CANCER CENTER,public,"sra,fastq,run.zq","gs,s3,ncbi","gs.us-east1,ncbi.public,s3.us-east-1",SRX3122156,Illumina HiSeq 4000,nuclei genome CNV 544,KTN615_2_38,SINGLE,RANDOM PCR,GENOMIC,Homo sapiens,ILLUMINA,2018-04-24T00:00:00Z,2017-08-23T19:03:00Z,1,KTN615_2_38,tumor,missing,SRP114962,KTN615,midTX,
SRR5964090,missing,WGS,48,141591696,Karalinska,PRJNA396019,SAMN07549890,Human,106533259,THE UT MD ANDERSON CANCER CENTER,public,"fastq,sra,run.zq","ncbi,s3,gs","gs.us-east1,s3.us-east-1,ncbi.public",SRX3122154,Illumina HiSeq 4000,nuclei genome CNV 542,KTN615_2_36,SINGLE,RANDOM PCR,GENOMIC,Homo sapiens,ILLUMINA,2018-04-24T00:00:00Z,2017-08-23T19:03:00Z,1,KTN615_2_36,tumor,missing,SRP114962,KTN615,midTX,
SRR5964091,missing,WGS,48,149553600,Karalinska,PRJNA396019,SAMN07549889,Human,112335621,THE UT MD ANDERSON CANCER CENTER,public,"run.zq,fastq,sra","s3,ncbi,gs","s3.us-east-1,ncbi.public,gs.us-east1",SRX3122153,Illumina HiSeq 4000,nuclei genome CNV 541,KTN615_2_35,SINGLE,RANDOM PCR,GENOMIC,Homo sapiens,ILLUMINA,2018-04-24T00:00:00Z,2017-08-23T19:03:00Z,1,KTN615_2_35,tumor,missing,SRP114962,KTN615,midTX,
SRR5964092,missing,WGS,48,149515056,Karalinska,PRJNA396019,SAMN07549896,Human,112046291,THE UT MD ANDERSON CANCER CENTER,public,"sra,fastq,run.zq","s3,ncbi,gs","s3.us-east-1,ncbi.public,gs.us-east1",SRX3122152,Illumina HiSeq 4000,nuclei genome CNV 548,KTN615_2_42,SINGLE,RANDOM PCR,GENOMIC,Homo sapiens,ILLUMINA,2018-04-24T00:00:00Z,2017-08-23T19:03:00Z,1,KTN615_2_42,tumor,missing,SRP114962,KTN615,midTX,
SRR5964097,missing,WGS,152,283281184,Karalinska,PRJNA396019,SAMN07549970,Human,107258257,THE UT MD ANDERSON CANCER CENTER,public,"run.zq,sra,fastq","s3,ncbi,gs","s3.us-east-1,gs.us-east1,ncbi.public",SRX3122147,Illumina HiSeq 4000,nuclei genome CNV 622,KTN126_OP_30,SINGLE,RANDOM PCR,GENOMIC,Homo sapiens,ILLUMINA,2018-04-24T00:00:00Z,2017-08-23T19:03:00Z,1,KTN126_OP_30,tumor,missing,SRP114962,KTN126,postTX,
SRR5964098,missing,WGS,152,923743520,Karalinska,PRJNA396019,SAMN07549969,Human,348164718,THE UT MD ANDERSON CANCER CENTER,public,"run.zq,fastq,sra","ncbi,s3,gs","ncbi.public,gs.us-east1,s3.us-east-1",SRX3122146,Illumina HiSeq 4000,nuclei genome CNV 621,KTN126_OP_02,SINGLE,RANDOM PCR,GENOMIC,Homo sapiens,ILLUMINA,2018-04-24T00:00:00Z,2017-08-23T19:06:00Z,1,KTN126_OP_02,tumor,missing,SRP114962,KTN126,postTX,
SRR5964099,missing,WGS,152,232229856,Karalinska,PRJNA396019,SAMN07549972,Human,88751849,THE UT MD ANDERSON CANCER CENTER,public,"run.zq,sra,fastq","gs,ncbi,s3","gs.us-east1,ncbi.public,s3.us-east-1",SRX3122145,Illumina HiSeq 4000,nuclei genome CNV 624,KTN126_OP_32,SINGLE,RANDOM PCR,GENOMIC,Homo sapiens,ILLUMINA,2018-04-24T00:00:00Z,2017-08-23T19:05:00Z,1,KTN126_OP_32,tumor,missing,SRP114962,KTN126,postTX,
SRR5964101,missing,WGS,152,450867872,Karalinska,PRJNA396019,SAMN07549974,Human,171843511,THE UT MD ANDERSON CANCER CENTER,public,"sra,fastq,run.zq","gs,ncbi,s3","gs.us-east1,ncbi.public,s3.us-east-1",SRX3122143,Illumina HiSeq 4000,nuclei genome CNV 626,KTN126_OP_34,SINGLE,RANDOM PCR,GENOMIC,Homo sapiens,ILLUMINA,2018-04-24T00:00:00Z,2017-08-23T19:06:00Z,1,KTN126_OP_34,tumor,missing,SRP114962,KTN126,postTX,
SRR5964102,missing,WGS,152,575496472,Karalinska,PRJNA396019,SAMN07549973,Human,219034433,THE UT MD ANDERSON CANCER CENTER,public,"run.zq,sra,fastq","s3,ncbi,gs","ncbi.public,s3.us-east-1,gs.us-east1",SRX3122142,Illumina HiSeq 4000,nuclei genome CNV 625,KTN126_OP_33,SINGLE,RANDOM PCR,GENOMIC,Homo sapiens,ILLUMINA,2018-04-24T00:00:00Z,2017-08-23T19:06:00Z,1,KTN126_OP_33,tumor,missing,SRP114962,KTN126,postTX,
SRR5964107,missing,WGS,152,1121456152,Karalinska,PRJNA396019,SAMN07550104,Human,418485120,THE UT MD ANDERSON CANCER CENTER,public,"fastq,run.zq,sra","s3,ncbi,gs","ncbi.public,s3.us-east-1,gs.us-east1",SRX3122137,Illumina HiSeq 4000,nuclei genome CNV 756,KTN302_0_29,SINGLE,RANDOM PCR,GENOMIC,Homo sapiens,ILLUMINA,2018-04-24T00:00:00Z,2017-08-23T19:11:00Z,1,KTN302_0_29,tumor,missing,SRP114962,KTN302,preTX,
SRR5964108,missing,WGS,152,603872592,Karalinska,PRJNA396019,SAMN07550103,Human,223099459,THE UT MD ANDERSON CANCER CENTER,public,"run.zq,sra,fastq","ncbi,s3,gs","s3.us-east-1,ncbi.public,gs.us-east1",SRX3122136,Illumina HiSeq 4000,nuclei genome CNV 755,KTN302_0_28,SINGLE,RANDOM PCR,GENOMIC,Homo sapiens,ILLUMINA,2018-04-24T00:00:00Z,2017-08-23T19:08:00Z,1,KTN302_0_28,tumor,missing,SRP114962,KTN302,preTX,
SRR5964113,missing,WGS,152,925459600,Karalinska,PRJNA396019,SAMN07550165,Human,354219629,THE UT MD ANDERSON CANCER CENTER,public,"fastq,run.zq,sra","ncbi,s3,gs","ncbi.public,s3.us-east-1,gs.us-east1",SRX3122131,Illumina HiSeq 4000,nuclei genome CNV 817,KTN302_2_43,SINGLE,RANDOM PCR,GENOMIC,Homo sapiens,ILLUMINA,2018-04-24T00:00:00Z,2017-08-23T19:09:00Z,1,KTN302_2_43,tumor,missing,SRP114962,KTN302,midTX,
SRR5964114,missing,WGS,152,319457184,Karalinska,PRJNA396019,SAMN07550166,Human,123245696,THE UT MD ANDERSON CANCER CENTER,public,"sra,fastq,run.zq","s3,gs,ncbi","gs.us-east1,ncbi.public,s3.us-east-1",SRX3122130,Illumina HiSeq 4000,nuclei genome CNV 818,KTN302_2_44,SINGLE,RANDOM PCR,GENOMIC,Homo sapiens,ILLUMINA,2018-04-24T00:00:00Z,2017-08-23T19:07:00Z,1,KTN302_2_44,tumor,missing,SRP114962,KTN302,midTX,
SRR5964115,missing,WGS,152,486721176,Karalinska,PRJNA396019,SAMN07550155,Human,186553671,THE UT MD ANDERSON CANCER CENTER,public,"fastq,sra,run.zq","gs,s3,ncbi","gs.us-east1,ncbi.public,s3.us-east-1",SRX3122129,Illumina HiSeq 4000,nuclei genome CNV 807,KTN302_2_33,SINGLE,RANDOM PCR,GENOMIC,Homo sapiens,ILLUMINA,2018-04-24T00:00:00Z,2017-08-23T19:08:00Z,1,KTN302_2_33,tumor,missing,SRP114962,KTN302,midTX,
SRR5964117,missing,WGS,152,773115776,Karalinska,PRJNA396019,SAMN07550161,Human,291861331,THE UT MD ANDERSON CANCER CENTER,public,"sra,fastq,run.zq","gs,ncbi,s3","s3.us-east-1,ncbi.public,gs.us-east1",SRX3122127,Illumina HiSeq 4000,nuclei genome CNV 813,KTN302_2_03,SINGLE,RANDOM PCR,GENOMIC,Homo sapiens,ILLUMINA,2018-04-24T00:00:00Z,2017-08-23T19:09:00Z,1,KTN302_2_03,tumor,missing,SRP114962,KTN302,midTX,
SRR5964118,missing,WGS,152,375728648,Karalinska,PRJNA396019,SAMN07550162,Human,142251183,THE UT MD ANDERSON CANCER CENTER,public,"run.zq,sra,fastq","s3,ncbi,gs","ncbi.public,gs.us-east1,s3.us-east-1",SRX3122126,Illumina HiSeq 4000,nuclei genome CNV 814,KTN302_2_40,SINGLE,RANDOM PCR,GENOMIC,Homo sapiens,ILLUMINA,2018-04-24T00:00:00Z,2017-08-23T19:08:00Z,1,KTN302_2_40,tumor,missing,SRP114962,KTN302,midTX,
SRR5964119,missing,WGS,152,416243640,Karalinska,PRJNA396019,SAMN07550159,Human,158798015,THE UT MD ANDERSON CANCER CENTER,public,"fastq,sra,run.zq","gs,s3,ncbi","s3.us-east-1,gs.us-east1,ncbi.public",SRX3122125,Illumina HiSeq 4000,nuclei genome CNV 811,KTN302_2_38,SINGLE,RANDOM PCR,GENOMIC,Homo sapiens,ILLUMINA,2018-04-24T00:00:00Z,2017-08-23T19:11:00Z,1,KTN302_2_38,tumor,missing,SRP114962,KTN302,midTX,
SRR5964120,missing,WGS,152,272255712,Karalinska,PRJNA396019,SAMN07550160,Human,105880408,THE UT MD ANDERSON CANCER CENTER,public,"sra,run.zq,fastq","gs,s3,ncbi","gs.us-east1,s3.us-east-1,ncbi.public",SRX3122124,Illumina HiSeq 4000,nuclei genome CNV 812,KTN302_2_39,SINGLE,RANDOM PCR,GENOMIC,Homo sapiens,ILLUMINA,2018-04-24T00:00:00Z,2017-08-23T19:11:00Z,1,KTN302_2_39,tumor,missing,SRP114962,KTN302,midTX,
SRR5964122,missing,WGS,152,625602208,Karalinska,PRJNA396019,SAMN07550167,Human,234369645,THE UT MD ANDERSON CANCER CENTER,public,"fastq,run.zq,sra","s3,ncbi,gs","ncbi.public,s3.us-east-1,gs.us-east1",SRX3122122,Illumina HiSeq 4000,nuclei genome CNV 819,KTN302_2_45,SINGLE,RANDOM PCR,GENOMIC,Homo sapiens,ILLUMINA,2018-04-24T00:00:00Z,2017-08-23T19:13:00Z,1,KTN302_2_45,tumor,missing,SRP114962,KTN302,midTX,
SRR5964123,missing,WGS,152,343357664,Karalinska,PRJNA396019,SAMN07550168,Human,129912837,THE UT MD ANDERSON CANCER CENTER,public,"fastq,run.zq,sra","s3,ncbi,gs","ncbi.public,gs.us-east1,s3.us-east-1",SRX3122121,Illumina HiSeq 4000,nuclei genome CNV 820,KTN302_2_46,SINGLE,RANDOM PCR,GENOMIC,Homo sapiens,ILLUMINA,2018-04-24T00:00:00Z,2017-08-23T19:11:00Z,1,KTN302_2_46,tumor,missing,SRP114962,KTN302,midTX,
SRR5964124,missing,WGS,152,659390896,Karalinska,PRJNA396019,SAMN07549903,Human,244115786,THE UT MD ANDERSON CANCER CENTER,public,"run.zq,sra,fastq","s3,ncbi,gs","gs.us-east1,s3.us-east-1,ncbi.public",SRX3122120,Illumina HiSeq 4000,nuclei genome CNV 555,KTN126_0_10,SINGLE,RANDOM PCR,GENOMIC,Homo sapiens,ILLUMINA,2018-04-24T00:00:00Z,2017-08-23T19:12:00Z,1,KTN126_0_10,tumor,missing,SRP114962,KTN126,preTX,
SRR5964126,missing,WGS,152,248124344,Karalinska,PRJNA396019,SAMN07549905,Human,91253075,THE UT MD ANDERSON CANCER CENTER,public,"run.zq,sra,fastq","s3,ncbi,gs","s3.us-east-1,gs.us-east1,ncbi.public",SRX3122118,Illumina HiSeq 4000,nuclei genome CNV 557,KTN126_0_12,SINGLE,RANDOM PCR,GENOMIC,Homo sapiens,ILLUMINA,2018-04-24T00:00:00Z,2017-08-23T19:11:00Z,1,KTN126_0_12,tumor,missing,SRP114962,KTN126,preTX,
SRR5964127,missing,WGS,152,875051384,Karalinska,PRJNA396019,SAMN07549906,Human,322109152,THE UT MD ANDERSON CANCER CENTER,public,"run.zq,fastq,sra","s3,gs,ncbi","s3.us-east-1,ncbi.public,gs.us-east1",SRX3122117,Illumina HiSeq 4000,nuclei genome CNV 558,KTN126_0_13,SINGLE,RANDOM PCR,GENOMIC,Homo sapiens,ILLUMINA,2018-04-24T00:00:00Z,2017-08-23T19:14:00Z,1,KTN126_0_13,tumor,missing,SRP114962,KTN126,preTX,
SRR5964128,missing,WGS,48,65639232,Karalinska,PRJNA396019,SAMN07549899,Human,49219580,THE UT MD ANDERSON CANCER CENTER,public,"sra,fastq,run.zq","ncbi,s3,gs","gs.us-east1,s3.us-east-1,ncbi.public",SRX3122116,Illumina HiSeq 4000,nuclei genome CNV 551,KTN615_2_45,SINGLE,RANDOM PCR,GENOMIC,Homo sapiens,ILLUMINA,2018-04-24T00:00:00Z,2017-08-23T19:10:00Z,1,KTN615_2_45,tumor,missing,SRP114962,KTN615,midTX,
SRR5964131,missing,WGS,48,116682768,Karalinska,PRJNA396019,SAMN07549902,Human,80524633,THE UT MD ANDERSON CANCER CENTER,public,"fastq,run.zq,sra","gs,s3,ncbi","s3.us-east-1,ncbi.public,gs.us-east1",SRX3122113,Illumina HiSeq 4000,nuclei genome CNV 554,KTN615_2_Pop,SINGLE,RANDOM PCR,GENOMIC,Homo sapiens,ILLUMINA,2018-04-24T00:00:00Z,2017-08-23T19:13:00Z,1,KTN615_2_Pop,tumor,missing,SRP114962,KTN615,midTX,
SRR5964132,missing,WGS,152,522769496,Karalinska,PRJNA396019,SAMN07550082,Human,191759067,THE UT MD ANDERSON CANCER CENTER,public,"run.zq,sra,fastq","s3,ncbi,gs","ncbi.public,s3.us-east-1,gs.us-east1",SRX3122112,Illumina HiSeq 4000,nuclei genome CNV 734,KTN129_OP_06,SINGLE,RANDOM PCR,GENOMIC,Homo sapiens,ILLUMINA,2018-04-24T00:00:00Z,2017-08-23T19:14:00Z,1,KTN129_OP_06,tumor,missing,SRP114962,KTN129,postTX,
SRR5964133,missing,WGS,152,260526480,Karalinska,PRJNA396019,SAMN07549948,Human,97240110,THE UT MD ANDERSON CANCER CENTER,public,"sra,fastq,run.zq","ncbi,s3,gs","ncbi.public,s3.us-east-1,gs.us-east1",SRX3122111,Illumina HiSeq 4000,nuclei genome CNV 600,KTN126_0_09,SINGLE,RANDOM PCR,GENOMIC,Homo sapiens,ILLUMINA,2018-04-24T00:00:00Z,2017-08-23T19:14:00Z,1,KTN126_0_09,tumor,missing,SRP114962,KTN126,preTX,
SRR5964134,missing,WGS,152,795153496,Karalinska,PRJNA396019,SAMN07550174,Human,306174032,THE UT MD ANDERSON CANCER CENTER,public,"fastq,sra,run.zq","ncbi,s3,gs","gs.us-east1,ncbi.public,s3.us-east-1",SRX3122110,Illumina HiSeq 4000,nuclei genome CNV 826,KTN302_2_07,SINGLE,RANDOM PCR,GENOMIC,Homo sapiens,ILLUMINA,2018-04-24T00:00:00Z,2017-08-23T19:15:00Z,1,KTN302_2_07,tumor,missing,SRP114962,KTN302,midTX,
SRR5964135,missing,WGS,152,1100759680,Karalinska,PRJNA396019,SAMN07549907,Human,403255728,THE UT MD ANDERSON CANCER CENTER,public,"fastq,run.zq,sra","gs,ncbi,s3","gs.us-east1,ncbi.public,s3.us-east-1",SRX3122109,Illumina HiSeq 4000,nuclei genome CNV 559,KTN126_0_14,SINGLE,RANDOM PCR,GENOMIC,Homo sapiens,ILLUMINA,2018-04-24T00:00:00Z,2017-08-23T19:16:00Z,1,KTN126_0_14,tumor,missing,SRP114962,KTN126,preTX,
SRR5964136,missing,WGS,152,820129376,Karalinska,PRJNA396019,SAMN07549908,Human,301032325,THE UT MD ANDERSON CANCER CENTER,public,"fastq,run.zq,sra","gs,s3,ncbi","gs.us-east1,s3.us-east-1,ncbi.public",SRX3122108,Illumina HiSeq 4000,nuclei genome CNV 560,KTN126_0_15,SINGLE,RANDOM PCR,GENOMIC,Homo sapiens,ILLUMINA,2018-04-24T00:00:00Z,2017-08-23T19:16:00Z,1,KTN126_0_15,tumor,missing,SRP114962,KTN126,preTX,
SRR5964138,missing,WGS,152,485443920,Karalinska,PRJNA396019,SAMN07550057,Human,181855919,THE UT MD ANDERSON CANCER CENTER,public,"fastq,sra,run.zq","ncbi,gs,s3","s3.us-east-1,ncbi.public,gs.us-east1",SRX3122106,Illumina HiSeq 4000,nuclei genome CNV 709,KTN129_OP_25,SINGLE,RANDOM PCR,GENOMIC,Homo sapiens,ILLUMINA,2018-04-24T00:00:00Z,2017-08-23T19:16:00Z,1,KTN129_OP_25,tumor,missing,SRP114962,KTN129,postTX,
SRR5964139,missing,WGS,152,627916408,Karalinska,PRJNA396019,SAMN07550117,Human,236471397,THE UT MD ANDERSON CANCER CENTER,public,"sra,run.zq,fastq","gs,ncbi,s3","gs.us-east1,ncbi.public,s3.us-east-1",SRX3122105,Illumina HiSeq 4000,nuclei genome CNV 769,KTN302_0_41,SINGLE,RANDOM PCR,GENOMIC,Homo sapiens,ILLUMINA,2018-04-24T00:00:00Z,2017-08-23T19:16:00Z,1,KTN302_0_41,tumor,missing,SRP114962,KTN302,preTX,
SRR5964140,missing,WGS,152,446520520,Karalinska,PRJNA396019,SAMN07550118,Human,178973730,THE UT MD ANDERSON CANCER CENTER,public,"run.zq,sra,fastq","s3,gs,ncbi","gs.us-east1,ncbi.public,s3.us-east-1",SRX3122104,Illumina HiSeq 4000,nuclei genome CNV 770,KTN302_0_42,SINGLE,RANDOM PCR,GENOMIC,Homo sapiens,ILLUMINA,2018-04-24T00:00:00Z,2017-08-23T19:16:00Z,1,KTN302_0_42,tumor,missing,SRP114962,KTN302,preTX,
SRR5964142,missing,WGS,152,1066490672,Karalinska,PRJNA396019,SAMN07550111,Human,403917241,THE UT MD ANDERSON CANCER CENTER,public,"fastq,run.zq,sra","gs,s3,ncbi","ncbi.public,gs.us-east1,s3.us-east-1",SRX3122102,Illumina HiSeq 4000,nuclei genome CNV 763,KTN302_0_36,SINGLE,RANDOM PCR,GENOMIC,Homo sapiens,ILLUMINA,2018-04-24T00:00:00Z,2017-08-23T19:18:00Z,1,KTN302_0_36,tumor,missing,SRP114962,KTN302,preTX,
SRR5964143,missing,WGS,152,1169994008,Karalinska,PRJNA396019,SAMN07550112,Human,435224628,THE UT MD ANDERSON CANCER CENTER,public,"fastq,sra,run.zq","ncbi,s3,gs","gs.us-east1,s3.us-east-1,ncbi.public",SRX3122101,Illumina HiSeq 4000,nuclei genome CNV 764,KTN302_0_37,SINGLE,RANDOM PCR,GENOMIC,Homo sapiens,ILLUMINA,2018-04-24T00:00:00Z,2017-08-23T19:18:00Z,1,KTN302_0_37,tumor,missing,SRP114962,KTN302,preTX,
SRR5964144,missing,WGS,152,920823752,Karalinska,PRJNA396019,SAMN07550109,Human,349954817,THE UT MD ANDERSON CANCER CENTER,public,"fastq,sra,run.zq","ncbi,s3,gs","gs.us-east1,s3.us-east-1,ncbi.public",SRX3122100,Illumina HiSeq 4000,nuclei genome CNV 761,KTN302_0_34,SINGLE,RANDOM PCR,GENOMIC,Homo sapiens,ILLUMINA,2018-04-24T00:00:00Z,2017-08-23T19:17:00Z,1,KTN302_0_34,tumor,missing,SRP114962,KTN302,preTX,
SRR5964145,missing,WGS,152,1286271120,Karalinska,PRJNA396019,SAMN07550110,Human,483905798,THE UT MD ANDERSON CANCER CENTER,public,"run.zq,fastq,sra","s3,gs,ncbi","ncbi.public,s3.us-east-1,gs.us-east1",SRX3122099,Illumina HiSeq 4000,nuclei genome CNV 762,KTN302_0_35,SINGLE,RANDOM PCR,GENOMIC,Homo sapiens,ILLUMINA,2018-04-24T00:00:00Z,2017-08-23T19:18:00Z,1,KTN302_0_35,tumor,missing,SRP114962,KTN302,preTX,
SRR5964149,missing,WGS,152,437851200,Karalinska,PRJNA396019,SAMN07550114,Human,166411066,THE UT MD ANDERSON CANCER CENTER,public,"fastq,sra,run.zq","gs,s3,ncbi","s3.us-east-1,ncbi.public,gs.us-east1",SRX3122095,Illumina HiSeq 4000,nuclei genome CNV 766,KTN302_0_39,SINGLE,RANDOM PCR,GENOMIC,Homo sapiens,ILLUMINA,2018-04-24T00:00:00Z,2017-08-23T19:18:00Z,1,KTN302_0_39,tumor,missing,SRP114962,KTN302,preTX,
SRR5964150,missing,WGS,152,777827624,Karalinska,PRJNA396019,SAMN07550003,Human,291963992,THE UT MD ANDERSON CANCER CENTER,public,"sra,fastq,run.zq","ncbi,s3,gs","s3.us-east-1,ncbi.public,gs.us-east1",SRX3122094,Illumina HiSeq 4000,nuclei genome CNV 655,KTN129_0_17,SINGLE,RANDOM PCR,GENOMIC,Homo sapiens,ILLUMINA,2018-04-24T00:00:00Z,2017-08-23T19:19:00Z,1,KTN129_0_17,tumor,missing,SRP114962,KTN129,preTX,
SRR5964151,missing,WGS,152,812556736,Karalinska,PRJNA396019,SAMN07550004,Human,305422805,THE UT MD ANDERSON CANCER CENTER,public,"sra,fastq,run.zq","ncbi,gs,s3","ncbi.public,s3.us-east-1,gs.us-east1",SRX3122093,Illumina HiSeq 4000,nuclei genome CNV 656,KTN129_0_18,SINGLE,RANDOM PCR,GENOMIC,Homo sapiens,ILLUMINA,2018-04-24T00:00:00Z,2017-08-23T19:20:00Z,1,KTN129_0_18,tumor,missing,SRP114962,KTN129,preTX,
SRR5964153,missing,WGS,152,1012186848,Karalinska,PRJNA396019,SAMN07550006,Human,375550848,THE UT MD ANDERSON CANCER CENTER,public,"fastq,run.zq,sra","ncbi,s3,gs","gs.us-east1,ncbi.public,s3.us-east-1",SRX3122091,Illumina HiSeq 4000,nuclei genome CNV 658,KTN129_0_01,SINGLE,RANDOM PCR,GENOMIC,Homo sapiens,ILLUMINA,2018-04-24T00:00:00Z,2017-08-23T19:23:00Z,1,KTN129_0_01,tumor,missing,SRP114962,KTN129,preTX,
SRR5964154,missing,WGS,152,1531366712,Karalinska,PRJNA396019,SAMN07549999,Human,576631771,THE UT MD ANDERSON CANCER CENTER,public,"sra,run.zq,fastq","gs,s3,ncbi","ncbi.public,s3.us-east-1,gs.us-east1",SRX3122090,Illumina HiSeq 4000,nuclei genome CNV 651,KTN129_0_13,SINGLE,RANDOM PCR,GENOMIC,Homo sapiens,ILLUMINA,2018-04-24T00:00:00Z,2017-08-23T19:22:00Z,1,KTN129_0_13,tumor,missing,SRP114962,KTN129,preTX,
SRR5964155,missing,WGS,152,1028990752,Karalinska,PRJNA396019,SAMN07550000,Human,386200392,THE UT MD ANDERSON CANCER CENTER,public,"fastq,run.zq,sra","s3,ncbi,gs","ncbi.public,s3.us-east-1,gs.us-east1",SRX3122089,Illumina HiSeq 4000,nuclei genome CNV 652,KTN129_0_14,SINGLE,RANDOM PCR,GENOMIC,Homo sapiens,ILLUMINA,2018-04-24T00:00:00Z,2017-08-23T19:21:00Z,1,KTN129_0_14,tumor,missing,SRP114962,KTN129,preTX,
SRR5964158,missing,WGS,152,934921600,Karalinska,PRJNA396019,SAMN07550137,Human,356936006,THE UT MD ANDERSON CANCER CENTER,public,"run.zq,sra,fastq","s3,ncbi,gs","ncbi.public,s3.us-east-1,gs.us-east1",SRX3122086,Illumina HiSeq 4000,nuclei genome CNV 789,KTN302_2_14,SINGLE,RANDOM PCR,GENOMIC,Homo sapiens,ILLUMINA,2018-04-24T00:00:00Z,2017-08-23T19:22:00Z,1,KTN302_2_14,tumor,missing,SRP114962,KTN302,midTX,
SRR5964159,missing,WGS,152,1759623592,Karalinska,PRJNA396019,SAMN07549936,Human,665662657,THE UT MD ANDERSON CANCER CENTER,public,"run.zq,fastq,sra","ncbi,gs,s3","ncbi.public,s3.us-east-1,gs.us-east1",SRX3122085,Illumina HiSeq 4000,nuclei genome CNV 588,KTN126_0_41,SINGLE,RANDOM PCR,GENOMIC,Homo sapiens,ILLUMINA,2018-04-24T00:00:00Z,2017-08-23T19:24:00Z,1,KTN126_0_41,tumor,missing,SRP114962,KTN126,preTX,
SRR5964160,missing,WGS,152,1056759328,Karalinska,PRJNA396019,SAMN07550007,Human,397656053,THE UT MD ANDERSON CANCER CENTER,public,"run.zq,fastq,sra","ncbi,gs,s3","s3.us-east-1,gs.us-east1,ncbi.public",SRX3122084,Illumina HiSeq 4000,nuclei genome CNV 659,KTN129_0_20,SINGLE,RANDOM PCR,GENOMIC,Homo sapiens,ILLUMINA,2018-04-24T00:00:00Z,2017-08-23T19:22:00Z,1,KTN129_0_20,tumor,missing,SRP114962,KTN129,preTX,
SRR5964162,missing,WGS,152,1078497760,Karalinska,PRJNA396019,SAMN07549910,Human,397538305,THE UT MD ANDERSON CANCER CENTER,public,"run.zq,fastq,sra","s3,ncbi,gs","ncbi.public,s3.us-east-1,gs.us-east1",SRX3122082,Illumina HiSeq 4000,nuclei genome CNV 562,KTN126_0_17,SINGLE,RANDOM PCR,GENOMIC,Homo sapiens,ILLUMINA,2018-04-24T00:00:00Z,2017-08-23T19:22:00Z,1,KTN126_0_17,tumor,missing,SRP114962,KTN126,preTX,
SRR5964163,missing,WGS,152,546038568,Karalinska,PRJNA396019,SAMN07549909,Human,208461292,THE UT MD ANDERSON CANCER CENTER,public,"sra,fastq,run.zq","gs,ncbi,s3","ncbi.public,s3.us-east-1,gs.us-east1",SRX3122081,Illumina HiSeq 4000,nuclei genome CNV 561,KTN126_0_16,SINGLE,RANDOM PCR,GENOMIC,Homo sapiens,ILLUMINA,2018-04-24T00:00:00Z,2017-08-23T19:21:00Z,1,KTN126_0_16,tumor,missing,SRP114962,KTN126,preTX,
SRR5964164,missing,WGS,152,434737328,Karalinska,PRJNA396019,SAMN07549912,Human,162110263,THE UT MD ANDERSON CANCER CENTER,public,"sra,run.zq,fastq","s3,ncbi,gs","s3.us-east-1,gs.us-east1,ncbi.public",SRX3122080,Illumina HiSeq 4000,nuclei genome CNV 564,KTN126_0_19,SINGLE,RANDOM PCR,GENOMIC,Homo sapiens,ILLUMINA,2018-04-24T00:00:00Z,2017-08-23T19:20:00Z,1,KTN126_0_19,tumor,missing,SRP114962,KTN126,preTX,
SRR5964165,missing,WGS,152,900643016,Karalinska,PRJNA396019,SAMN07549911,Human,335176317,THE UT MD ANDERSON CANCER CENTER,public,"fastq,run.zq,sra","ncbi,s3,gs","gs.us-east1,ncbi.public,s3.us-east-1",SRX3122079,Illumina HiSeq 4000,nuclei genome CNV 563,KTN126_0_18,SINGLE,RANDOM PCR,GENOMIC,Homo sapiens,ILLUMINA,2018-04-24T00:00:00Z,2017-08-23T19:23:00Z,1,KTN126_0_18,tumor,missing,SRP114962,KTN126,preTX,
SRR5964167,missing,WGS,152,602405792,Karalinska,PRJNA396019,SAMN07549913,Human,223425805,THE UT MD ANDERSON CANCER CENTER,public,"sra,run.zq,fastq","s3,ncbi,gs","ncbi.public,s3.us-east-1,gs.us-east1",SRX3122077,Illumina HiSeq 4000,nuclei genome CNV 565,KTN126_0_20,SINGLE,RANDOM PCR,GENOMIC,Homo sapiens,ILLUMINA,2018-04-24T00:00:00Z,2017-08-23T19:22:00Z,1,KTN126_0_20,tumor,missing,SRP114962,KTN126,preTX,
SRR5964168,missing,WGS,152,339691272,Karalinska,PRJNA396019,SAMN07549916,Human,126466225,THE UT MD ANDERSON CANCER CENTER,public,"sra,fastq,run.zq","gs,ncbi,s3","s3.us-east-1,gs.us-east1,ncbi.public",SRX3122076,Illumina HiSeq 4000,nuclei genome CNV 568,KTN126_0_23,SINGLE,RANDOM PCR,GENOMIC,Homo sapiens,ILLUMINA,2018-04-24T00:00:00Z,2017-08-23T19:22:00Z,1,KTN126_0_23,tumor,missing,SRP114962,KTN126,preTX,
SRR5964169,missing,WGS,152,968081464,Karalinska,PRJNA396019,SAMN07549915,Human,354135077,THE UT MD ANDERSON CANCER CENTER,public,"run.zq,sra,fastq","ncbi,gs,s3","ncbi.public,gs.us-east1,s3.us-east-1",SRX3122075,Illumina HiSeq 4000,nuclei genome CNV 567,KTN126_0_22,SINGLE,RANDOM PCR,GENOMIC,Homo sapiens,ILLUMINA,2018-04-24T00:00:00Z,2017-08-23T19:25:00Z,1,KTN126_0_22,tumor,missing,SRP114962,KTN126,preTX,
SRR5964170,missing,WGS,152,391488008,Karalinska,PRJNA396019,SAMN07549918,Human,144492344,THE UT MD ANDERSON CANCER CENTER,public,"sra,run.zq,fastq","ncbi,gs,s3","gs.us-east1,s3.us-east-1,ncbi.public",SRX3122074,Illumina HiSeq 4000,nuclei genome CNV 570,KTN126_0_25,SINGLE,RANDOM PCR,GENOMIC,Homo sapiens,ILLUMINA,2018-04-24T00:00:00Z,2017-08-23T19:22:00Z,1,KTN126_0_25,tumor,missing,SRP114962,KTN126,preTX,
SRR5964172,missing,WGS,152,460868104,Karalinska,PRJNA396019,SAMN07550115,Human,171403175,THE UT MD ANDERSON CANCER CENTER,public,"sra,run.zq,fastq","ncbi,s3,gs","ncbi.public,s3.us-east-1,gs.us-east1",SRX3122072,Illumina HiSeq 4000,nuclei genome CNV 767,KTN302_0_03,SINGLE,RANDOM PCR,GENOMIC,Homo sapiens,ILLUMINA,2018-04-24T00:00:00Z,2017-08-23T19:22:00Z,1,KTN302_0_03,tumor,missing,SRP114962,KTN302,preTX,
SRR5964173,missing,WGS,152,713124264,Karalinska,PRJNA396019,SAMN07550108,Human,267638630,THE UT MD ANDERSON CANCER CENTER,public,"fastq,sra,run.zq","ncbi,s3,gs","s3.us-east-1,gs.us-east1,ncbi.public",SRX3122071,Illumina HiSeq 4000,nuclei genome CNV 760,KTN302_0_33,SINGLE,RANDOM PCR,GENOMIC,Homo sapiens,ILLUMINA,2018-04-24T00:00:00Z,2017-08-23T19:24:00Z,1,KTN302_0_33,tumor,missing,SRP114962,KTN302,preTX,
SRR5964174,missing,WGS,152,538486904,Karalinska,PRJNA396019,SAMN07550158,Human,203619618,THE UT MD ANDERSON CANCER CENTER,public,"sra,fastq,run.zq","ncbi,s3,gs","ncbi.public,gs.us-east1,s3.us-east-1",SRX3122070,Illumina HiSeq 4000,nuclei genome CNV 810,KTN302_2_37,SINGLE,RANDOM PCR,GENOMIC,Homo sapiens,ILLUMINA,2018-04-24T00:00:00Z,2017-08-23T19:24:00Z,1,KTN302_2_37,tumor,missing,SRP114962,KTN302,midTX,
SRR5964176,missing,WGS,152,447228992,Karalinska,PRJNA396019,SAMN07550105,Human,167995968,THE UT MD ANDERSON CANCER CENTER,public,"sra,run.zq,fastq","ncbi,s3,gs","s3.us-east-1,gs.us-east1,ncbi.public",SRX3122068,Illumina HiSeq 4000,nuclei genome CNV 757,KTN302_0_02,SINGLE,RANDOM PCR,GENOMIC,Homo sapiens,ILLUMINA,2018-04-24T00:00:00Z,2017-08-23T19:23:00Z,1,KTN302_0_02,tumor,missing,SRP114962,KTN302,preTX,
SRR5964177,missing,WGS,152,446449840,Karalinska,PRJNA396019,SAMN07549945,Human,168839629,THE UT MD ANDERSON CANCER CENTER,public,"fastq,sra,run.zq","s3,ncbi,gs","ncbi.public,gs.us-east1,s3.us-east-1",SRX3122067,Illumina HiSeq 4000,nuclei genome CNV 597,KTN126_0_06,SINGLE,RANDOM PCR,GENOMIC,Homo sapiens,ILLUMINA,2018-04-24T00:00:00Z,2017-08-23T19:23:00Z,1,KTN126_0_06,tumor,missing,SRP114962,KTN126,preTX,
SRR5964179,missing,WGS,152,506288288,Karalinska,PRJNA396019,SAMN07549946,Human,187935639,THE UT MD ANDERSON CANCER CENTER,public,"sra,run.zq,fastq","s3,gs,ncbi","ncbi.public,gs.us-east1,s3.us-east-1",SRX3122065,Illumina HiSeq 4000,nuclei genome CNV 598,KTN126_0_07,SINGLE,RANDOM PCR,GENOMIC,Homo sapiens,ILLUMINA,2018-04-24T00:00:00Z,2017-08-23T19:26:00Z,1,KTN126_0_07,tumor,missing,SRP114962,KTN126,preTX,
SRR5964180,missing,WGS,152,525653088,Karalinska,PRJNA396019,SAMN07550128,Human,195662485,THE UT MD ANDERSON CANCER CENTER,public,"fastq,sra,run.zq","gs,s3,ncbi","gs.us-east1,ncbi.public,s3.us-east-1",SRX3122064,Illumina HiSeq 4000,nuclei genome CNV 780,KTN302_0_07,SINGLE,RANDOM PCR,GENOMIC,Homo sapiens,ILLUMINA,2018-04-24T00:00:00Z,2017-08-23T19:25:00Z,1,KTN302_0_07,tumor,missing,SRP114962,KTN302,preTX,
SRR5964181,missing,WGS,152,364378808,Karalinska,PRJNA396019,SAMN07550127,Human,139405138,THE UT MD ANDERSON CANCER CENTER,public,"run.zq,sra,fastq","s3,ncbi,gs","s3.us-east-1,ncbi.public,gs.us-east1",SRX3122063,Illumina HiSeq 4000,nuclei genome CNV 779,KTN302_0_06,SINGLE,RANDOM PCR,GENOMIC,Homo sapiens,ILLUMINA,2018-04-24T00:00:00Z,2017-08-23T19:25:00Z,1,KTN302_0_06,tumor,missing,SRP114962,KTN302,preTX,
SRR5964182,missing,WGS,152,854030088,Karalinska,PRJNA396019,SAMN07550154,Human,331291431,THE UT MD ANDERSON CANCER CENTER,public,"fastq,run.zq,sra","s3,ncbi,gs","ncbi.public,s3.us-east-1,gs.us-east1",SRX3122062,Illumina HiSeq 4000,nuclei genome CNV 806,KTN302_2_32,SINGLE,RANDOM PCR,GENOMIC,Homo sapiens,ILLUMINA,2018-04-24T00:00:00Z,2017-08-23T19:28:00Z,1,KTN302_2_32,tumor,missing,SRP114962,KTN302,midTX,
SRR5964185,missing,WGS,152,1764889328,Karalinska,PRJNA396019,SAMN07550122,Human,662809907,THE UT MD ANDERSON CANCER CENTER,public,"fastq,run.zq,sra","ncbi,gs,s3","ncbi.public,s3.us-east-1,gs.us-east1",SRX3122059,Illumina HiSeq 4000,nuclei genome CNV 774,KTN302_0_46,SINGLE,RANDOM PCR,GENOMIC,Homo sapiens,ILLUMINA,2018-04-24T00:00:00Z,2017-08-23T19:32:00Z,1,KTN302_0_46,tumor,missing,SRP114962,KTN302,preTX,
SRR5964187,missing,WGS,152,1211499888,Karalinska,PRJNA396019,SAMN07550124,Human,450067782,THE UT MD ANDERSON CANCER CENTER,public,"run.zq,sra,fastq","ncbi,s3,gs","ncbi.public,gs.us-east1,s3.us-east-1",SRX3122057,Illumina HiSeq 4000,nuclei genome CNV 776,KTN302_0_48,SINGLE,RANDOM PCR,GENOMIC,Homo sapiens,ILLUMINA,2018-04-24T00:00:00Z,2017-08-23T19:29:00Z,1,KTN302_0_48,tumor,missing,SRP114962,KTN302,preTX,
SRR5964188,missing,WGS,152,1725507496,Karalinska,PRJNA396019,SAMN07550123,Human,643562986,THE UT MD ANDERSON CANCER CENTER,public,"run.zq,fastq,sra","gs,ncbi,s3","gs.us-east1,ncbi.public,s3.us-east-1",SRX3122056,Illumina HiSeq 4000,nuclei genome CNV 775,KTN302_0_47,SINGLE,RANDOM PCR,GENOMIC,Homo sapiens,ILLUMINA,2018-04-24T00:00:00Z,2017-08-23T19:30:00Z,1,KTN302_0_47,tumor,missing,SRP114962,KTN302,preTX,
SRR5964191,missing,WGS,152,953216472,Karalinska,PRJNA396019,SAMN07549992,Human,361081275,THE UT MD ANDERSON CANCER CENTER,public,"sra,run.zq,fastq","ncbi,gs,s3","s3.us-east-1,ncbi.public,gs.us-east1",SRX3122053,Illumina HiSeq 4000,nuclei genome CNV 644,KTN126_OP_07,SINGLE,RANDOM PCR,GENOMIC,Homo sapiens,ILLUMINA,2018-04-24T00:00:00Z,2017-08-23T19:28:00Z,1,KTN126_OP_07,tumor,missing,SRP114962,KTN126,postTX,
SRR5964192,missing,WGS,152,847844600,Karalinska,PRJNA396019,SAMN07549991,Human,318176473,THE UT MD ANDERSON CANCER CENTER,public,"run.zq,sra,fastq","ncbi,s3,gs","ncbi.public,s3.us-east-1,gs.us-east1",SRX3122052,Illumina HiSeq 4000,nuclei genome CNV 643,KTN126_OP_06,SINGLE,RANDOM PCR,GENOMIC,Homo sapiens,ILLUMINA,2018-04-24T00:00:00Z,2017-08-23T19:28:00Z,1,KTN126_OP_06,tumor,missing,SRP114962,KTN126,postTX,
SRR5964193,missing,WGS,152,818806824,Karalinska,PRJNA396019,SAMN07549990,Human,307171476,THE UT MD ANDERSON CANCER CENTER,public,"fastq,run.zq,sra","gs,s3,ncbi","s3.us-east-1,gs.us-east1,ncbi.public",SRX3122051,Illumina HiSeq 4000,nuclei genome CNV 642,KTN126_OP_05,SINGLE,RANDOM PCR,GENOMIC,Homo sapiens,ILLUMINA,2018-04-24T00:00:00Z,2017-08-23T19:29:00Z,1,KTN126_OP_05,tumor,missing,SRP114962,KTN126,postTX,
SRR5964194,missing,WGS,152,868243608,Karalinska,PRJNA396019,SAMN07549989,Human,327304520,THE UT MD ANDERSON CANCER CENTER,public,"run.zq,sra,fastq","gs,ncbi,s3","s3.us-east-1,gs.us-east1,ncbi.public",SRX3122050,Illumina HiSeq 4000,nuclei genome CNV 641,KTN126_OP_04,SINGLE,RANDOM PCR,GENOMIC,Homo sapiens,ILLUMINA,2018-04-24T00:00:00Z,2017-08-23T19:31:00Z,1,KTN126_OP_04,tumor,missing,SRP114962,KTN126,postTX,
SRR5964195,missing,WGS,152,593953984,Karalinska,PRJNA396019,SAMN07549996,Human,224054809,THE UT MD ANDERSON CANCER CENTER,public,"fastq,run.zq,sra","ncbi,gs,s3","ncbi.public,s3.us-east-1,gs.us-east1",SRX3122049,Illumina HiSeq 4000,nuclei genome CNV 648,KTN129_0_10,SINGLE,RANDOM PCR,GENOMIC,Homo sapiens,ILLUMINA,2018-04-24T00:00:00Z,2017-08-23T19:29:00Z,1,KTN129_0_10,tumor,missing,SRP114962,KTN129,preTX,
SRR5964196,missing,WGS,152,1826507848,Karalinska,PRJNA396019,SAMN07549995,Human,664426028,THE UT MD ANDERSON CANCER CENTER,public,"sra,run.zq,fastq","s3,gs,ncbi","s3.us-east-1,ncbi.public,gs.us-east1",SRX3122048,Illumina HiSeq 4000,nuclei genome CNV 647,KTN126_OP_POP,SINGLE,RANDOM PCR,GENOMIC,Homo sapiens,ILLUMINA,2018-04-24T00:00:00Z,2017-08-23T19:32:00Z,1,KTN126_OP_POP,tumor,missing,SRP114962,KTN126,postTX,
SRR5964197,missing,WGS,152,554474264,Karalinska,PRJNA396019,SAMN07549994,Human,208332161,THE UT MD ANDERSON CANCER CENTER,public,"run.zq,sra,fastq","ncbi,gs,s3","s3.us-east-1,ncbi.public,gs.us-east1",SRX3122047,Illumina HiSeq 4000,nuclei genome CNV 646,KTN126_OP_09,SINGLE,RANDOM PCR,GENOMIC,Homo sapiens,ILLUMINA,2018-04-24T00:00:00Z,2017-08-23T19:29:00Z,1,KTN126_OP_09,tumor,missing,SRP114962,KTN126,postTX,
SRR5964198,missing,WGS,152,863624632,Karalinska,PRJNA396019,SAMN07549993,Human,324027824,THE UT MD ANDERSON CANCER CENTER,public,"sra,run.zq,fastq","ncbi,gs,s3","s3.us-east-1,gs.us-east1,ncbi.public",SRX3122046,Illumina HiSeq 4000,nuclei genome CNV 645,KTN126_OP_08,SINGLE,RANDOM PCR,GENOMIC,Homo sapiens,ILLUMINA,2018-04-24T00:00:00Z,2017-08-23T19:32:00Z,1,KTN126_OP_08,tumor,missing,SRP114962,KTN126,postTX,
SRR5964199,missing,WGS,152,504060576,Karalinska,PRJNA396019,SAMN07549998,Human,188699170,THE UT MD ANDERSON CANCER CENTER,public,"sra,run.zq,fastq","ncbi,gs,s3","s3.us-east-1,gs.us-east1,ncbi.public",SRX3122045,Illumina HiSeq 4000,nuclei genome CNV 650,KTN129_0_12,SINGLE,RANDOM PCR,GENOMIC,Homo sapiens,ILLUMINA,2018-04-24T00:00:00Z,2017-08-23T19:30:00Z,1,KTN129_0_12,tumor,missing,SRP114962,KTN129,preTX,
SRR5964200,missing,WGS,152,639968032,Karalinska,PRJNA396019,SAMN07549997,Human,241278248,THE UT MD ANDERSON CANCER CENTER,public,"run.zq,fastq,sra","ncbi,s3,gs","gs.us-east1,ncbi.public,s3.us-east-1",SRX3122044,Illumina HiSeq 4000,nuclei genome CNV 649,KTN129_0_11,SINGLE,RANDOM PCR,GENOMIC,Homo sapiens,ILLUMINA,2018-04-24T00:00:00Z,2017-08-23T19:32:00Z,1,KTN129_0_11,tumor,missing,SRP114962,KTN129,preTX,
SRR5964202,missing,WGS,152,1091146440,Karalinska,PRJNA396019,SAMN07549941,Human,400179823,THE UT MD ANDERSON CANCER CENTER,public,"run.zq,fastq,sra","ncbi,s3,gs","s3.us-east-1,gs.us-east1,ncbi.public",SRX3122042,Illumina HiSeq 4000,nuclei genome CNV 593,KTN126_0_46,SINGLE,RANDOM PCR,GENOMIC,Homo sapiens,ILLUMINA,2018-04-24T00:00:00Z,2017-08-23T19:32:00Z,1,KTN126_0_46,tumor,missing,SRP114962,KTN126,preTX,
SRR5964203,missing,WGS,152,474338496,Karalinska,PRJNA396019,SAMN07549921,Human,173676519,THE UT MD ANDERSON CANCER CENTER,public,"run.zq,sra,fastq","gs,ncbi,s3","s3.us-east-1,gs.us-east1,ncbi.public",SRX3122041,Illumina HiSeq 4000,nuclei genome CNV 573,KTN126_0_28,SINGLE,RANDOM PCR,GENOMIC,Homo sapiens,ILLUMINA,2018-04-24T00:00:00Z,2017-08-23T19:32:00Z,1,KTN126_0_28,tumor,missing,SRP114962,KTN126,preTX,
SRR5964204,missing,WGS,152,1191356848,Karalinska,PRJNA396019,SAMN07549922,Human,441048184,THE UT MD ANDERSON CANCER CENTER,public,"fastq,run.zq,sra","ncbi,gs,s3","gs.us-east1,s3.us-east-1,ncbi.public",SRX3122040,Illumina HiSeq 4000,nuclei genome CNV 574,KTN126_0_29,SINGLE,RANDOM PCR,GENOMIC,Homo sapiens,ILLUMINA,2018-04-24T00:00:00Z,2017-08-23T19:32:00Z,1,KTN126_0_29,tumor,missing,SRP114962,KTN126,preTX,
SRR5964207,missing,WGS,152,964177192,Karalinska,PRJNA396019,SAMN07549925,Human,355012790,THE UT MD ANDERSON CANCER CENTER,public,"fastq,sra,run.zq","ncbi,s3,gs","ncbi.public,s3.us-east-1,gs.us-east1",SRX3122037,Illumina HiSeq 4000,nuclei genome CNV 577,KTN126_0_31,SINGLE,RANDOM PCR,GENOMIC,Homo sapiens,ILLUMINA,2018-04-24T00:00:00Z,2017-08-23T19:33:00Z,1,KTN126_0_31,tumor,missing,SRP114962,KTN126,preTX,
SRR5964208,missing,WGS,152,941747616,Karalinska,PRJNA396019,SAMN07549926,Human,347377145,THE UT MD ANDERSON CANCER CENTER,public,"fastq,sra,run.zq","ncbi,gs,s3","ncbi.public,gs.us-east1,s3.us-east-1",SRX3122036,Illumina HiSeq 4000,nuclei genome CNV 578,KTN126_0_32,SINGLE,RANDOM PCR,GENOMIC,Homo sapiens,ILLUMINA,2018-04-24T00:00:00Z,2017-08-23T19:33:00Z,1,KTN126_0_32,tumor,missing,SRP114962,KTN126,preTX,
SRR5964209,missing,WGS,152,917772808,Karalinska,PRJNA396019,SAMN07549923,Human,335595171,THE UT MD ANDERSON CANCER CENTER,public,"run.zq,sra,fastq","ncbi,gs,s3","ncbi.public,s3.us-east-1,gs.us-east1",SRX3122035,Illumina HiSeq 4000,nuclei genome CNV 575,KTN126_0_02,SINGLE,RANDOM PCR,GENOMIC,Homo sapiens,ILLUMINA,2018-04-24T00:00:00Z,2017-08-23T19:33:00Z,1,KTN126_0_02,tumor,missing,SRP114962,KTN126,preTX,
SRR5964210,missing,WGS,152,994214064,Karalinska,PRJNA396019,SAMN07549924,Human,375758040,THE UT MD ANDERSON CANCER CENTER,public,"fastq,sra,run.zq","s3,ncbi,gs","gs.us-east1,s3.us-east-1,ncbi.public",SRX3122034,Illumina HiSeq 4000,nuclei genome CNV 576,KTN126_0_30,SINGLE,RANDOM PCR,GENOMIC,Homo sapiens,ILLUMINA,2018-04-24T00:00:00Z,2017-08-23T19:33:00Z,1,KTN126_0_30,tumor,missing,SRP114962,KTN126,preTX,
SRR5964212,missing,WGS,152,1191311400,Karalinska,PRJNA396019,SAMN07550106,Human,447260475,THE UT MD ANDERSON CANCER CENTER,public,"sra,run.zq,fastq","ncbi,gs,s3","gs.us-east1,s3.us-east-1,ncbi.public",SRX3122032,Illumina HiSeq 4000,nuclei genome CNV 758,KTN302_0_30,SINGLE,RANDOM PCR,GENOMIC,Homo sapiens,ILLUMINA,2018-04-24T00:00:00Z,2017-08-23T19:34:00Z,1,KTN302_0_30,tumor,missing,SRP114962,KTN302,preTX,
SRR5964213,missing,WGS,152,679662984,Karalinska,PRJNA396019,SAMN07549927,Human,252035966,THE UT MD ANDERSON CANCER CENTER,public,"fastq,run.zq,sra","s3,ncbi,gs","ncbi.public,s3.us-east-1,gs.us-east1",SRX3122031,Illumina HiSeq 4000,nuclei genome CNV 579,KTN126_0_33,SINGLE,RANDOM PCR,GENOMIC,Homo sapiens,ILLUMINA,2018-04-24T00:00:00Z,2017-08-23T19:32:00Z,1,KTN126_0_33,tumor,missing,SRP114962,KTN126,preTX,
SRR5964216,missing,WGS,152,1116979904,Karalinska,PRJNA396019,SAMN07549937,Human,445013161,THE UT MD ANDERSON CANCER CENTER,public,"fastq,run.zq,sra","gs,s3,ncbi","gs.us-east1,ncbi.public,s3.us-east-1",SRX3122028,Illumina HiSeq 4000,nuclei genome CNV 589,KTN126_0_42,SINGLE,RANDOM PCR,GENOMIC,Homo sapiens,ILLUMINA,2018-04-24T00:00:00Z,2017-08-23T19:33:00Z,1,KTN126_0_42,tumor,missing,SRP114962,KTN126,preTX,
SRR5964217,missing,WGS,152,1463994384,Karalinska,PRJNA396019,SAMN07549939,Human,542263605,THE UT MD ANDERSON CANCER CENTER,public,"fastq,sra,run.zq","s3,gs,ncbi","s3.us-east-1,gs.us-east1,ncbi.public",SRX3122027,Illumina HiSeq 4000,nuclei genome CNV 591,KTN126_0_44,SINGLE,RANDOM PCR,GENOMIC,Homo sapiens,ILLUMINA,2018-04-24T00:00:00Z,2017-08-23T19:34:00Z,1,KTN126_0_44,tumor,missing,SRP114962,KTN126,preTX,
SRR5964220,missing,WGS,152,551922032,Karalinska,PRJNA396019,SAMN07549942,Human,204599804,THE UT MD ANDERSON CANCER CENTER,public,"fastq,sra,run.zq","s3,ncbi,gs","ncbi.public,s3.us-east-1,gs.us-east1",SRX3122024,Illumina HiSeq 4000,nuclei genome CNV 594,KTN126_0_47,SINGLE,RANDOM PCR,GENOMIC,Homo sapiens,ILLUMINA,2018-04-24T00:00:00Z,2017-08-23T19:33:00Z,1,KTN126_0_47,tumor,missing,SRP114962,KTN126,preTX,
SRR5964221,missing,WGS,152,752798088,Karalinska,PRJNA396019,SAMN07550133,Human,284128427,THE UT MD ANDERSON CANCER CENTER,public,"fastq,run.zq,sra","gs,s3,ncbi","s3.us-east-1,gs.us-east1,ncbi.public",SRX3122023,Illumina HiSeq 4000,nuclei genome CNV 785,KTN302_2_10,SINGLE,RANDOM PCR,GENOMIC,Homo sapiens,ILLUMINA,2018-04-24T00:00:00Z,2017-08-23T19:33:00Z,1,KTN302_2_10,tumor,missing,SRP114962,KTN302,midTX,
SRR5964223,missing,WGS,152,1498093608,Karalinska,PRJNA396019,SAMN07550135,Human,565157653,THE UT MD ANDERSON CANCER CENTER,public,"sra,fastq,run.zq","s3,gs,ncbi","gs.us-east1,ncbi.public,s3.us-east-1",SRX3122021,Illumina HiSeq 4000,nuclei genome CNV 787,KTN302_2_12,SINGLE,RANDOM PCR,GENOMIC,Homo sapiens,ILLUMINA,2018-04-24T00:00:00Z,2017-08-23T19:36:00Z,1,KTN302_2_12,tumor,missing,SRP114962,KTN302,midTX,
SRR5964224,missing,WGS,152,827655048,Karalinska,PRJNA396019,SAMN07550136,Human,312988319,THE UT MD ANDERSON CANCER CENTER,public,"fastq,sra,run.zq","s3,gs,ncbi","gs.us-east1,s3.us-east-1,ncbi.public",SRX3122020,Illumina HiSeq 4000,nuclei genome CNV 788,KTN302_2_13,SINGLE,RANDOM PCR,GENOMIC,Homo sapiens,ILLUMINA,2018-04-24T00:00:00Z,2017-08-23T19:34:00Z,1,KTN302_2_13,tumor,missing,SRP114962,KTN302,midTX,
SRR5964226,missing,WGS,152,473908032,Karalinska,PRJNA396019,SAMN07550130,Human,180290496,THE UT MD ANDERSON CANCER CENTER,public,"run.zq,sra,fastq","s3,ncbi,gs","ncbi.public,s3.us-east-1,gs.us-east1",SRX3122018,Illumina HiSeq 4000,nuclei genome CNV 782,KTN302_0_09,SINGLE,RANDOM PCR,GENOMIC,Homo sapiens,ILLUMINA,2018-04-24T00:00:00Z,2017-08-23T19:33:00Z,1,KTN302_0_09,tumor,missing,SRP114962,KTN302,preTX,
SRR5964227,missing,WGS,152,466501224,Karalinska,PRJNA396019,SAMN07550027,Human,175356935,THE UT MD ANDERSON CANCER CENTER,public,"sra,fastq,run.zq","ncbi,gs,s3","ncbi.public,s3.us-east-1,gs.us-east1",SRX3122017,Illumina HiSeq 4000,nuclei genome CNV 679,KTN129_0_40,SINGLE,RANDOM PCR,GENOMIC,Homo sapiens,ILLUMINA,2018-04-24T00:00:00Z,2017-08-23T19:32:00Z,1,KTN129_0_40,tumor,missing,SRP114962,KTN129,preTX,
SRR5964229,missing,WGS,152,1133199216,Karalinska,PRJNA396019,SAMN07550025,Human,431917825,THE UT MD ANDERSON CANCER CENTER,public,"sra,fastq,run.zq","ncbi,gs,s3","s3.us-east-1,gs.us-east1,ncbi.public",SRX3122015,Illumina HiSeq 4000,nuclei genome CNV 677,KTN129_0_39,SINGLE,RANDOM PCR,GENOMIC,Homo sapiens,ILLUMINA,2018-04-24T00:00:00Z,2017-08-23T19:36:00Z,1,KTN129_0_39,tumor,missing,SRP114962,KTN129,preTX,
SRR5964230,missing,WGS,152,523107544,Karalinska,PRJNA396019,SAMN07550026,Human,199675639,THE UT MD ANDERSON CANCER CENTER,public,"sra,fastq,run.zq","ncbi,s3,gs","s3.us-east-1,gs.us-east1,ncbi.public",SRX3122014,Illumina HiSeq 4000,nuclei genome CNV 678,KTN129_0_03,SINGLE,RANDOM PCR,GENOMIC,Homo sapiens,ILLUMINA,2018-04-24T00:00:00Z,2017-08-23T19:35:00Z,1,KTN129_0_03,tumor,missing,SRP114962,KTN129,preTX,
SRR5964231,missing,WGS,152,957523544,Karalinska,PRJNA396019,SAMN07550023,Human,360473094,THE UT MD ANDERSON CANCER CENTER,public,"fastq,run.zq,sra","s3,gs,ncbi","gs.us-east1,s3.us-east-1,ncbi.public",SRX3122013,Illumina HiSeq 4000,nuclei genome CNV 675,KTN129_0_37,SINGLE,RANDOM PCR,GENOMIC,Homo sapiens,ILLUMINA,2018-04-24T00:00:00Z,2017-08-23T19:37:00Z,1,KTN129_0_37,tumor,missing,SRP114962,KTN129,preTX,
SRR5964233,missing,WGS,152,469839600,Karalinska,PRJNA396019,SAMN07550021,Human,179362862,THE UT MD ANDERSON CANCER CENTER,public,"run.zq,sra,fastq","ncbi,s3,gs","gs.us-east1,s3.us-east-1,ncbi.public",SRX3122011,Illumina HiSeq 4000,nuclei genome CNV 673,KTN129_0_35,SINGLE,RANDOM PCR,GENOMIC,Homo sapiens,ILLUMINA,2018-04-24T00:00:00Z,2017-08-23T19:35:00Z,1,KTN129_0_35,tumor,missing,SRP114962,KTN129,preTX,
SRR5964234,missing,WGS,152,1067243376,Karalinska,PRJNA396019,SAMN07550022,Human,403598383,THE UT MD ANDERSON CANCER CENTER,public,"fastq,run.zq,sra","gs,s3,ncbi","ncbi.public,gs.us-east1,s3.us-east-1",SRX3122010,Illumina HiSeq 4000,nuclei genome CNV 674,KTN129_0_36,SINGLE,RANDOM PCR,GENOMIC,Homo sapiens,ILLUMINA,2018-04-24T00:00:00Z,2017-08-23T19:36:00Z,1,KTN129_0_36,tumor,missing,SRP114962,KTN129,preTX,
SRR5964235,missing,WGS,152,532403256,Karalinska,PRJNA396019,SAMN07550019,Human,199679819,THE UT MD ANDERSON CANCER CENTER,public,"run.zq,sra,fastq","ncbi,gs,s3","ncbi.public,gs.us-east1,s3.us-east-1",SRX3122009,Illumina HiSeq 4000,nuclei genome CNV 671,KTN129_0_32,SINGLE,RANDOM PCR,GENOMIC,Homo sapiens,ILLUMINA,2018-04-24T00:00:00Z,2017-08-23T19:35:00Z,1,KTN129_0_32,tumor,missing,SRP114962,KTN129,preTX,
SRR5964237,missing,WGS,48,109568928,Karalinska,PRJNA396019,SAMN07549853,Human,83059687,THE UT MD ANDERSON CANCER CENTER,public,"run.zq,sra,fastq","s3,gs,ncbi","gs.us-east1,ncbi.public,s3.us-east-1",SRX3122007,Illumina HiSeq 4000,nuclei genome CNV 505,KTN615_0_43,SINGLE,RANDOM PCR,GENOMIC,Homo sapiens,ILLUMINA,2018-04-24T00:00:00Z,2017-08-23T19:33:00Z,1,KTN615_0_43,tumor,missing,SRP114962,KTN615,preTX,
SRR5964238,missing,WGS,48,195465504,Karalinska,PRJNA396019,SAMN07549854,Human,147587341,THE UT MD ANDERSON CANCER CENTER,public,"sra,run.zq,fastq","ncbi,s3,gs","s3.us-east-1,gs.us-east1,ncbi.public",SRX3122006,Illumina HiSeq 4000,nuclei genome CNV 506,KTN615_0_44,SINGLE,RANDOM PCR,GENOMIC,Homo sapiens,ILLUMINA,2018-04-24T00:00:00Z,2017-08-23T19:34:00Z,1,KTN615_0_44,tumor,missing,SRP114962,KTN615,preTX,
SRR5964239,missing,WGS,152,874689320,Karalinska,PRJNA396019,SAMN07550157,Human,330659373,THE UT MD ANDERSON CANCER CENTER,public,"run.zq,fastq,sra","s3,ncbi,gs","gs.us-east1,s3.us-east-1,ncbi.public",SRX3122005,Illumina HiSeq 4000,nuclei genome CNV 809,KTN302_2_36,SINGLE,RANDOM PCR,GENOMIC,Homo sapiens,ILLUMINA,2018-04-24T00:00:00Z,2017-08-23T19:35:00Z,1,KTN302_2_36,tumor,missing,SRP114962,KTN302,midTX,
SRR5964241,missing,WGS,48,39126960,Karalinska,PRJNA396019,SAMN07549849,Human,30150721,THE UT MD ANDERSON CANCER CENTER,public,"run.zq,sra,fastq","ncbi,s3,gs","ncbi.public,s3.us-east-1,gs.us-east1",SRX3122003,Illumina HiSeq 4000,nuclei genome CNV 501,KTN615_0_39,SINGLE,RANDOM PCR,GENOMIC,Homo sapiens,ILLUMINA,2018-04-24T00:00:00Z,2017-08-23T19:33:00Z,1,KTN615_0_39,tumor,missing,SRP114962,KTN615,preTX,
SRR5964242,missing,WGS,48,135601584,Karalinska,PRJNA396019,SAMN07549850,Human,101668628,THE UT MD ANDERSON CANCER CENTER,public,"run.zq,sra,fastq","s3,ncbi,gs","s3.us-east-1,gs.us-east1,ncbi.public",SRX3122002,Illumina HiSeq 4000,nuclei genome CNV 502,KTN615_0_40,SINGLE,RANDOM PCR,GENOMIC,Homo sapiens,ILLUMINA,2018-04-24T00:00:00Z,2017-08-23T19:34:00Z,1,KTN615_0_40,tumor,missing,SRP114962,KTN615,preTX,
SRR5964243,missing,WGS,48,157628064,Karalinska,PRJNA396019,SAMN07549851,Human,118893596,THE UT MD ANDERSON CANCER CENTER,public,"run.zq,fastq,sra","gs,s3,ncbi","s3.us-east-1,ncbi.public,gs.us-east1",SRX3122001,Illumina HiSeq 4000,nuclei genome CNV 503,KTN615_0_41,SINGLE,RANDOM PCR,GENOMIC,Homo sapiens,ILLUMINA,2018-04-24T00:00:00Z,2017-08-23T19:34:00Z,1,KTN615_0_41,tumor,missing,SRP114962,KTN615,preTX,
SRR5964244,missing,WGS,48,153142704,Karalinska,PRJNA396019,SAMN07549852,Human,115728753,THE UT MD ANDERSON CANCER CENTER,public,"run.zq,sra,fastq","s3,ncbi,gs","ncbi.public,gs.us-east1,s3.us-east-1",SRX3122000,Illumina HiSeq 4000,nuclei genome CNV 504,KTN615_0_42,SINGLE,RANDOM PCR,GENOMIC,Homo sapiens,ILLUMINA,2018-04-24T00:00:00Z,2017-08-23T19:34:00Z,1,KTN615_0_42,tumor,missing,SRP114962,KTN615,preTX,
SRR5964246,missing,WGS,152,505650952,Karalinska,PRJNA396019,SAMN07550054,Human,184976193,THE UT MD ANDERSON CANCER CENTER,public,"sra,fastq,run.zq","ncbi,gs,s3","s3.us-east-1,gs.us-east1,ncbi.public",SRX3121998,Illumina HiSeq 4000,nuclei genome CNV 706,KTN129_OP_22,SINGLE,RANDOM PCR,GENOMIC,Homo sapiens,ILLUMINA,2018-04-24T00:00:00Z,2017-08-23T19:36:00Z,1,KTN129_OP_22,tumor,missing,SRP114962,KTN129,postTX,
SRR5964247,missing,WGS,152,455655416,Karalinska,PRJNA396019,SAMN07550055,Human,168026621,THE UT MD ANDERSON CANCER CENTER,public,"fastq,sra,run.zq","ncbi,s3,gs","gs.us-east1,ncbi.public,s3.us-east-1",SRX3121997,Illumina HiSeq 4000,nuclei genome CNV 707,KTN129_OP_23,SINGLE,RANDOM PCR,GENOMIC,Homo sapiens,ILLUMINA,2018-04-24T00:00:00Z,2017-08-23T19:36:00Z,1,KTN129_OP_23,tumor,missing,SRP114962,KTN129,postTX,
SRR5964248,missing,WGS,152,404846224,Karalinska,PRJNA396019,SAMN07550056,Human,154070380,THE UT MD ANDERSON CANCER CENTER,public,"fastq,run.zq,sra","gs,ncbi,s3","gs.us-east1,s3.us-east-1,ncbi.public",SRX3121996,Illumina HiSeq 4000,nuclei genome CNV 708,KTN129_OP_24,SINGLE,RANDOM PCR,GENOMIC,Homo sapiens,ILLUMINA,2018-04-24T00:00:00Z,2017-08-23T19:36:00Z,1,KTN129_OP_24,tumor,missing,SRP114962,KTN129,postTX,
SRR5964250,missing,WGS,152,1799811328,Karalinska,PRJNA396019,SAMN07550050,Human,671652816,THE UT MD ANDERSON CANCER CENTER,public,"fastq,run.zq,sra","ncbi,gs,s3","gs.us-east1,s3.us-east-1,ncbi.public",SRX3121994,Illumina HiSeq 4000,nuclei genome CNV 702,KTN129_OP_19,SINGLE,RANDOM PCR,GENOMIC,Homo sapiens,ILLUMINA,2018-04-24T00:00:00Z,2017-08-23T19:40:00Z,1,KTN129_OP_19,tumor,missing,SRP114962,KTN129,postTX,
SRR5964251,missing,WGS,152,305602840,Karalinska,PRJNA396019,SAMN07550051,Human,114715013,THE UT MD ANDERSON CANCER CENTER,public,"sra,fastq,run.zq","gs,s3,ncbi","s3.us-east-1,gs.us-east1,ncbi.public",SRX3121993,Illumina HiSeq 4000,nuclei genome CNV 703,KTN129_OP_01,SINGLE,RANDOM PCR,GENOMIC,Homo sapiens,ILLUMINA,2018-04-24T00:00:00Z,2017-08-23T19:36:00Z,1,KTN129_OP_01,tumor,missing,SRP114962,KTN129,postTX,
SRR5964252,missing,WGS,152,498273480,Karalinska,PRJNA396019,SAMN07550052,Human,187591286,THE UT MD ANDERSON CANCER CENTER,public,"fastq,run.zq,sra","s3,ncbi,gs","s3.us-east-1,ncbi.public,gs.us-east1",SRX3121992,Illumina HiSeq 4000,nuclei genome CNV 704,KTN129_OP_20,SINGLE,RANDOM PCR,GENOMIC,Homo sapiens,ILLUMINA,2018-04-24T00:00:00Z,2017-08-23T19:37:00Z,1,KTN129_OP_20,tumor,missing,SRP114962,KTN129,postTX,
SRR5964254,missing,WGS,152,537845464,Karalinska,PRJNA396019,SAMN07550040,Human,204455208,THE UT MD ANDERSON CANCER CENTER,public,"fastq,run.zq,sra","s3,gs,ncbi","ncbi.public,s3.us-east-1,gs.us-east1",SRX3121990,Illumina HiSeq 4000,nuclei genome CNV 692,KTN129_0_09,SINGLE,RANDOM PCR,GENOMIC,Homo sapiens,ILLUMINA,2018-04-24T00:00:00Z,2017-08-23T19:37:00Z,1,KTN129_0_09,tumor,missing,SRP114962,KTN129,preTX,
SRR5964255,missing,WGS,152,2201612232,Karalinska,PRJNA396019,SAMN07550041,Human,793736030,THE UT MD ANDERSON CANCER CENTER,public,"fastq,sra,run.zq","s3,ncbi,gs","gs.us-east1,ncbi.public,s3.us-east-1",SRX3121989,Illumina HiSeq 4000,nuclei genome CNV 693,KTN129_0_POP,SINGLE,RANDOM PCR,GENOMIC,Homo sapiens,ILLUMINA,2018-04-24T00:00:00Z,2017-08-23T19:44:00Z,1,KTN129_0_POP,tumor,missing,SRP114962,KTN129,preTX,
SRR5964256,missing,WGS,152,466897792,Karalinska,PRJNA396019,SAMN07550042,Human,174156435,THE UT MD ANDERSON CANCER CENTER,public,"sra,fastq,run.zq","s3,gs,ncbi","gs.us-east1,s3.us-east-1,ncbi.public",SRX3121988,Illumina HiSeq 4000,nuclei genome CNV 694,KTN129_OP_11,SINGLE,RANDOM PCR,GENOMIC,Homo sapiens,ILLUMINA,2018-04-24T00:00:00Z,2017-08-23T19:37:00Z,1,KTN129_OP_11,tumor,missing,SRP114962,KTN129,postTX,
SRR5964257,missing,WGS,152,587635952,Karalinska,PRJNA396019,SAMN07550043,Human,218719599,THE UT MD ANDERSON CANCER CENTER,public,"fastq,run.zq,sra","ncbi,gs,s3","s3.us-east-1,ncbi.public,gs.us-east1",SRX3121987,Illumina HiSeq 4000,nuclei genome CNV 695,KTN129_OP_12,SINGLE,RANDOM PCR,GENOMIC,Homo sapiens,ILLUMINA,2018-04-24T00:00:00Z,2017-08-23T19:38:00Z,1,KTN129_OP_12,tumor,missing,SRP114962,KTN129,postTX,
SRR5964259,missing,WGS,152,498025416,Karalinska,PRJNA396019,SAMN07550045,Human,188943262,THE UT MD ANDERSON CANCER CENTER,public,"sra,fastq,run.zq","gs,s3,ncbi","gs.us-east1,s3.us-east-1,ncbi.public",SRX3121985,Illumina HiSeq 4000,nuclei genome CNV 697,KTN129_OP_14,SINGLE,RANDOM PCR,GENOMIC,Homo sapiens,ILLUMINA,2018-04-24T00:00:00Z,2017-08-23T19:38:00Z,1,KTN129_OP_14,tumor,missing,SRP114962,KTN129,postTX,
SRR5964260,missing,WGS,152,1140827640,Karalinska,PRJNA396019,SAMN07550046,Human,431566899,THE UT MD ANDERSON CANCER CENTER,public,"sra,run.zq,fastq","ncbi,gs,s3","gs.us-east1,ncbi.public,s3.us-east-1",SRX3121984,Illumina HiSeq 4000,nuclei genome CNV 698,KTN129_OP_15,SINGLE,RANDOM PCR,GENOMIC,Homo sapiens,ILLUMINA,2018-04-24T00:00:00Z,2017-08-23T19:39:00Z,1,KTN129_OP_15,tumor,missing,SRP114962,KTN129,postTX,
SRR5964261,missing,WGS,152,1023932800,Karalinska,PRJNA396019,SAMN07550047,Human,408898126,THE UT MD ANDERSON CANCER CENTER,public,"run.zq,sra,fastq","ncbi,s3,gs","gs.us-east1,s3.us-east-1,ncbi.public",SRX3121983,Illumina HiSeq 4000,nuclei genome CNV 699,KTN129_OP_16,SINGLE,RANDOM PCR,GENOMIC,Homo sapiens,ILLUMINA,2018-04-24T00:00:00Z,2017-08-23T19:39:00Z,1,KTN129_OP_16,tumor,missing,SRP114962,KTN129,postTX,
SRR5964263,missing,WGS,152,669573376,Karalinska,PRJNA396019,SAMN07549932,Human,250206351,THE UT MD ANDERSON CANCER CENTER,public,"run.zq,fastq,sra","gs,s3,ncbi","gs.us-east1,ncbi.public,s3.us-east-1",SRX3121981,Illumina HiSeq 4000,nuclei genome CNV 584,KTN126_0_38,SINGLE,RANDOM PCR,GENOMIC,Homo sapiens,ILLUMINA,2018-04-24T00:00:00Z,2017-08-23T19:38:00Z,1,KTN126_0_38,tumor,missing,SRP114962,KTN126,preTX,
SRR5964264,missing,WGS,152,1054606248,Karalinska,PRJNA396019,SAMN07549935,Human,392457046,THE UT MD ANDERSON CANCER CENTER,public,"sra,run.zq,fastq","gs,s3,ncbi","gs.us-east1,ncbi.public,s3.us-east-1",SRX3121980,Illumina HiSeq 4000,nuclei genome CNV 587,KTN126_0_40,SINGLE,RANDOM PCR,GENOMIC,Homo sapiens,ILLUMINA,2018-04-24T00:00:00Z,2017-08-23T19:41:00Z,1,KTN126_0_40,tumor,missing,SRP114962,KTN126,preTX,
SRR5964265,missing,WGS,152,1181643592,Karalinska,PRJNA396019,SAMN07549931,Human,434828556,THE UT MD ANDERSON CANCER CENTER,public,"sra,fastq,run.zq","gs,ncbi,s3","s3.us-east-1,gs.us-east1,ncbi.public",SRX3121979,Illumina HiSeq 4000,nuclei genome CNV 583,KTN126_0_37,SINGLE,RANDOM PCR,GENOMIC,Homo sapiens,ILLUMINA,2018-04-24T00:00:00Z,2017-08-23T19:41:00Z,1,KTN126_0_37,tumor,missing,SRP114962,KTN126,preTX,
SRR5964266,missing,WGS,152,1077002688,Karalinska,PRJNA396019,SAMN07549919,Human,398774799,THE UT MD ANDERSON CANCER CENTER,public,"run.zq,fastq,sra","gs,ncbi,s3","ncbi.public,s3.us-east-1,gs.us-east1",SRX3121978,Illumina HiSeq 4000,nuclei genome CNV 571,KTN126_0_26,SINGLE,RANDOM PCR,GENOMIC,Homo sapiens,ILLUMINA,2018-04-24T00:00:00Z,2017-08-23T19:42:00Z,1,KTN126_0_26,tumor,missing,SRP114962,KTN126,preTX,
SRR5964267,missing,WGS,152,472901032,Karalinska,PRJNA396019,SAMN07549930,Human,175194315,THE UT MD ANDERSON CANCER CENTER,public,"fastq,sra,run.zq","s3,ncbi,gs","s3.us-east-1,ncbi.public,gs.us-east1",SRX3121977,Illumina HiSeq 4000,nuclei genome CNV 582,KTN126_0_36,SINGLE,RANDOM PCR,GENOMIC,Homo sapiens,ILLUMINA,2018-04-24T00:00:00Z,2017-08-23T19:39:00Z,1,KTN126_0_36,tumor,missing,SRP114962,KTN126,preTX,
SRR5964268,missing,WGS,152,442827224,Karalinska,PRJNA396019,SAMN07549929,Human,164862256,THE UT MD ANDERSON CANCER CENTER,public,"run.zq,fastq,sra","ncbi,gs,s3","ncbi.public,s3.us-east-1,gs.us-east1",SRX3121976,Illumina HiSeq 4000,nuclei genome CNV 581,KTN126_0_35,SINGLE,RANDOM PCR,GENOMIC,Homo sapiens,ILLUMINA,2018-04-24T00:00:00Z,2017-08-23T19:39:00Z,1,KTN126_0_35,tumor,missing,SRP114962,KTN126,preTX,
SRR5964270,missing,WGS,152,674330976,Karalinska,PRJNA396019,SAMN07550142,Human,254765883,THE UT MD ANDERSON CANCER CENTER,public,"sra,fastq,run.zq","gs,ncbi,s3","s3.us-east-1,ncbi.public,gs.us-east1",SRX3121974,Illumina HiSeq 4000,nuclei genome CNV 794,KTN302_2_01,SINGLE,RANDOM PCR,GENOMIC,Homo sapiens,ILLUMINA,2018-04-24T00:00:00Z,2017-08-23T19:40:00Z,1,KTN302_2_01,tumor,missing,SRP114962,KTN302,midTX,
SRR5964271,missing,WGS,152,849453520,Karalinska,PRJNA396019,SAMN07550141,Human,322496670,THE UT MD ANDERSON CANCER CENTER,public,"fastq,run.zq,sra","s3,gs,ncbi","gs.us-east1,s3.us-east-1,ncbi.public",SRX3121973,Illumina HiSeq 4000,nuclei genome CNV 793,KTN302_2_19,SINGLE,RANDOM PCR,GENOMIC,Homo sapiens,ILLUMINA,2018-04-24T00:00:00Z,2017-08-23T19:41:00Z,1,KTN302_2_19,tumor,missing,SRP114962,KTN302,midTX,
SRR5964273,missing,WGS,152,1715294464,Karalinska,PRJNA396019,SAMN07550139,Human,653329486,THE UT MD ANDERSON CANCER CENTER,public,"fastq,sra,run.zq","gs,ncbi,s3","ncbi.public,s3.us-east-1,gs.us-east1",SRX3121971,Illumina HiSeq 4000,nuclei genome CNV 791,KTN302_2_16,SINGLE,RANDOM PCR,GENOMIC,Homo sapiens,ILLUMINA,2018-04-24T00:00:00Z,2017-08-23T19:45:00Z,1,KTN302_2_16,tumor,missing,SRP114962,KTN302,midTX,
SRR5964274,missing,WGS,152,621951016,Karalinska,PRJNA396019,SAMN07550018,Human,231803648,THE UT MD ANDERSON CANCER CENTER,public,"fastq,run.zq,sra","ncbi,s3,gs","ncbi.public,gs.us-east1,s3.us-east-1",SRX3121970,Illumina HiSeq 4000,nuclei genome CNV 670,KTN129_0_31,SINGLE,RANDOM PCR,GENOMIC,Homo sapiens,ILLUMINA,2018-04-24T00:00:00Z,2017-08-23T19:40:00Z,1,KTN129_0_31,tumor,missing,SRP114962,KTN129,preTX,
SRR5964275,missing,WGS,152,705409048,Karalinska,PRJNA396019,SAMN07550017,Human,262951075,THE UT MD ANDERSON CANCER CENTER,public,"sra,run.zq,fastq","gs,s3,ncbi","ncbi.public,s3.us-east-1,gs.us-east1",SRX3121969,Illumina HiSeq 4000,nuclei genome CNV 669,KTN129_0_30,SINGLE,RANDOM PCR,GENOMIC,Homo sapiens,ILLUMINA,2018-04-24T00:00:00Z,2017-08-23T19:42:00Z,1,KTN129_0_30,tumor,missing,SRP114962,KTN129,preTX,
SRR5964276,missing,WGS,152,790052832,Karalinska,PRJNA396019,SAMN07550144,Human,307128590,THE UT MD ANDERSON CANCER CENTER,public,"run.zq,sra,fastq","s3,ncbi,gs","s3.us-east-1,ncbi.public,gs.us-east1",SRX3121968,Illumina HiSeq 4000,nuclei genome CNV 796,KTN302_2_21,SINGLE,RANDOM PCR,GENOMIC,Homo sapiens,ILLUMINA,2018-04-24T00:00:00Z,2017-08-23T19:42:00Z,1,KTN302_2_21,tumor,missing,SRP114962,KTN302,midTX,
SRR5964277,missing,WGS,152,768283392,Karalinska,PRJNA396019,SAMN07550143,Human,298430214,THE UT MD ANDERSON CANCER CENTER,public,"run.zq,fastq,sra","s3,ncbi,gs","gs.us-east1,ncbi.public,s3.us-east-1",SRX3121967,Illumina HiSeq 4000,nuclei genome CNV 795,KTN302_2_20,SINGLE,RANDOM PCR,GENOMIC,Homo sapiens,ILLUMINA,2018-04-24T00:00:00Z,2017-08-23T19:42:00Z,1,KTN302_2_20,tumor,missing,SRP114962,KTN302,midTX,
SRR5964278,missing,WGS,152,511604184,Karalinska,PRJNA396019,SAMN07550014,Human,193339692,THE UT MD ANDERSON CANCER CENTER,public,"run.zq,fastq,sra","gs,s3,ncbi","s3.us-east-1,gs.us-east1,ncbi.public",SRX3121966,Illumina HiSeq 4000,nuclei genome CNV 666,KTN129_0_27,SINGLE,RANDOM PCR,GENOMIC,Homo sapiens,ILLUMINA,2018-04-24T00:00:00Z,2017-08-23T19:41:00Z,1,KTN129_0_27,tumor,missing,SRP114962,KTN129,preTX,
SRR5964279,missing,WGS,152,537674920,Karalinska,PRJNA396019,SAMN07550013,Human,203898644,THE UT MD ANDERSON CANCER CENTER,public,"run.zq,sra,fastq","ncbi,s3,gs","ncbi.public,s3.us-east-1,gs.us-east1",SRX3121965,Illumina HiSeq 4000,nuclei genome CNV 665,KTN129_0_26,SINGLE,RANDOM PCR,GENOMIC,Homo sapiens,ILLUMINA,2018-04-24T00:00:00Z,2017-08-23T19:41:00Z,1,KTN129_0_26,tumor,missing,SRP114962,KTN129,preTX,
SRR5964281,missing,WGS,152,520850192,Karalinska,PRJNA396019,SAMN07550015,Human,195181237,THE UT MD ANDERSON CANCER CENTER,public,"sra,run.zq,fastq","ncbi,gs,s3","s3.us-east-1,gs.us-east1,ncbi.public",SRX3121963,Illumina HiSeq 4000,nuclei genome CNV 667,KTN129_0_28,SINGLE,RANDOM PCR,GENOMIC,Homo sapiens,ILLUMINA,2018-04-24T00:00:00Z,2017-08-23T19:42:00Z,1,KTN129_0_28,tumor,missing,SRP114962,KTN129,preTX,
SRR5964282,missing,WGS,152,606373600,Karalinska,PRJNA396019,SAMN07550010,Human,229522066,THE UT MD ANDERSON CANCER CENTER,public,"sra,fastq,run.zq","s3,ncbi,gs","ncbi.public,gs.us-east1,s3.us-east-1",SRX3121962,Illumina HiSeq 4000,nuclei genome CNV 662,KTN129_0_23,SINGLE,RANDOM PCR,GENOMIC,Homo sapiens,ILLUMINA,2018-04-24T00:00:00Z,2017-08-23T19:42:00Z,1,KTN129_0_23,tumor,missing,SRP114962,KTN129,preTX,
SRR5964283,missing,WGS,152,439775520,Karalinska,PRJNA396019,SAMN07550009,Human,164596185,THE UT MD ANDERSON CANCER CENTER,public,"sra,fastq,run.zq","s3,ncbi,gs","gs.us-east1,ncbi.public,s3.us-east-1",SRX3121961,Illumina HiSeq 4000,nuclei genome CNV 661,KTN129_0_22,SINGLE,RANDOM PCR,GENOMIC,Homo sapiens,ILLUMINA,2018-04-24T00:00:00Z,2017-08-23T19:42:00Z,1,KTN129_0_22,tumor,missing,SRP114962,KTN129,preTX,
SRR5964284,missing,WGS,152,529279504,Karalinska,PRJNA396019,SAMN07550012,Human,198172783,THE UT MD ANDERSON CANCER CENTER,public,"run.zq,sra,fastq","s3,gs,ncbi","gs.us-east1,s3.us-east-1,ncbi.public",SRX3121960,Illumina HiSeq 4000,nuclei genome CNV 664,KTN129_0_25,SINGLE,RANDOM PCR,GENOMIC,Homo sapiens,ILLUMINA,2018-04-24T00:00:00Z,2017-08-23T19:42:00Z,1,KTN129_0_25,tumor,missing,SRP114962,KTN129,preTX,
SRR5964287,missing,WGS,152,1211609480,Karalinska,PRJNA396019,SAMN07550068,Human,455104474,THE UT MD ANDERSON CANCER CENTER,public,"run.zq,fastq,sra","gs,s3,ncbi","s3.us-east-1,gs.us-east1,ncbi.public",SRX3121957,Illumina HiSeq 4000,nuclei genome CNV 720,KTN129_OP_35,SINGLE,RANDOM PCR,GENOMIC,Homo sapiens,ILLUMINA,2018-04-24T00:00:00Z,2017-08-23T19:43:00Z,1,KTN129_OP_35,tumor,missing,SRP114962,KTN129,postTX,
SRR5964288,missing,WGS,152,1256351136,Karalinska,PRJNA396019,SAMN07550067,Human,474943833,THE UT MD ANDERSON CANCER CENTER,public,"run.zq,sra,fastq","ncbi,s3,gs","gs.us-east1,ncbi.public,s3.us-east-1",SRX3121956,Illumina HiSeq 4000,nuclei genome CNV 719,KTN129_OP_34,SINGLE,RANDOM PCR,GENOMIC,Homo sapiens,ILLUMINA,2018-04-24T00:00:00Z,2017-08-23T19:44:00Z,1,KTN129_OP_34,tumor,missing,SRP114962,KTN129,postTX,
SRR5964289,missing,WGS,152,610188800,Karalinska,PRJNA396019,SAMN07550062,Human,230771803,THE UT MD ANDERSON CANCER CENTER,public,"sra,fastq,run.zq","ncbi,s3,gs","ncbi.public,s3.us-east-1,gs.us-east1",SRX3121955,Illumina HiSeq 4000,nuclei genome CNV 714,KTN129_OP_02,SINGLE,RANDOM PCR,GENOMIC,Homo sapiens,ILLUMINA,2018-04-24T00:00:00Z,2017-08-23T19:42:00Z,1,KTN129_OP_02,tumor,missing,SRP114962,KTN129,postTX,
SRR5964290,missing,WGS,152,628416640,Karalinska,PRJNA396019,SAMN07550061,Human,233999917,THE UT MD ANDERSON CANCER CENTER,public,"sra,fastq,run.zq","s3,gs,ncbi","ncbi.public,gs.us-east1,s3.us-east-1",SRX3121954,Illumina HiSeq 4000,nuclei genome CNV 713,KTN129_OP_29,SINGLE,RANDOM PCR,GENOMIC,Homo sapiens,ILLUMINA,2018-04-24T00:00:00Z,2017-08-23T19:42:00Z,1,KTN129_OP_29,tumor,missing,SRP114962,KTN129,postTX,
SRR5964291,missing,WGS,152,1456071232,Karalinska,PRJNA396019,SAMN07550060,Human,537343221,THE UT MD ANDERSON CANCER CENTER,public,"sra,fastq,run.zq","s3,gs,ncbi","gs.us-east1,ncbi.public,s3.us-east-1",SRX3121953,Illumina HiSeq 4000,nuclei genome CNV 712,KTN129_OP_28,SINGLE,RANDOM PCR,GENOMIC,Homo sapiens,ILLUMINA,2018-04-24T00:00:00Z,2017-08-23T19:44:00Z,1,KTN129_OP_28,tumor,missing,SRP114962,KTN129,postTX,
SRR5964293,missing,WGS,152,1418774384,Karalinska,PRJNA396019,SAMN07550066,Human,529098000,THE UT MD ANDERSON CANCER CENTER,public,"run.zq,fastq,sra","s3,gs,ncbi","gs.us-east1,s3.us-east-1,ncbi.public",SRX3121951,Illumina HiSeq 4000,nuclei genome CNV 718,KTN129_OP_33,SINGLE,RANDOM PCR,GENOMIC,Homo sapiens,ILLUMINA,2018-04-24T00:00:00Z,2017-08-23T19:45:00Z,1,KTN129_OP_33,tumor,missing,SRP114962,KTN129,postTX,
SRR5964294,missing,WGS,152,1112407592,Karalinska,PRJNA396019,SAMN07550065,Human,421303833,THE UT MD ANDERSON CANCER CENTER,public,"sra,fastq,run.zq","gs,ncbi,s3","gs.us-east1,ncbi.public,s3.us-east-1",SRX3121950,Illumina HiSeq 4000,nuclei genome CNV 717,KTN129_OP_32,SINGLE,RANDOM PCR,GENOMIC,Homo sapiens,ILLUMINA,2018-04-24T00:00:00Z,2017-08-23T19:45:00Z,1,KTN129_OP_32,tumor,missing,SRP114962,KTN129,postTX,
SRR5964295,missing,WGS,152,513738112,Karalinska,PRJNA396019,SAMN07550064,Human,195317846,THE UT MD ANDERSON CANCER CENTER,public,"run.zq,sra,fastq","gs,s3,ncbi","s3.us-east-1,ncbi.public,gs.us-east1",SRX3121949,Illumina HiSeq 4000,nuclei genome CNV 716,KTN129_OP_31,SINGLE,RANDOM PCR,GENOMIC,Homo sapiens,ILLUMINA,2018-04-24T00:00:00Z,2017-08-23T19:42:00Z,1,KTN129_OP_31,tumor,missing,SRP114962,KTN129,postTX,
SRR5964296,missing,WGS,152,667888912,Karalinska,PRJNA396019,SAMN07550063,Human,252865735,THE UT MD ANDERSON CANCER CENTER,public,"sra,run.zq,fastq","gs,ncbi,s3","gs.us-east1,s3.us-east-1,ncbi.public",SRX3121948,Illumina HiSeq 4000,nuclei genome CNV 715,KTN129_OP_30,SINGLE,RANDOM PCR,GENOMIC,Homo sapiens,ILLUMINA,2018-04-24T00:00:00Z,2017-08-23T19:43:00Z,1,KTN129_OP_30,tumor,missing,SRP114962,KTN129,postTX,
SRR5964297,missing,WGS,152,507788224,Karalinska,PRJNA396019,SAMN07550131,Human,188041574,THE UT MD ANDERSON CANCER CENTER,public,"run.zq,sra,fastq","s3,ncbi,gs","gs.us-east1,ncbi.public,s3.us-east-1",SRX3121947,Illumina HiSeq 4000,nuclei genome CNV 783,KTN302_0_POP1,SINGLE,RANDOM PCR,GENOMIC,Homo sapiens,ILLUMINA,2018-04-24T00:00:00Z,2017-08-23T19:43:00Z,1,KTN302_0_POP1,tumor,missing,SRP114962,KTN302,preTX,
SRR5964298,missing,WGS,152,869452464,Karalinska,PRJNA396019,SAMN07549933,Human,333279824,THE UT MD ANDERSON CANCER CENTER,public,"fastq,sra,run.zq","s3,gs,ncbi","ncbi.public,s3.us-east-1,gs.us-east1",SRX3121946,Illumina HiSeq 4000,nuclei genome CNV 585,KTN126_0_39,SINGLE,RANDOM PCR,GENOMIC,Homo sapiens,ILLUMINA,2018-04-24T00:00:00Z,2017-08-23T19:45:00Z,1,KTN126_0_39,tumor,missing,SRP114962,KTN126,preTX,
SRR5964299,missing,WGS,152,1683020608,Karalinska,PRJNA396019,SAMN07550177,Human,603014545,THE UT MD ANDERSON CANCER CENTER,public,"run.zq,sra,fastq","gs,ncbi,s3","ncbi.public,gs.us-east1,s3.us-east-1",SRX3121945,Illumina HiSeq 4000,nuclei genome CNV 829,KTN302_2_POP,SINGLE,RANDOM PCR,GENOMIC,Homo sapiens,ILLUMINA,2018-04-24T00:00:00Z,2017-08-23T19:46:00Z,1,KTN302_2_POP,tumor,missing,SRP114962,KTN302,midTX,
SRR5964300,missing,WGS,152,506968944,Karalinska,PRJNA396019,SAMN07550148,Human,192440761,THE UT MD ANDERSON CANCER CENTER,public,"sra,run.zq,fastq","ncbi,s3,gs","gs.us-east1,s3.us-east-1,ncbi.public",SRX3121944,Illumina HiSeq 4000,nuclei genome CNV 800,KTN302_2_25,SINGLE,RANDOM PCR,GENOMIC,Homo sapiens,ILLUMINA,2018-04-24T00:00:00Z,2017-08-23T19:43:00Z,1,KTN302_2_25,tumor,missing,SRP114962,KTN302,midTX,
SRR5964301,missing,WGS,152,1125803048,Karalinska,PRJNA396019,SAMN07549938,Human,426859110,THE UT MD ANDERSON CANCER CENTER,public,"run.zq,sra,fastq","gs,ncbi,s3","ncbi.public,s3.us-east-1,gs.us-east1",SRX3121943,Illumina HiSeq 4000,nuclei genome CNV 590,KTN126_0_43,SINGLE,RANDOM PCR,GENOMIC,Homo sapiens,ILLUMINA,2018-04-24T00:00:00Z,2017-08-23T19:45:00Z,1,KTN126_0_43,tumor,missing,SRP114962,KTN126,preTX,
SRR5964302,missing,WGS,48,105850416,Karalinska,PRJNA396019,SAMN07549859,Human,72961290,THE UT MD ANDERSON CANCER CENTER,public,"sra,fastq,run.zq","s3,ncbi,gs","s3.us-east-1,ncbi.public,gs.us-east1",SRX3121942,Illumina HiSeq 4000,nuclei genome CNV 511,KTN615_0_Pop,SINGLE,RANDOM PCR,GENOMIC,Homo sapiens,ILLUMINA,2018-04-24T00:00:00Z,2017-08-23T19:42:00Z,1,KTN615_0_Pop,tumor,missing,SRP114962,KTN615,preTX,
SRR5964303,missing,WGS,48,90535056,Karalinska,PRJNA396019,SAMN07549860,Human,68094676,THE UT MD ANDERSON CANCER CENTER,public,"sra,run.zq,fastq","s3,ncbi,gs","ncbi.public,gs.us-east1,s3.us-east-1",SRX3121941,Illumina HiSeq 4000,nuclei genome CNV 512,KTN615_2_01,SINGLE,RANDOM PCR,GENOMIC,Homo sapiens,ILLUMINA,2018-04-24T00:00:00Z,2017-08-23T19:42:00Z,1,KTN615_2_01,tumor,missing,SRP114962,KTN615,midTX,
SRR5964304,missing,WGS,48,74421408,Karalinska,PRJNA396019,SAMN07549861,Human,56372968,THE UT MD ANDERSON CANCER CENTER,public,"fastq,run.zq,sra","s3,ncbi,gs","s3.us-east-1,ncbi.public,gs.us-east1",SRX3121940,Illumina HiSeq 4000,nuclei genome CNV 513,KTN615_2_02,SINGLE,RANDOM PCR,GENOMIC,Homo sapiens,ILLUMINA,2018-04-24T00:00:00Z,2017-08-23T19:42:00Z,1,KTN615_2_02,tumor,missing,SRP114962,KTN615,midTX,
SRR5964305,missing,WGS,48,129264912,Karalinska,PRJNA396019,SAMN07549862,Human,96885765,THE UT MD ANDERSON CANCER CENTER,public,"sra,run.zq,fastq","ncbi,gs,s3","s3.us-east-1,gs.us-east1,ncbi.public",SRX3121939,Illumina HiSeq 4000,nuclei genome CNV 514,KTN615_2_03,SINGLE,RANDOM PCR,GENOMIC,Homo sapiens,ILLUMINA,2018-04-24T00:00:00Z,2017-08-23T19:42:00Z,1,KTN615_2_03,tumor,missing,SRP114962,KTN615,midTX,
SRR5964306,missing,WGS,48,133795104,Karalinska,PRJNA396019,SAMN07549863,Human,101201967,THE UT MD ANDERSON CANCER CENTER,public,"fastq,sra,run.zq","gs,ncbi,s3","gs.us-east1,ncbi.public,s3.us-east-1",SRX3121938,Illumina HiSeq 4000,nuclei genome CNV 515,KTN615_2_04,SINGLE,RANDOM PCR,GENOMIC,Homo sapiens,ILLUMINA,2018-04-24T00:00:00Z,2017-08-23T19:42:00Z,1,KTN615_2_04,tumor,missing,SRP114962,KTN615,midTX,
SRR5964307,missing,WGS,48,110951088,Karalinska,PRJNA396019,SAMN07549864,Human,83340288,THE UT MD ANDERSON CANCER CENTER,public,"sra,run.zq,fastq","ncbi,gs,s3","ncbi.public,s3.us-east-1,gs.us-east1",SRX3121937,Illumina HiSeq 4000,nuclei genome CNV 516,KTN615_2_05,SINGLE,RANDOM PCR,GENOMIC,Homo sapiens,ILLUMINA,2018-04-24T00:00:00Z,2017-08-23T19:42:00Z,1,KTN615_2_05,tumor,missing,SRP114962,KTN615,midTX,
SRR5964310,missing,WGS,48,178371984,Karalinska,PRJNA396019,SAMN07549867,Human,134204570,THE UT MD ANDERSON CANCER CENTER,public,"sra,fastq,run.zq","s3,ncbi,gs","ncbi.public,s3.us-east-1,gs.us-east1",SRX3121934,Illumina HiSeq 4000,nuclei genome CNV 519,KTN615_2_08,SINGLE,RANDOM PCR,GENOMIC,Homo sapiens,ILLUMINA,2018-04-24T00:00:00Z,2017-08-23T19:43:00Z,1,KTN615_2_08,tumor,missing,SRP114962,KTN615,midTX,
SRR5964311,missing,WGS,48,211338144,Karalinska,PRJNA396019,SAMN07549868,Human,158304343,THE UT MD ANDERSON CANCER CENTER,public,"sra,run.zq,fastq","gs,s3,ncbi","ncbi.public,s3.us-east-1,gs.us-east1",SRX3121933,Illumina HiSeq 4000,nuclei genome CNV 520,KTN615_2_09,SINGLE,RANDOM PCR,GENOMIC,Homo sapiens,ILLUMINA,2018-04-24T00:00:00Z,2017-08-23T19:44:00Z,1,KTN615_2_09,tumor,missing,SRP114962,KTN615,midTX,
SRR5964312,missing,WGS,152,1540242904,Karalinska,PRJNA396019,SAMN07549934,Human,560486595,THE UT MD ANDERSON CANCER CENTER,public,"sra,run.zq,fastq","gs,ncbi,s3","ncbi.public,s3.us-east-1,gs.us-east1",SRX3121932,Illumina HiSeq 4000,nuclei genome CNV 586,KTN126_0_03,SINGLE,RANDOM PCR,GENOMIC,Homo sapiens,ILLUMINA,2018-04-24T00:00:00Z,2017-08-23T19:49:00Z,1,KTN126_0_03,tumor,missing,SRP114962,KTN126,preTX,
SRR5964313,missing,WGS,152,511183448,Karalinska,PRJNA396019,SAMN07549967,Human,190307234,THE UT MD ANDERSON CANCER CENTER,public,"run.zq,sra,fastq","ncbi,gs,s3","gs.us-east1,s3.us-east-1,ncbi.public",SRX3121931,Illumina HiSeq 4000,nuclei genome CNV 619,KTN126_OP_28,SINGLE,RANDOM PCR,GENOMIC,Homo sapiens,ILLUMINA,2018-04-24T00:00:00Z,2017-08-23T19:45:00Z,1,KTN126_OP_28,tumor,missing,SRP114962,KTN126,postTX,
SRR5964314,missing,WGS,152,227207472,Karalinska,PRJNA396019,SAMN07549968,Human,85972272,THE UT MD ANDERSON CANCER CENTER,public,"sra,fastq,run.zq","gs,s3,ncbi","gs.us-east1,ncbi.public,s3.us-east-1",SRX3121930,Illumina HiSeq 4000,nuclei genome CNV 620,KTN126_OP_29,SINGLE,RANDOM PCR,GENOMIC,Homo sapiens,ILLUMINA,2018-04-24T00:00:00Z,2017-08-23T19:44:00Z,1,KTN126_OP_29,tumor,missing,SRP114962,KTN126,postTX,
SRR5964315,missing,WGS,152,920837888,Karalinska,PRJNA396019,SAMN07549959,Human,344977849,THE UT MD ANDERSON CANCER CENTER,public,"sra,fastq,run.zq","ncbi,gs,s3","ncbi.public,gs.us-east1,s3.us-east-1",SRX3121929,Illumina HiSeq 4000,nuclei genome CNV 611,KTN126_OP_01,SINGLE,RANDOM PCR,GENOMIC,Homo sapiens,ILLUMINA,2018-04-24T00:00:00Z,2017-08-23T19:46:00Z,1,KTN126_OP_01,tumor,missing,SRP114962,KTN126,postTX,
SRR5964316,missing,WGS,152,921131552,Karalinska,PRJNA396019,SAMN07549960,Human,350521138,THE UT MD ANDERSON CANCER CENTER,public,"sra,run.zq,fastq","s3,ncbi,gs","s3.us-east-1,ncbi.public,gs.us-east1",SRX3121928,Illumina HiSeq 4000,nuclei genome CNV 612,KTN126_OP_20,SINGLE,RANDOM PCR,GENOMIC,Homo sapiens,ILLUMINA,2018-04-24T00:00:00Z,2017-08-23T19:46:00Z,1,KTN126_OP_20,tumor,missing,SRP114962,KTN126,postTX,
SRR5964317,missing,WGS,152,796476808,Karalinska,PRJNA396019,SAMN07549961,Human,299290513,THE UT MD ANDERSON CANCER CENTER,public,"run.zq,sra,fastq","s3,gs,ncbi","gs.us-east1,s3.us-east-1,ncbi.public",SRX3121927,Illumina HiSeq 4000,nuclei genome CNV 613,KTN126_OP_21,SINGLE,RANDOM PCR,GENOMIC,Homo sapiens,ILLUMINA,2018-04-24T00:00:00Z,2017-08-23T19:47:00Z,1,KTN126_OP_21,tumor,missing,SRP114962,KTN126,postTX,
SRR5964318,missing,WGS,152,828485880,Karalinska,PRJNA396019,SAMN07549962,Human,308894196,THE UT MD ANDERSON CANCER CENTER,public,"sra,fastq,run.zq","s3,gs,ncbi","ncbi.public,gs.us-east1,s3.us-east-1",SRX3121926,Illumina HiSeq 4000,nuclei genome CNV 614,KTN126_OP_22,SINGLE,RANDOM PCR,GENOMIC,Homo sapiens,ILLUMINA,2018-04-24T00:00:00Z,2017-08-23T19:46:00Z,1,KTN126_OP_22,tumor,missing,SRP114962,KTN126,postTX,
SRR5964319,missing,WGS,152,405465624,Karalinska,PRJNA396019,SAMN07549963,Human,151684913,THE UT MD ANDERSON CANCER CENTER,public,"fastq,sra,run.zq","s3,ncbi,gs","s3.us-east-1,gs.us-east1,ncbi.public",SRX3121925,Illumina HiSeq 4000,nuclei genome CNV 615,KTN126_OP_23,SINGLE,RANDOM PCR,GENOMIC,Homo sapiens,ILLUMINA,2018-04-24T00:00:00Z,2017-08-23T19:46:00Z,1,KTN126_OP_23,tumor,missing,SRP114962,KTN126,postTX,
SRR5964320,missing,WGS,152,514492640,Karalinska,PRJNA396019,SAMN07549964,Human,195175528,THE UT MD ANDERSON CANCER CENTER,public,"fastq,sra,run.zq","s3,ncbi,gs","s3.us-east-1,ncbi.public,gs.us-east1",SRX3121924,Illumina HiSeq 4000,nuclei genome CNV 616,KTN126_OP_24,SINGLE,RANDOM PCR,GENOMIC,Homo sapiens,ILLUMINA,2018-04-24T00:00:00Z,2017-08-23T19:46:00Z,1,KTN126_OP_24,tumor,missing,SRP114962,KTN126,postTX,
SRR5964322,missing,WGS,152,1329081616,Karalinska,PRJNA396019,SAMN07549966,Human,508337373,THE UT MD ANDERSON CANCER CENTER,public,"run.zq,fastq,sra","gs,s3,ncbi","gs.us-east1,s3.us-east-1,ncbi.public",SRX3121922,Illumina HiSeq 4000,nuclei genome CNV 618,KTN126_OP_26,SINGLE,RANDOM PCR,GENOMIC,Homo sapiens,ILLUMINA,2018-04-24T00:00:00Z,2017-08-23T19:49:00Z,1,KTN126_OP_26,tumor,missing,SRP114962,KTN126,postTX,
SRR5964323,missing,WGS,152,1217680512,Karalinska,PRJNA396019,SAMN07550075,Human,453416700,THE UT MD ANDERSON CANCER CENTER,public,"fastq,sra,run.zq","gs,s3,ncbi","gs.us-east1,s3.us-east-1,ncbi.public",SRX3121921,Illumina HiSeq 4000,nuclei genome CNV 727,KTN129_OP_41,SINGLE,RANDOM PCR,GENOMIC,Homo sapiens,ILLUMINA,2018-04-24T00:00:00Z,2017-08-23T19:48:00Z,1,KTN129_OP_41,tumor,missing,SRP114962,KTN129,postTX,
SRR5964324,missing,WGS,152,1099720,Karalinska,PRJNA396019,SAMN07550076,Human,513544,THE UT MD ANDERSON CANCER CENTER,public,"sra,run.zq,fastq","gs,ncbi,s3","ncbi.public,gs.us-east1,s3.us-east-1",SRX3121920,Illumina HiSeq 4000,nuclei genome CNV 728,KTN129_OP_42,SINGLE,RANDOM PCR,GENOMIC,Homo sapiens,ILLUMINA,2018-04-24T00:00:00Z,2017-08-23T19:45:00Z,1,KTN129_OP_42,tumor,missing,SRP114962,KTN129,postTX,
SRR5964325,missing,WGS,152,1835361240,Karalinska,PRJNA396019,SAMN07550073,Human,688727214,THE UT MD ANDERSON CANCER CENTER,public,"sra,fastq,run.zq","gs,s3,ncbi","s3.us-east-1,gs.us-east1,ncbi.public",SRX3121919,Illumina HiSeq 4000,nuclei genome CNV 725,KTN129_OP_03,SINGLE,RANDOM PCR,GENOMIC,Homo sapiens,ILLUMINA,2018-04-24T00:00:00Z,2017-08-23T19:52:00Z,1,KTN129_OP_03,tumor,missing,SRP114962,KTN129,postTX,
SRR5964326,missing,WGS,152,467774072,Karalinska,PRJNA396019,SAMN07550074,Human,175141428,THE UT MD ANDERSON CANCER CENTER,public,"run.zq,sra,fastq","s3,ncbi,gs","gs.us-east1,s3.us-east-1,ncbi.public",SRX3121918,Illumina HiSeq 4000,nuclei genome CNV 726,KTN129_OP_40,SINGLE,RANDOM PCR,GENOMIC,Homo sapiens,ILLUMINA,2018-04-24T00:00:00Z,2017-08-23T19:46:00Z,1,KTN129_OP_40,tumor,missing,SRP114962,KTN129,postTX,
SRR5964327,missing,WGS,152,953669888,Karalinska,PRJNA396019,SAMN07550071,Human,353814286,THE UT MD ANDERSON CANCER CENTER,public,"run.zq,fastq,sra","ncbi,gs,s3","gs.us-east1,ncbi.public,s3.us-east-1",SRX3121917,Illumina HiSeq 4000,nuclei genome CNV 723,KTN129_OP_38,SINGLE,RANDOM PCR,GENOMIC,Homo sapiens,ILLUMINA,2018-04-24T00:00:00Z,2017-08-23T19:48:00Z,1,KTN129_OP_38,tumor,missing,SRP114962,KTN129,postTX,
SRR5964330,missing,WGS,152,471442896,Karalinska,PRJNA396019,SAMN07550070,Human,175329564,THE UT MD ANDERSON CANCER CENTER,public,"fastq,sra,run.zq","ncbi,gs,s3","ncbi.public,s3.us-east-1,gs.us-east1",SRX3121914,Illumina HiSeq 4000,nuclei genome CNV 722,KTN129_OP_37,SINGLE,RANDOM PCR,GENOMIC,Homo sapiens,ILLUMINA,2018-04-24T00:00:00Z,2017-08-23T19:47:00Z,1,KTN129_OP_37,tumor,missing,SRP114962,KTN129,postTX,
SRR5964331,missing,WGS,152,2205782504,Karalinska,PRJNA396019,SAMN07550077,Human,862657226,THE UT MD ANDERSON CANCER CENTER,public,"fastq,sra,run.zq","ncbi,s3,gs","s3.us-east-1,gs.us-east1,ncbi.public",SRX3121913,Illumina HiSeq 4000,nuclei genome CNV 729,KTN129_OP_43,SINGLE,RANDOM PCR,GENOMIC,Homo sapiens,ILLUMINA,2018-04-24T00:00:00Z,2017-08-23T19:51:00Z,1,KTN129_OP_43,tumor,missing,SRP114962,KTN129,postTX,
SRR5964332,missing,WGS,152,785873592,Karalinska,PRJNA396019,SAMN07550078,Human,301347960,THE UT MD ANDERSON CANCER CENTER,public,"fastq,sra,run.zq","s3,ncbi,gs","gs.us-east1,ncbi.public,s3.us-east-1",SRX3121912,Illumina HiSeq 4000,nuclei genome CNV 730,KTN129_OP_44,SINGLE,RANDOM PCR,GENOMIC,Homo sapiens,ILLUMINA,2018-04-24T00:00:00Z,2017-08-23T19:48:00Z,1,KTN129_OP_44,tumor,missing,SRP114962,KTN129,postTX,
SRR5964333,missing,WGS,48,168323040,Karalinska,PRJNA396019,SAMN07549878,Human,126105607,THE UT MD ANDERSON CANCER CENTER,public,"run.zq,sra,fastq","s3,gs,ncbi","gs.us-east1,s3.us-east-1,ncbi.public",SRX3121911,Illumina HiSeq 4000,nuclei genome CNV 530,KTN615_2_23,SINGLE,RANDOM PCR,GENOMIC,Homo sapiens,ILLUMINA,2018-04-24T00:00:00Z,2017-08-23T19:46:00Z,1,KTN615_2_23,tumor,missing,SRP114962,KTN615,midTX,
SRR5964334,missing,WGS,48,119488848,Karalinska,PRJNA396019,SAMN07549877,Human,89848498,THE UT MD ANDERSON CANCER CENTER,public,"sra,run.zq,fastq","gs,s3,ncbi","s3.us-east-1,ncbi.public,gs.us-east1",SRX3121910,Illumina HiSeq 4000,nuclei genome CNV 529,KTN615_2_22,SINGLE,RANDOM PCR,GENOMIC,Homo sapiens,ILLUMINA,2018-04-24T00:00:00Z,2017-08-23T19:46:00Z,1,KTN615_2_22,tumor,missing,SRP114962,KTN615,midTX,
SRR5964335,missing,WGS,48,152624208,Karalinska,PRJNA396019,SAMN07549874,Human,114828721,THE UT MD ANDERSON CANCER CENTER,public,"run.zq,sra,fastq","gs,ncbi,s3","gs.us-east1,ncbi.public,s3.us-east-1",SRX3121909,Illumina HiSeq 4000,nuclei genome CNV 526,KTN615_2_18,SINGLE,RANDOM PCR,GENOMIC,Homo sapiens,ILLUMINA,2018-04-24T00:00:00Z,2017-08-23T19:46:00Z,1,KTN615_2_18,tumor,missing,SRP114962,KTN615,midTX,
SRR5964336,missing,WGS,48,116332896,Karalinska,PRJNA396019,SAMN07549873,Human,87377365,THE UT MD ANDERSON CANCER CENTER,public,"fastq,run.zq,sra","s3,ncbi,gs","ncbi.public,gs.us-east1,s3.us-east-1",SRX3121908,Illumina HiSeq 4000,nuclei genome CNV 525,KTN615_2_15,SINGLE,RANDOM PCR,GENOMIC,Homo sapiens,ILLUMINA,2018-04-24T00:00:00Z,2017-08-23T19:46:00Z,1,KTN615_2_15,tumor,missing,SRP114962,KTN615,midTX,
SRR5964337,missing,WGS,48,170180304,Karalinska,PRJNA396019,SAMN07549876,Human,127333783,THE UT MD ANDERSON CANCER CENTER,public,"fastq,run.zq,sra","ncbi,gs,s3","ncbi.public,gs.us-east1,s3.us-east-1",SRX3121907,Illumina HiSeq 4000,nuclei genome CNV 528,KTN615_2_21,SINGLE,RANDOM PCR,GENOMIC,Homo sapiens,ILLUMINA,2018-04-24T00:00:00Z,2017-08-23T19:46:00Z,1,KTN615_2_21,tumor,missing,SRP114962,KTN615,midTX,
SRR5964338,missing,WGS,48,147104736,Karalinska,PRJNA396019,SAMN07549875,Human,109385684,THE UT MD ANDERSON CANCER CENTER,public,"sra,fastq,run.zq","s3,ncbi,gs","s3.us-east-1,ncbi.public,gs.us-east1",SRX3121906,Illumina HiSeq 4000,nuclei genome CNV 527,KTN615_2_19,SINGLE,RANDOM PCR,GENOMIC,Homo sapiens,ILLUMINA,2018-04-24T00:00:00Z,2017-08-23T19:47:00Z,1,KTN615_2_19,tumor,missing,SRP114962,KTN615,midTX,
SRR5964339,missing,WGS,48,203310864,Karalinska,PRJNA396019,SAMN07549870,Human,151605790,THE UT MD ANDERSON CANCER CENTER,public,"fastq,run.zq,sra","s3,ncbi,gs","ncbi.public,s3.us-east-1,gs.us-east1",SRX3121905,Illumina HiSeq 4000,nuclei genome CNV 522,KTN615_2_12,SINGLE,RANDOM PCR,GENOMIC,Homo sapiens,ILLUMINA,2018-04-24T00:00:00Z,2017-08-23T19:47:00Z,1,KTN615_2_12,tumor,missing,SRP114962,KTN615,midTX,
SRR5964342,missing,WGS,48,97465728,Karalinska,PRJNA396019,SAMN07549871,Human,72802304,THE UT MD ANDERSON CANCER CENTER,public,"run.zq,sra,fastq","s3,gs,ncbi","s3.us-east-1,gs.us-east1,ncbi.public",SRX3121902,Illumina HiSeq 4000,nuclei genome CNV 523,KTN615_2_13,SINGLE,RANDOM PCR,GENOMIC,Homo sapiens,ILLUMINA,2018-04-24T00:00:00Z,2017-08-23T19:47:00Z,1,KTN615_2_13,tumor,missing,SRP114962,KTN615,midTX,
SRR5964343,missing,WGS,152,1165377616,Karalinska,PRJNA396019,SAMN07550138,Human,445755652,THE UT MD ANDERSON CANCER CENTER,public,"run.zq,fastq,sra","s3,gs,ncbi","ncbi.public,s3.us-east-1,gs.us-east1",SRX3121901,Illumina HiSeq 4000,nuclei genome CNV 790,KTN302_2_15,SINGLE,RANDOM PCR,GENOMIC,Homo sapiens,ILLUMINA,2018-04-24T00:00:00Z,2017-08-23T19:50:00Z,1,KTN302_2_15,tumor,missing,SRP114962,KTN302,midTX,
SRR5964344,missing,WGS,152,281935224,Karalinska,PRJNA396019,SAMN07549947,Human,104254513,THE UT MD ANDERSON CANCER CENTER,public,"fastq,sra,run.zq","gs,s3,ncbi","gs.us-east1,ncbi.public,s3.us-east-1",SRX3121900,Illumina HiSeq 4000,nuclei genome CNV 599,KTN126_0_08,SINGLE,RANDOM PCR,GENOMIC,Homo sapiens,ILLUMINA,2018-04-24T00:00:00Z,2017-08-23T19:48:00Z,1,KTN126_0_08,tumor,missing,SRP114962,KTN126,preTX,
SRR5964345,missing,WGS,152,1536925656,Karalinska,PRJNA396019,SAMN07549956,Human,575878797,THE UT MD ANDERSON CANCER CENTER,public,"run.zq,sra,fastq","gs,s3,ncbi","gs.us-east1,s3.us-east-1,ncbi.public",SRX3121899,Illumina HiSeq 4000,nuclei genome CNV 608,KTN126_OP_17,SINGLE,RANDOM PCR,GENOMIC,Homo sapiens,ILLUMINA,2018-04-24T00:00:00Z,2017-08-23T19:51:00Z,1,KTN126_OP_17,tumor,missing,SRP114962,KTN126,postTX,
SRR5964346,missing,WGS,152,879919640,Karalinska,PRJNA396019,SAMN07549955,Human,329494270,THE UT MD ANDERSON CANCER CENTER,public,"sra,run.zq,fastq","s3,ncbi,gs","s3.us-east-1,ncbi.public,gs.us-east1",SRX3121898,Illumina HiSeq 4000,nuclei genome CNV 607,KTN126_OP_16,SINGLE,RANDOM PCR,GENOMIC,Homo sapiens,ILLUMINA,2018-04-24T00:00:00Z,2017-08-23T19:50:00Z,1,KTN126_OP_16,tumor,missing,SRP114962,KTN126,postTX,
SRR5964347,missing,WGS,152,728209352,Karalinska,PRJNA396019,SAMN07549954,Human,274343410,THE UT MD ANDERSON CANCER CENTER,public,"fastq,sra,run.zq","gs,s3,ncbi","gs.us-east1,ncbi.public,s3.us-east-1",SRX3121897,Illumina HiSeq 4000,nuclei genome CNV 606,KTN126_OP_15,SINGLE,RANDOM PCR,GENOMIC,Homo sapiens,ILLUMINA,2018-04-24T00:00:00Z,2017-08-23T19:50:00Z,1,KTN126_OP_15,tumor,missing,SRP114962,KTN126,postTX,
SRR5964348,missing,WGS,152,1047562264,Karalinska,PRJNA396019,SAMN07549953,Human,391642863,THE UT MD ANDERSON CANCER CENTER,public,"sra,run.zq,fastq","ncbi,gs,s3","gs.us-east1,ncbi.public,s3.us-east-1",SRX3121896,Illumina HiSeq 4000,nuclei genome CNV 605,KTN126_OP_14,SINGLE,RANDOM PCR,GENOMIC,Homo sapiens,ILLUMINA,2018-04-24T00:00:00Z,2017-08-23T19:54:00Z,1,KTN126_OP_14,tumor,missing,SRP114962,KTN126,postTX,
SRR5964349,missing,WGS,152,909103640,Karalinska,PRJNA396019,SAMN07549952,Human,341404388,THE UT MD ANDERSON CANCER CENTER,public,"run.zq,fastq,sra","ncbi,s3,gs","gs.us-east1,ncbi.public,s3.us-east-1",SRX3121895,Illumina HiSeq 4000,nuclei genome CNV 604,KTN126_OP_13,SINGLE,RANDOM PCR,GENOMIC,Homo sapiens,ILLUMINA,2018-04-24T00:00:00Z,2017-08-23T19:50:00Z,1,KTN126_OP_13,tumor,missing,SRP114962,KTN126,postTX,
SRR5964350,missing,WGS,152,859113272,Karalinska,PRJNA396019,SAMN07549951,Human,320724548,THE UT MD ANDERSON CANCER CENTER,public,"sra,fastq,run.zq","ncbi,gs,s3","gs.us-east1,s3.us-east-1,ncbi.public",SRX3121894,Illumina HiSeq 4000,nuclei genome CNV 603,KTN126_OP_12,SINGLE,RANDOM PCR,GENOMIC,Homo sapiens,ILLUMINA,2018-04-24T00:00:00Z,2017-08-23T19:50:00Z,1,KTN126_OP_12,tumor,missing,SRP114962,KTN126,postTX,
SRR5964351,missing,WGS,152,1300584960,Karalinska,PRJNA396019,SAMN07549950,Human,479072210,THE UT MD ANDERSON CANCER CENTER,public,"run.zq,sra,fastq","gs,ncbi,s3","ncbi.public,s3.us-east-1,gs.us-east1",SRX3121893,Illumina HiSeq 4000,nuclei genome CNV 602,KTN126_OP_11,SINGLE,RANDOM PCR,GENOMIC,Homo sapiens,ILLUMINA,2018-04-24T00:00:00Z,2017-08-23T19:53:00Z,1,KTN126_OP_11,tumor,missing,SRP114962,KTN126,postTX,
SRR5964352,missing,WGS,152,844615056,Karalinska,PRJNA396019,SAMN07549949,Human,311431903,THE UT MD ANDERSON CANCER CENTER,public,"sra,run.zq,fastq","gs,s3,ncbi","gs.us-east1,s3.us-east-1,ncbi.public",SRX3121892,Illumina HiSeq 4000,nuclei genome CNV 601,KTN126_OP_10,SINGLE,RANDOM PCR,GENOMIC,Homo sapiens,ILLUMINA,2018-04-24T00:00:00Z,2017-08-23T19:50:00Z,1,KTN126_OP_10,tumor,missing,SRP114962,KTN126,postTX,
SRR5964353,missing,WGS,152,1099662088,Karalinska,PRJNA396019,SAMN07549958,Human,410322145,THE UT MD ANDERSON CANCER CENTER,public,"run.zq,sra,fastq","gs,s3,ncbi","ncbi.public,gs.us-east1,s3.us-east-1",SRX3121891,Illumina HiSeq 4000,nuclei genome CNV 610,KTN126_OP_19,SINGLE,RANDOM PCR,GENOMIC,Homo sapiens,ILLUMINA,2018-04-24T00:00:00Z,2017-08-23T19:51:00Z,1,KTN126_OP_19,tumor,missing,SRP114962,KTN126,postTX,
SRR5964356,missing,WGS,152,385709728,Karalinska,PRJNA396019,SAMN07550083,Human,150818860,THE UT MD ANDERSON CANCER CENTER,public,"run.zq,sra,fastq","ncbi,s3,gs","s3.us-east-1,gs.us-east1,ncbi.public",SRX3121888,Illumina HiSeq 4000,nuclei genome CNV 735,KTN129_OP_07,SINGLE,RANDOM PCR,GENOMIC,Homo sapiens,ILLUMINA,2018-04-24T00:00:00Z,2017-08-23T19:50:00Z,1,KTN129_OP_07,tumor,missing,SRP114962,KTN129,postTX,
SRR5964357,missing,WGS,152,944271120,Karalinska,PRJNA396019,SAMN07550086,Human,354665334,THE UT MD ANDERSON CANCER CENTER,public,"sra,fastq,run.zq","s3,gs,ncbi","s3.us-east-1,gs.us-east1,ncbi.public",SRX3121887,Illumina HiSeq 4000,nuclei genome CNV 738,KTN302_0_11,SINGLE,RANDOM PCR,GENOMIC,Homo sapiens,ILLUMINA,2018-04-24T00:00:00Z,2017-08-23T19:51:00Z,1,KTN302_0_11,tumor,missing,SRP114962,KTN302,preTX,
SRR5964358,missing,WGS,152,439517728,Karalinska,PRJNA396019,SAMN07550085,Human,167512081,THE UT MD ANDERSON CANCER CENTER,public,"run.zq,fastq,sra","ncbi,s3,gs","ncbi.public,gs.us-east1,s3.us-east-1",SRX3121886,Illumina HiSeq 4000,nuclei genome CNV 737,KTN129_OP_09,SINGLE,RANDOM PCR,GENOMIC,Homo sapiens,ILLUMINA,2018-04-24T00:00:00Z,2017-08-23T19:50:00Z,1,KTN129_OP_09,tumor,missing,SRP114962,KTN129,postTX,
SRR5964359,missing,WGS,152,1679288552,Karalinska,PRJNA396019,SAMN07550080,Human,632877858,THE UT MD ANDERSON CANCER CENTER,public,"run.zq,fastq,sra","ncbi,s3,gs","s3.us-east-1,gs.us-east1,ncbi.public",SRX3121885,Illumina HiSeq 4000,nuclei genome CNV 732,KTN129_OP_04,SINGLE,RANDOM PCR,GENOMIC,Homo sapiens,ILLUMINA,2018-04-24T00:00:00Z,2017-08-23T19:53:00Z,1,KTN129_OP_04,tumor,missing,SRP114962,KTN129,postTX,
SRR5964360,missing,WGS,152,570385472,Karalinska,PRJNA396019,SAMN07550079,Human,211924315,THE UT MD ANDERSON CANCER CENTER,public,"fastq,sra,run.zq","ncbi,s3,gs","s3.us-east-1,ncbi.public,gs.us-east1",SRX3121884,Illumina HiSeq 4000,nuclei genome CNV 731,KTN129_OP_45,SINGLE,RANDOM PCR,GENOMIC,Homo sapiens,ILLUMINA,2018-04-24T00:00:00Z,2017-08-23T19:50:00Z,1,KTN129_OP_45,tumor,missing,SRP114962,KTN129,postTX,
SRR5964361,missing,WGS,152,648817776,Karalinska,PRJNA396019,SAMN07550038,Human,243510329,THE UT MD ANDERSON CANCER CENTER,public,"sra,fastq,run.zq","ncbi,s3,gs","gs.us-east1,ncbi.public,s3.us-east-1",SRX3121883,Illumina HiSeq 4000,nuclei genome CNV 690,KTN129_0_07,SINGLE,RANDOM PCR,GENOMIC,Homo sapiens,ILLUMINA,2018-04-24T00:00:00Z,2017-08-23T19:51:00Z,1,KTN129_0_07,tumor,missing,SRP114962,KTN129,preTX,
SRR5964362,missing,WGS,152,680667704,Karalinska,PRJNA396019,SAMN07550037,Human,258580434,THE UT MD ANDERSON CANCER CENTER,public,"sra,run.zq,fastq","s3,gs,ncbi","ncbi.public,s3.us-east-1,gs.us-east1",SRX3121882,Illumina HiSeq 4000,nuclei genome CNV 689,KTN129_0_06,SINGLE,RANDOM PCR,GENOMIC,Homo sapiens,ILLUMINA,2018-04-24T00:00:00Z,2017-08-23T19:51:00Z,1,KTN129_0_06,tumor,missing,SRP114962,KTN129,preTX,
SRR5964363,missing,WGS,152,621389984,Karalinska,PRJNA396019,SAMN07550036,Human,233448973,THE UT MD ANDERSON CANCER CENTER,public,"run.zq,fastq,sra","ncbi,gs,s3","gs.us-east1,s3.us-east-1,ncbi.public",SRX3121881,Illumina HiSeq 4000,nuclei genome CNV 688,KTN129_0_04,SINGLE,RANDOM PCR,GENOMIC,Homo sapiens,ILLUMINA,2018-04-24T00:00:00Z,2017-08-23T19:51:00Z,1,KTN129_0_04,tumor,missing,SRP114962,KTN129,preTX,
SRR5964364,missing,WGS,152,694254376,Karalinska,PRJNA396019,SAMN07550035,Human,260018489,THE UT MD ANDERSON CANCER CENTER,public,"sra,run.zq,fastq","gs,s3,ncbi","ncbi.public,gs.us-east1,s3.us-east-1",SRX3121880,Illumina HiSeq 4000,nuclei genome CNV 687,KTN129_0_48,SINGLE,RANDOM PCR,GENOMIC,Homo sapiens,ILLUMINA,2018-04-24T00:00:00Z,2017-08-23T19:51:00Z,1,KTN129_0_48,tumor,missing,SRP114962,KTN129,preTX,
SRR5964365,missing,WGS,152,680091776,Karalinska,PRJNA396019,SAMN07550034,Human,252632818,THE UT MD ANDERSON CANCER CENTER,public,"sra,fastq,run.zq","ncbi,s3,gs","s3.us-east-1,ncbi.public,gs.us-east1",SRX3121879,Illumina HiSeq 4000,nuclei genome CNV 686,KTN129_0_47,SINGLE,RANDOM PCR,GENOMIC,Homo sapiens,ILLUMINA,2018-04-24T00:00:00Z,2017-08-23T19:51:00Z,1,KTN129_0_47,tumor,missing,SRP114962,KTN129,preTX,
SRR5964367,missing,WGS,152,1077338000,Karalinska,PRJNA396019,SAMN07550032,Human,416441773,THE UT MD ANDERSON CANCER CENTER,public,"sra,run.zq,fastq","gs,s3,ncbi","ncbi.public,gs.us-east1,s3.us-east-1",SRX3121877,Illumina HiSeq 4000,nuclei genome CNV 684,KTN129_0_45,SINGLE,RANDOM PCR,GENOMIC,Homo sapiens,ILLUMINA,2018-04-24T00:00:00Z,2017-08-23T19:52:00Z,1,KTN129_0_45,tumor,missing,SRP114962,KTN129,preTX,
SRR5964368,missing,WGS,152,715060896,Karalinska,PRJNA396019,SAMN07550031,Human,269105306,THE UT MD ANDERSON CANCER CENTER,public,"fastq,sra,run.zq","gs,ncbi,s3","s3.us-east-1,gs.us-east1,ncbi.public",SRX3121876,Illumina HiSeq 4000,nuclei genome CNV 683,KTN129_0_44,SINGLE,RANDOM PCR,GENOMIC,Homo sapiens,ILLUMINA,2018-04-24T00:00:00Z,2017-08-23T19:51:00Z,1,KTN129_0_44,tumor,missing,SRP114962,KTN129,preTX,
SRR5964369,missing,WGS,152,1390362240,Karalinska,PRJNA396019,SAMN07550030,Human,526860401,THE UT MD ANDERSON CANCER CENTER,public,"fastq,sra,run.zq","ncbi,s3,gs","gs.us-east1,s3.us-east-1,ncbi.public",SRX3121875,Illumina HiSeq 4000,nuclei genome CNV 682,KTN129_0_43,SINGLE,RANDOM PCR,GENOMIC,Homo sapiens,ILLUMINA,2018-04-24T00:00:00Z,2017-08-23T19:54:00Z,1,KTN129_0_43,tumor,missing,SRP114962,KTN129,preTX,
SRR5964370,missing,WGS,152,547839616,Karalinska,PRJNA396019,SAMN07550029,Human,223284391,THE UT MD ANDERSON CANCER CENTER,public,"run.zq,sra,fastq","ncbi,gs,s3","ncbi.public,gs.us-east1,s3.us-east-1",SRX3121874,Illumina HiSeq 4000,nuclei genome CNV 681,KTN129_0_42,SINGLE,RANDOM PCR,GENOMIC,Homo sapiens,ILLUMINA,2018-04-24T00:00:00Z,2017-08-23T19:51:00Z,1,KTN129_0_42,tumor,missing,SRP114962,KTN129,preTX,
SRR5964371,missing,WGS,152,759473320,Karalinska,PRJNA396019,SAMN07550058,Human,290688128,THE UT MD ANDERSON CANCER CENTER,public,"fastq,run.zq,sra","ncbi,s3,gs","s3.us-east-1,ncbi.public,gs.us-east1",SRX3121873,Illumina HiSeq 4000,nuclei genome CNV 710,KTN129_OP_26,SINGLE,RANDOM PCR,GENOMIC,Homo sapiens,ILLUMINA,2018-04-24T00:00:00Z,2017-08-23T19:51:00Z,1,KTN129_OP_26,tumor,missing,SRP114962,KTN129,postTX,
SRR5964372,missing,WGS,48,170641728,Karalinska,PRJNA396019,SAMN07549887,Human,127974802,THE UT MD ANDERSON CANCER CENTER,public,"fastq,sra,run.zq","ncbi,s3,gs","ncbi.public,gs.us-east1,s3.us-east-1",SRX3121872,Illumina HiSeq 4000,nuclei genome CNV 539,KTN615_2_32,SINGLE,RANDOM PCR,GENOMIC,Homo sapiens,ILLUMINA,2018-04-24T00:00:00Z,2017-08-23T19:51:00Z,1,KTN615_2_32,tumor,missing,SRP114962,KTN615,midTX,
SRR5964373,missing,WGS,48,139463616,Karalinska,PRJNA396019,SAMN07549888,Human,104594224,THE UT MD ANDERSON CANCER CENTER,public,"fastq,run.zq,sra","ncbi,gs,s3","s3.us-east-1,gs.us-east1,ncbi.public",SRX3121871,Illumina HiSeq 4000,nuclei genome CNV 540,KTN615_2_33,SINGLE,RANDOM PCR,GENOMIC,Homo sapiens,ILLUMINA,2018-04-24T00:00:00Z,2017-08-23T19:50:00Z,1,KTN615_2_33,tumor,missing,SRP114962,KTN615,midTX,
SRR5964374,missing,WGS,48,144803184,Karalinska,PRJNA396019,SAMN07549885,Human,108908719,THE UT MD ANDERSON CANCER CENTER,public,"run.zq,sra,fastq","ncbi,s3,gs","gs.us-east1,s3.us-east-1,ncbi.public",SRX3121870,Illumina HiSeq 4000,nuclei genome CNV 537,KTN615_2_30,SINGLE,RANDOM PCR,GENOMIC,Homo sapiens,ILLUMINA,2018-04-24T00:00:00Z,2017-08-23T19:50:00Z,1,KTN615_2_30,tumor,missing,SRP114962,KTN615,midTX,
SRR5964375,missing,WGS,48,151996272,Karalinska,PRJNA396019,SAMN07549886,Human,113880818,THE UT MD ANDERSON CANCER CENTER,public,"sra,fastq,run.zq","ncbi,s3,gs","s3.us-east-1,ncbi.public,gs.us-east1",SRX3121869,Illumina HiSeq 4000,nuclei genome CNV 538,KTN615_2_31,SINGLE,RANDOM PCR,GENOMIC,Homo sapiens,ILLUMINA,2018-04-24T00:00:00Z,2017-08-23T19:51:00Z,1,KTN615_2_31,tumor,missing,SRP114962,KTN615,midTX,
SRR5964376,missing,WGS,48,135285120,Karalinska,PRJNA396019,SAMN07549883,Human,100973590,THE UT MD ANDERSON CANCER CENTER,public,"fastq,run.zq,sra","ncbi,s3,gs","s3.us-east-1,gs.us-east1,ncbi.public",SRX3121868,Illumina HiSeq 4000,nuclei genome CNV 535,KTN615_2_28,SINGLE,RANDOM PCR,GENOMIC,Homo sapiens,ILLUMINA,2018-04-24T00:00:00Z,2017-08-23T19:51:00Z,1,KTN615_2_28,tumor,missing,SRP114962,KTN615,midTX,
SRR5964381,missing,WGS,48,127147104,Karalinska,PRJNA396019,SAMN07549880,Human,94918634,THE UT MD ANDERSON CANCER CENTER,public,"fastq,sra,run.zq","gs,s3,ncbi","s3.us-east-1,gs.us-east1,ncbi.public",SRX3121863,Illumina HiSeq 4000,nuclei genome CNV 532,KTN615_2_25,SINGLE,RANDOM PCR,GENOMIC,Homo sapiens,ILLUMINA,2018-04-24T00:00:00Z,2017-08-23T19:52:00Z,1,KTN615_2_25,tumor,missing,SRP114962,KTN615,midTX,
SRR5964382,missing,WGS,152,1262434784,Karalinska,PRJNA396019,SAMN07550132,Human,449966414,THE UT MD ANDERSON CANCER CENTER,public,"sra,run.zq,fastq","gs,ncbi,s3","ncbi.public,gs.us-east1,s3.us-east-1",SRX3121862,Illumina HiSeq 4000,nuclei genome CNV 784,KTN302_0_POP2,SINGLE,RANDOM PCR,GENOMIC,Homo sapiens,ILLUMINA,2018-04-24T00:00:00Z,2017-08-23T19:55:00Z,1,KTN302_0_POP2,tumor,missing,SRP114962,KTN302,preTX,
SRR5964383,missing,WGS,152,968151384,Karalinska,PRJNA396019,SAMN07550172,Human,367302775,THE UT MD ANDERSON CANCER CENTER,public,"run.zq,fastq,sra","ncbi,gs,s3","s3.us-east-1,gs.us-east1,ncbi.public",SRX3121861,Illumina HiSeq 4000,nuclei genome CNV 824,KTN302_2_05,SINGLE,RANDOM PCR,GENOMIC,Homo sapiens,ILLUMINA,2018-04-24T00:00:00Z,2017-08-23T19:54:00Z,1,KTN302_2_05,tumor,missing,SRP114962,KTN302,midTX,
SRR5964384,missing,WGS,152,1163717016,Karalinska,PRJNA396019,SAMN07550171,Human,446048634,THE UT MD ANDERSON CANCER CENTER,public,"sra,run.zq,fastq","ncbi,gs,s3","s3.us-east-1,gs.us-east1,ncbi.public",SRX3121860,Illumina HiSeq 4000,nuclei genome CNV 823,KTN302_2_04,SINGLE,RANDOM PCR,GENOMIC,Homo sapiens,ILLUMINA,2018-04-24T00:00:00Z,2017-08-23T19:55:00Z,1,KTN302_2_04,tumor,missing,SRP114962,KTN302,midTX,
SRR5964387,missing,WGS,152,1056196320,Karalinska,PRJNA396019,SAMN07549979,Human,395733313,THE UT MD ANDERSON CANCER CENTER,public,"fastq,sra,run.zq","s3,ncbi,gs","gs.us-east1,ncbi.public,s3.us-east-1",SRX3121857,Illumina HiSeq 4000,nuclei genome CNV 631,KTN126_OP_03,SINGLE,RANDOM PCR,GENOMIC,Homo sapiens,ILLUMINA,2018-04-24T00:00:00Z,2017-08-23T19:54:00Z,1,KTN126_OP_03,tumor,missing,SRP114962,KTN126,postTX,
SRR5964388,missing,WGS,152,779287432,Karalinska,PRJNA396019,SAMN07549980,Human,294084456,THE UT MD ANDERSON CANCER CENTER,public,"fastq,run.zq,sra","s3,ncbi,gs","ncbi.public,s3.us-east-1,gs.us-east1",SRX3121856,Illumina HiSeq 4000,nuclei genome CNV 632,KTN126_OP_40,SINGLE,RANDOM PCR,GENOMIC,Homo sapiens,ILLUMINA,2018-04-24T00:00:00Z,2017-08-23T19:53:00Z,1,KTN126_OP_40,tumor,missing,SRP114962,KTN126,postTX,
SRR5964389,missing,WGS,152,851995264,Karalinska,PRJNA396019,SAMN07549985,Human,321981700,THE UT MD ANDERSON CANCER CENTER,public,"sra,fastq,run.zq","s3,gs,ncbi","ncbi.public,gs.us-east1,s3.us-east-1",SRX3121855,Illumina HiSeq 4000,nuclei genome CNV 637,KTN126_OP_45,SINGLE,RANDOM PCR,GENOMIC,Homo sapiens,ILLUMINA,2018-04-24T00:00:00Z,2017-08-23T19:54:00Z,1,KTN126_OP_45,tumor,missing,SRP114962,KTN126,postTX,
SRR5964390,missing,WGS,152,988917472,Karalinska,PRJNA396019,SAMN07549986,Human,368534113,THE UT MD ANDERSON CANCER CENTER,public,"run.zq,sra,fastq","s3,ncbi,gs","s3.us-east-1,gs.us-east1,ncbi.public",SRX3121854,Illumina HiSeq 4000,nuclei genome CNV 638,KTN126_OP_46,SINGLE,RANDOM PCR,GENOMIC,Homo sapiens,ILLUMINA,2018-04-24T00:00:00Z,2017-08-23T19:54:00Z,1,KTN126_OP_46,tumor,missing,SRP114962,KTN126,postTX,
SRR5964391,missing,WGS,152,1305933232,Karalinska,PRJNA396019,SAMN07549983,Human,496628556,THE UT MD ANDERSON CANCER CENTER,public,"sra,run.zq,fastq","gs,ncbi,s3","gs.us-east1,ncbi.public,s3.us-east-1",SRX3121853,Illumina HiSeq 4000,nuclei genome CNV 635,KTN126_OP_43,SINGLE,RANDOM PCR,GENOMIC,Homo sapiens,ILLUMINA,2018-04-24T00:00:00Z,2017-08-23T19:56:00Z,1,KTN126_OP_43,tumor,missing,SRP114962,KTN126,postTX,
SRR5964392,missing,WGS,152,976102200,Karalinska,PRJNA396019,SAMN07549984,Human,371759082,THE UT MD ANDERSON CANCER CENTER,public,"sra,fastq,run.zq","gs,ncbi,s3","gs.us-east1,ncbi.public,s3.us-east-1",SRX3121852,Illumina HiSeq 4000,nuclei genome CNV 636,KTN126_OP_44,SINGLE,RANDOM PCR,GENOMIC,Homo sapiens,ILLUMINA,2018-04-24T00:00:00Z,2017-08-23T19:56:00Z,1,KTN126_OP_44,tumor,missing,SRP114962,KTN126,postTX,
SRR5964393,missing,WGS,152,689585544,Karalinska,PRJNA396019,SAMN07550153,Human,264514527,THE UT MD ANDERSON CANCER CENTER,public,"fastq,run.zq,sra","gs,ncbi,s3","ncbi.public,s3.us-east-1,gs.us-east1",SRX3121851,Illumina HiSeq 4000,nuclei genome CNV 805,KTN302_2_31,SINGLE,RANDOM PCR,GENOMIC,Homo sapiens,ILLUMINA,2018-04-24T00:00:00Z,2017-08-23T19:55:00Z,1,KTN302_2_31,tumor,missing,SRP114962,KTN302,midTX,
SRR5964394,missing,WGS,152,450047072,Karalinska,PRJNA396019,SAMN07549987,Human,167477938,THE UT MD ANDERSON CANCER CENTER,public,"run.zq,fastq,sra","s3,gs,ncbi","ncbi.public,gs.us-east1,s3.us-east-1",SRX3121850,Illumina HiSeq 4000,nuclei genome CNV 639,KTN126_OP_47,SINGLE,RANDOM PCR,GENOMIC,Homo sapiens,ILLUMINA,2018-04-24T00:00:00Z,2017-08-23T19:54:00Z,1,KTN126_OP_47,tumor,missing,SRP114962,KTN126,postTX,
SRR5964395,missing,WGS,152,725339288,Karalinska,PRJNA396019,SAMN07549988,Human,268940035,THE UT MD ANDERSON CANCER CENTER,public,"fastq,run.zq,sra","s3,gs,ncbi","ncbi.public,gs.us-east1,s3.us-east-1",SRX3121849,Illumina HiSeq 4000,nuclei genome CNV 640,KTN126_OP_48,SINGLE,RANDOM PCR,GENOMIC,Homo sapiens,ILLUMINA,2018-04-24T00:00:00Z,2017-08-23T19:55:00Z,1,KTN126_OP_48,tumor,missing,SRP114962,KTN126,postTX,
SRR5964396,missing,WGS,48,166879344,Karalinska,PRJNA396019,SAMN07549857,Human,125320081,THE UT MD ANDERSON CANCER CENTER,public,"sra,run.zq,fastq","gs,s3,ncbi","s3.us-east-1,ncbi.public,gs.us-east1",SRX3121848,Illumina HiSeq 4000,nuclei genome CNV 509,KTN615_0_47,SINGLE,RANDOM PCR,GENOMIC,Homo sapiens,ILLUMINA,2018-04-24T00:00:00Z,2017-08-23T19:53:00Z,1,KTN615_0_47,tumor,missing,SRP114962,KTN615,preTX,
SRR5964397,missing,WGS,152,494791312,Karalinska,PRJNA396019,SAMN07550089,Human,181277024,THE UT MD ANDERSON CANCER CENTER,public,"sra,fastq,run.zq","ncbi,gs,s3","ncbi.public,gs.us-east1,s3.us-east-1",SRX3121847,Illumina HiSeq 4000,nuclei genome CNV 741,KTN302_0_14,SINGLE,RANDOM PCR,GENOMIC,Homo sapiens,ILLUMINA,2018-04-24T00:00:00Z,2017-08-23T19:54:00Z,1,KTN302_0_14,tumor,missing,SRP114962,KTN302,preTX,
SRR5964401,missing,WGS,152,623324792,Karalinska,PRJNA396019,SAMN07550093,Human,233801376,THE UT MD ANDERSON CANCER CENTER,public,"fastq,sra,run.zq","s3,gs,ncbi","s3.us-east-1,ncbi.public,gs.us-east1",SRX3121843,Illumina HiSeq 4000,nuclei genome CNV 745,KTN302_0_19,SINGLE,RANDOM PCR,GENOMIC,Homo sapiens,ILLUMINA,2018-04-24T00:00:00Z,2017-08-23T19:55:00Z,1,KTN302_0_19,tumor,missing,SRP114962,KTN302,preTX,
SRR5964402,missing,WGS,152,762751960,Karalinska,PRJNA396019,SAMN07550094,Human,280000368,THE UT MD ANDERSON CANCER CENTER,public,"fastq,sra,run.zq","gs,s3,ncbi","ncbi.public,gs.us-east1,s3.us-east-1",SRX3121842,Illumina HiSeq 4000,nuclei genome CNV 746,KTN302_0_01,SINGLE,RANDOM PCR,GENOMIC,Homo sapiens,ILLUMINA,2018-04-24T00:00:00Z,2017-08-23T19:56:00Z,1,KTN302_0_01,tumor,missing,SRP114962,KTN302,preTX,
SRR5964403,missing,WGS,152,589010792,Karalinska,PRJNA396019,SAMN07550095,Human,225249787,THE UT MD ANDERSON CANCER CENTER,public,"sra,run.zq,fastq","ncbi,s3,gs","ncbi.public,s3.us-east-1,gs.us-east1",SRX3121841,Illumina HiSeq 4000,nuclei genome CNV 747,KTN302_0_20,SINGLE,RANDOM PCR,GENOMIC,Homo sapiens,ILLUMINA,2018-04-24T00:00:00Z,2017-08-23T19:55:00Z,1,KTN302_0_20,tumor,missing,SRP114962,KTN302,preTX,
SRR5964404,missing,WGS,152,712622968,Karalinska,PRJNA396019,SAMN07550096,Human,268695658,THE UT MD ANDERSON CANCER CENTER,public,"fastq,run.zq,sra","ncbi,s3,gs","ncbi.public,s3.us-east-1,gs.us-east1",SRX3121840,Illumina HiSeq 4000,nuclei genome CNV 748,KTN302_0_21,SINGLE,RANDOM PCR,GENOMIC,Homo sapiens,ILLUMINA,2018-04-24T00:00:00Z,2017-08-23T19:56:00Z,1,KTN302_0_21,tumor,missing,SRP114962,KTN302,preTX,
SRR5964405,missing,WGS,152,452700688,Karalinska,PRJNA396019,SAMN07550097,Human,170320369,THE UT MD ANDERSON CANCER CENTER,public,"fastq,run.zq,sra","gs,s3,ncbi","s3.us-east-1,ncbi.public,gs.us-east1",SRX3121839,Illumina HiSeq 4000,nuclei genome CNV 749,KTN302_0_22,SINGLE,RANDOM PCR,GENOMIC,Homo sapiens,ILLUMINA,2018-04-24T00:00:00Z,2017-08-23T19:55:00Z,1,KTN302_0_22,tumor,missing,SRP114962,KTN302,preTX,
SRR5964406,missing,WGS,152,657446208,Karalinska,PRJNA396019,SAMN07550098,Human,247467762,THE UT MD ANDERSON CANCER CENTER,public,"fastq,sra,run.zq","s3,gs,ncbi","ncbi.public,gs.us-east1,s3.us-east-1",SRX3121838,Illumina HiSeq 4000,nuclei genome CNV 750,KTN302_0_23,SINGLE,RANDOM PCR,GENOMIC,Homo sapiens,ILLUMINA,2018-04-24T00:00:00Z,2017-08-23T19:56:00Z,1,KTN302_0_23,tumor,missing,SRP114962,KTN302,preTX,
SRR5964407,missing,WGS,152,546786408,Karalinska,PRJNA396019,SAMN07550170,Human,206004544,THE UT MD ANDERSON CANCER CENTER,public,"sra,run.zq,fastq","s3,gs,ncbi","ncbi.public,s3.us-east-1,gs.us-east1",SRX3121837,Illumina HiSeq 4000,nuclei genome CNV 822,KTN302_2_48,SINGLE,RANDOM PCR,GENOMIC,Homo sapiens,ILLUMINA,2018-04-24T00:00:00Z,2017-08-23T19:56:00Z,1,KTN302_2_48,tumor,missing,SRP114962,KTN302,midTX,
SRR5964408,missing,WGS,152,870616024,Karalinska,PRJNA396019,SAMN07550169,Human,325739351,THE UT MD ANDERSON CANCER CENTER,public,"fastq,run.zq,sra","s3,gs,ncbi","ncbi.public,s3.us-east-1,gs.us-east1",SRX3121836,Illumina HiSeq 4000,nuclei genome CNV 821,KTN302_2_47,SINGLE,RANDOM PCR,GENOMIC,Homo sapiens,ILLUMINA,2018-04-24T00:00:00Z,2017-08-23T19:57:00Z,1,KTN302_2_47,tumor,missing,SRP114962,KTN302,midTX,
SRR5964409,missing,WGS,152,697579984,Karalinska,PRJNA396019,SAMN07550176,Human,264702707,THE UT MD ANDERSON CANCER CENTER,public,"sra,run.zq,fastq","ncbi,s3,gs","gs.us-east1,ncbi.public,s3.us-east-1",SRX3121835,Illumina HiSeq 4000,nuclei genome CNV 828,KTN302_2_09,SINGLE,RANDOM PCR,GENOMIC,Homo sapiens,ILLUMINA,2018-04-24T00:00:00Z,2017-08-23T19:57:00Z,1,KTN302_2_09,tumor,missing,SRP114962,KTN302,midTX,
SRR5964410,missing,WGS,152,1039133104,Karalinska,PRJNA396019,SAMN07550175,Human,397671104,THE UT MD ANDERSON CANCER CENTER,public,"fastq,sra,run.zq","gs,ncbi,s3","s3.us-east-1,gs.us-east1,ncbi.public",SRX3121834,Illumina HiSeq 4000,nuclei genome CNV 827,KTN302_2_08,SINGLE,RANDOM PCR,GENOMIC,Homo sapiens,ILLUMINA,2018-04-24T00:00:00Z,2017-08-23T19:59:00Z,1,KTN302_2_08,tumor,missing,SRP114962,KTN302,midTX,
SRR5964411,missing,WGS,152,896257664,Karalinska,PRJNA396019,SAMN07550173,Human,337379897,THE UT MD ANDERSON CANCER CENTER,public,"run.zq,fastq,sra","gs,ncbi,s3","gs.us-east1,ncbi.public,s3.us-east-1",SRX3121833,Illumina HiSeq 4000,nuclei genome CNV 825,KTN302_2_06,SINGLE,RANDOM PCR,GENOMIC,Homo sapiens,ILLUMINA,2018-04-24T00:00:00Z,2017-08-23T19:58:00Z,1,KTN302_2_06,tumor,missing,SRP114962,KTN302,midTX,
SRR5964412,missing,WGS,152,721118096,Karalinska,PRJNA396019,SAMN07550147,Human,272587691,THE UT MD ANDERSON CANCER CENTER,public,"fastq,sra,run.zq","s3,ncbi,gs","ncbi.public,gs.us-east1,s3.us-east-1",SRX3121832,Illumina HiSeq 4000,nuclei genome CNV 799,KTN302_2_24,SINGLE,RANDOM PCR,GENOMIC,Homo sapiens,ILLUMINA,2018-04-24T00:00:00Z,2017-08-23T19:57:00Z,1,KTN302_2_24,tumor,missing,SRP114962,KTN302,midTX,
SRR5969303,missing,WGS,48,131605296,Karalinska,PRJNA396019,SAMN07553791,Human,88965450,THE UT MD ANDERSON CANCER CENTER,public,"fastq,sra,run.zq","s3,gs,ncbi","ncbi.public,s3.us-east-1,gs.us-east1",SRX3127006,Illumina HiSeq 4000,nuclei genome CNV 355,KTN152_0_39,SINGLE,RANDOM PCR,GENOMIC,Homo sapiens,ILLUMINA,2018-04-24T00:00:00Z,2017-08-24T11:33:00Z,1,KTN152_0_39,tumor,missing,SRP114962,KTN152,preTX,
SRR5969308,missing,WGS,48,112990752,Karalinska,PRJNA396019,SAMN07553653,Human,85710895,THE UT MD ANDERSON CANCER CENTER,public,"run.zq,fastq,sra","gs,ncbi,s3","ncbi.public,gs.us-east1,s3.us-east-1",SRX3127001,Illumina HiSeq 4000,nuclei genome CNV 217,KTN102_OP_40,SINGLE,RANDOM PCR,GENOMIC,Homo sapiens,ILLUMINA,2018-04-24T00:00:00Z,2017-08-24T11:33:00Z,1,KTN102_OP_40,tumor,missing,SRP114962,KTN102,postTX,
SRR5969309,missing,WGS,48,141634656,Karalinska,PRJNA396019,SAMN07553654,Human,107526275,THE UT MD ANDERSON CANCER CENTER,public,"sra,run.zq,fastq","ncbi,s3,gs","gs.us-east1,ncbi.public,s3.us-east-1",SRX3127000,Illumina HiSeq 4000,nuclei genome CNV 218,KTN102_OP_41,SINGLE,RANDOM PCR,GENOMIC,Homo sapiens,ILLUMINA,2018-04-24T00:00:00Z,2017-08-24T11:33:00Z,1,KTN102_OP_41,tumor,missing,SRP114962,KTN102,postTX,
SRR5969316,missing,WGS,48,77700576,Karalinska,PRJNA396019,SAMN07553655,Human,62998860,THE UT MD ANDERSON CANCER CENTER,public,"run.zq,fastq,sra","s3,ncbi,gs","gs.us-east1,s3.us-east-1,ncbi.public",SRX3126993,Illumina HiSeq 4000,nuclei genome CNV 219,KTN102_OP_42,SINGLE,RANDOM PCR,GENOMIC,Homo sapiens,ILLUMINA,2018-04-24T00:00:00Z,2017-08-24T11:33:00Z,1,KTN102_OP_42,tumor,missing,SRP114962,KTN102,postTX,
SRR5969317,missing,WGS,48,153157632,Karalinska,PRJNA396019,SAMN07553656,Human,116227225,THE UT MD ANDERSON CANCER CENTER,public,"sra,fastq,run.zq","ncbi,gs,s3","s3.us-east-1,gs.us-east1,ncbi.public",SRX3126992,Illumina HiSeq 4000,nuclei genome CNV 220,KTN102_OP_43,SINGLE,RANDOM PCR,GENOMIC,Homo sapiens,ILLUMINA,2018-04-24T00:00:00Z,2017-08-24T11:33:00Z,1,KTN102_OP_43,tumor,missing,SRP114962,KTN102,postTX,
SRR5969318,missing,WGS,48,162622080,Karalinska,PRJNA396019,SAMN07553623,Human,122173662,THE UT MD ANDERSON CANCER CENTER,public,"fastq,run.zq,sra","ncbi,s3,gs","ncbi.public,s3.us-east-1,gs.us-east1",SRX3126991,Illumina HiSeq 4000,nuclei genome CNV 187,KTN102_OP_12,SINGLE,RANDOM PCR,GENOMIC,Homo sapiens,ILLUMINA,2018-04-24T00:00:00Z,2017-08-24T11:33:00Z,1,KTN102_OP_12,tumor,missing,SRP114962,KTN102,postTX,
SRR5969319,missing,WGS,48,197878560,Karalinska,PRJNA396019,SAMN07553624,Human,149079951,THE UT MD ANDERSON CANCER CENTER,public,"fastq,sra,run.zq","ncbi,gs,s3","s3.us-east-1,ncbi.public,gs.us-east1",SRX3126990,Illumina HiSeq 4000,nuclei genome CNV 188,KTN102_OP_13,SINGLE,RANDOM PCR,GENOMIC,Homo sapiens,ILLUMINA,2018-04-24T00:00:00Z,2017-08-24T11:33:00Z,1,KTN102_OP_13,tumor,missing,SRP114962,KTN102,postTX,
SRR5969325,missing,WGS,94,418559132,Karalinska,PRJNA396019,SAMN07553618,Human,92299830,THE UT MD ANDERSON CANCER CENTER,public,"run.zq,sra,bam","gs,s3,ncbi","gs.us-east1,s3.us-east-1,ncbi.public",SRX3126984,Illumina HiSeq 4000,nuclei genome CNV 182,KTN102_2_8_B2,SINGLE,RANDOM PCR,GENOMIC,Homo sapiens,ILLUMINA,2018-04-24T00:00:00Z,2017-08-24T11:35:00Z,1,KTN102_2_8_B2,tumor,missing,SRP114962,KTN102,midTX,GCA_000001405.13
SRR5969326,missing,WGS,48,125282352,Karalinska,PRJNA396019,SAMN07553625,Human,95108996,THE UT MD ANDERSON CANCER CENTER,public,"sra,run.zq,fastq","ncbi,gs,s3","s3.us-east-1,ncbi.public,gs.us-east1",SRX3126983,Illumina HiSeq 4000,nuclei genome CNV 189,KTN102_OP_14,SINGLE,RANDOM PCR,GENOMIC,Homo sapiens,ILLUMINA,2018-04-24T00:00:00Z,2017-08-24T11:33:00Z,1,KTN102_OP_14,tumor,missing,SRP114962,KTN102,postTX,
SRR5969332,missing,WGS,48,290227872,Karalinska,PRJNA396019,SAMN07553512,Human,220926992,THE UT MD ANDERSON CANCER CENTER,public,"sra,run.zq,fastq","ncbi,s3,gs","s3.us-east-1,gs.us-east1,ncbi.public",SRX3126977,Illumina HiSeq 4000,nuclei genome CNV 76,KTN102_0_47,SINGLE,RANDOM PCR,GENOMIC,Homo sapiens,ILLUMINA,2018-04-24T00:00:00Z,2017-08-24T11:34:00Z,1,KTN102_0_47,tumor,missing,SRP114962,KTN102,preTX,
SRR5969333,missing,WGS,93,160083588,Karalinska,PRJNA396019,SAMN07553511,Human,38020675,THE UT MD ANDERSON CANCER CENTER,public,"run.zq,bam,sra","gs,s3,ncbi","ncbi.public,gs.us-east1,s3.us-east-1",SRX3126976,Illumina HiSeq 4000,nuclei genome CNV 75,KTN102_0_47_B2,SINGLE,RANDOM PCR,GENOMIC,Homo sapiens,ILLUMINA,2018-04-24T00:00:00Z,2017-08-24T11:34:00Z,1,KTN102_0_47_B2,tumor,missing,SRP114962,KTN102,preTX,GCA_000001405.13
SRR5969334,missing,WGS,48,284830944,Karalinska,PRJNA396019,SAMN07553514,Human,212512408,THE UT MD ANDERSON CANCER CENTER,public,"sra,fastq,run.zq","gs,ncbi,s3","ncbi.public,gs.us-east1,s3.us-east-1",SRX3126975,Illumina HiSeq 4000,nuclei genome CNV 78,KTN102_0_48,SINGLE,RANDOM PCR,GENOMIC,Homo sapiens,ILLUMINA,2018-04-24T00:00:00Z,2017-08-24T11:34:00Z,1,KTN102_0_48,tumor,missing,SRP114962,KTN102,preTX,
SRR5969340,missing,WGS,48,134335440,Karalinska,PRJNA396019,SAMN07553534,Human,101231752,THE UT MD ANDERSON CANCER CENTER,public,"sra,fastq,run.zq","gs,s3,ncbi","s3.us-east-1,gs.us-east1,ncbi.public",SRX3126969,Illumina HiSeq 4000,nuclei genome CNV 98,KTN102_2_07,SINGLE,RANDOM PCR,GENOMIC,Homo sapiens,ILLUMINA,2018-04-24T00:00:00Z,2017-08-24T11:33:00Z,1,KTN102_2_07,tumor,missing,SRP114962,KTN102,midTX,
SRR5969341,missing,WGS,48,137312448,Karalinska,PRJNA396019,SAMN07553533,Human,103509265,THE UT MD ANDERSON CANCER CENTER,public,"sra,fastq,run.zq","s3,ncbi,gs","ncbi.public,gs.us-east1,s3.us-east-1",SRX3126968,Illumina HiSeq 4000,nuclei genome CNV 97,KTN102_2_06,SINGLE,RANDOM PCR,GENOMIC,Homo sapiens,ILLUMINA,2018-04-24T00:00:00Z,2017-08-24T11:33:00Z,1,KTN102_2_06,tumor,missing,SRP114962,KTN102,midTX,
SRR5969342,missing,WGS,48,148040880,Karalinska,PRJNA396019,SAMN07553532,Human,112179359,THE UT MD ANDERSON CANCER CENTER,public,"sra,run.zq,fastq","s3,ncbi,gs","gs.us-east1,s3.us-east-1,ncbi.public",SRX3126967,Illumina HiSeq 4000,nuclei genome CNV 96,KTN102_2_05,SINGLE,RANDOM PCR,GENOMIC,Homo sapiens,ILLUMINA,2018-04-24T00:00:00Z,2017-08-24T11:33:00Z,1,KTN102_2_05,tumor,missing,SRP114962,KTN102,midTX,
SRR5969343,missing,WGS,48,90630576,Karalinska,PRJNA396019,SAMN07553531,Human,71115282,THE UT MD ANDERSON CANCER CENTER,public,"fastq,run.zq,sra","gs,s3,ncbi","ncbi.public,s3.us-east-1,gs.us-east1",SRX3126966,Illumina HiSeq 4000,nuclei genome CNV 95,KTN102_2_04,SINGLE,RANDOM PCR,GENOMIC,Homo sapiens,ILLUMINA,2018-04-24T00:00:00Z,2017-08-24T11:33:00Z,1,KTN102_2_04,tumor,missing,SRP114962,KTN102,midTX,
SRR5969344,missing,WGS,48,119121600,Karalinska,PRJNA396019,SAMN07553530,Human,91602299,THE UT MD ANDERSON CANCER CENTER,public,"fastq,run.zq,sra","s3,gs,ncbi","s3.us-east-1,ncbi.public,gs.us-east1",SRX3126965,Illumina HiSeq 4000,nuclei genome CNV 94,KTN102_2_03,SINGLE,RANDOM PCR,GENOMIC,Homo sapiens,ILLUMINA,2018-04-24T00:00:00Z,2017-08-24T11:33:00Z,1,KTN102_2_03,tumor,missing,SRP114962,KTN102,midTX,
SRR5969345,missing,WGS,48,123870720,Karalinska,PRJNA396019,SAMN07553529,Human,95940023,THE UT MD ANDERSON CANCER CENTER,public,"fastq,run.zq,sra","ncbi,gs,s3","s3.us-east-1,ncbi.public,gs.us-east1",SRX3126964,Illumina HiSeq 4000,nuclei genome CNV 93,KTN102_2_02,SINGLE,RANDOM PCR,GENOMIC,Homo sapiens,ILLUMINA,2018-04-24T00:00:00Z,2017-08-24T11:33:00Z,1,KTN102_2_02,tumor,missing,SRP114962,KTN102,midTX,
SRR5969352,missing,WGS,95,652470716,Karalinska,PRJNA396019,SAMN07553611,Human,136537815,THE UT MD ANDERSON CANCER CENTER,public,"run.zq,sra,bam","s3,ncbi,gs","gs.us-east1,s3.us-east-1,ncbi.public",SRX3126957,Illumina HiSeq 4000,nuclei genome CNV 175,KTN102_2_47_B2,SINGLE,RANDOM PCR,GENOMIC,Homo sapiens,ILLUMINA,2018-04-24T00:00:00Z,2017-08-24T11:35:00Z,1,KTN102_2_47_B2,tumor,missing,SRP114962,KTN102,midTX,GCA_000001405.13
SRR5969353,missing,WGS,48,130732560,Karalinska,PRJNA396019,SAMN07553610,Human,99079996,THE UT MD ANDERSON CANCER CENTER,public,"fastq,run.zq,sra","s3,ncbi,gs","ncbi.public,gs.us-east1,s3.us-east-1",SRX3126956,Illumina HiSeq 4000,nuclei genome CNV 174,KTN102_2_46,SINGLE,RANDOM PCR,GENOMIC,Homo sapiens,ILLUMINA,2018-04-24T00:00:00Z,2017-08-24T11:33:00Z,1,KTN102_2_46,tumor,missing,SRP114962,KTN102,midTX,
SRR5969354,missing,WGS,92,319380728,Karalinska,PRJNA396019,SAMN07553609,Human,72781574,THE UT MD ANDERSON CANCER CENTER,public,"bam,run.zq,sra","s3,ncbi,gs","ncbi.public,gs.us-east1,s3.us-east-1",SRX3126955,Illumina HiSeq 4000,nuclei genome CNV 173,KTN102_2_46_B2,SINGLE,RANDOM PCR,GENOMIC,Homo sapiens,ILLUMINA,2018-04-24T00:00:00Z,2017-08-24T11:34:00Z,1,KTN102_2_46_B2,tumor,missing,SRP114962,KTN102,midTX,GCA_000001405.13
SRR5969355,missing,WGS,48,147603792,Karalinska,PRJNA396019,SAMN07553608,Human,111859510,THE UT MD ANDERSON CANCER CENTER,public,"sra,run.zq,fastq","s3,gs,ncbi","ncbi.public,s3.us-east-1,gs.us-east1",SRX3126954,Illumina HiSeq 4000,nuclei genome CNV 172,KTN102_2_45,SINGLE,RANDOM PCR,GENOMIC,Homo sapiens,ILLUMINA,2018-04-24T00:00:00Z,2017-08-24T11:34:00Z,1,KTN102_2_45,tumor,missing,SRP114962,KTN102,midTX,
SRR5969356,missing,WGS,94,363711756,Karalinska,PRJNA396019,SAMN07553607,Human,79748443,THE UT MD ANDERSON CANCER CENTER,public,"bam,run.zq,sra","ncbi,s3,gs","gs.us-east1,s3.us-east-1,ncbi.public",SRX3126953,Illumina HiSeq 4000,nuclei genome CNV 171,KTN102_2_45_B2,SINGLE,RANDOM PCR,GENOMIC,Homo sapiens,ILLUMINA,2018-04-24T00:00:00Z,2017-08-24T11:35:00Z,1,KTN102_2_45_B2,tumor,missing,SRP114962,KTN102,midTX,GCA_000001405.13
SRR5969359,missing,WGS,48,134948544,Karalinska,PRJNA396019,SAMN07553909,Human,101520307,THE UT MD ANDERSON CANCER CENTER,public,"sra,fastq,run.zq","gs,s3,ncbi","s3.us-east-1,ncbi.public,gs.us-east1",SRX3126950,Illumina HiSeq 4000,nuclei genome CNV 473,KTN615_0_10,SINGLE,RANDOM PCR,GENOMIC,Homo sapiens,ILLUMINA,2018-04-24T00:00:00Z,2017-08-24T11:33:00Z,1,KTN615_0_10,tumor,missing,SRP114962,KTN615,preTX,
SRR5969360,missing,WGS,48,118829616,Karalinska,PRJNA396019,SAMN07553667,Human,91437903,THE UT MD ANDERSON CANCER CENTER,public,"sra,run.zq,fastq","ncbi,s3,gs","ncbi.public,gs.us-east1,s3.us-east-1",SRX3126949,Illumina HiSeq 4000,nuclei genome CNV 231,KTN102_OP_9,SINGLE,RANDOM PCR,GENOMIC,Homo sapiens,ILLUMINA,2018-04-24T00:00:00Z,2017-08-24T11:33:00Z,1,KTN102_OP_9,tumor,missing,SRP114962,KTN102,postTX,
SRR5969361,missing,WGS,48,164373648,Karalinska,PRJNA396019,SAMN07553907,Human,123415718,THE UT MD ANDERSON CANCER CENTER,public,"fastq,run.zq,sra","ncbi,gs,s3","gs.us-east1,ncbi.public,s3.us-east-1",SRX3126948,Illumina HiSeq 4000,nuclei genome CNV 471,KTN615_0_08,SINGLE,RANDOM PCR,GENOMIC,Homo sapiens,ILLUMINA,2018-04-24T00:00:00Z,2017-08-24T11:34:00Z,1,KTN615_0_08,tumor,missing,SRP114962,KTN615,preTX,
SRR5969362,missing,WGS,48,75114864,Karalinska,PRJNA396019,SAMN07553910,Human,56753722,THE UT MD ANDERSON CANCER CENTER,public,"fastq,run.zq,sra","s3,gs,ncbi","gs.us-east1,ncbi.public,s3.us-east-1",SRX3126947,Illumina HiSeq 4000,nuclei genome CNV 474,KTN615_0_11,SINGLE,RANDOM PCR,GENOMIC,Homo sapiens,ILLUMINA,2018-04-24T00:00:00Z,2017-08-24T11:33:00Z,1,KTN615_0_11,tumor,missing,SRP114962,KTN615,preTX,
SRR5969365,missing,WGS,48,119932176,Karalinska,PRJNA396019,SAMN07553913,Human,90695654,THE UT MD ANDERSON CANCER CENTER,public,"fastq,run.zq,sra","gs,s3,ncbi","gs.us-east1,ncbi.public,s3.us-east-1",SRX3126944,Illumina HiSeq 4000,nuclei genome CNV 477,KTN615_0_14,SINGLE,RANDOM PCR,GENOMIC,Homo sapiens,ILLUMINA,2018-04-24T00:00:00Z,2017-08-24T11:34:00Z,1,KTN615_0_14,tumor,missing,SRP114962,KTN615,preTX,
SRR5969366,missing,WGS,48,132711216,Karalinska,PRJNA396019,SAMN07553914,Human,100920504,THE UT MD ANDERSON CANCER CENTER,public,"run.zq,fastq,sra","ncbi,s3,gs","gs.us-east1,s3.us-east-1,ncbi.public",SRX3126943,Illumina HiSeq 4000,nuclei genome CNV 478,KTN615_0_15,SINGLE,RANDOM PCR,GENOMIC,Homo sapiens,ILLUMINA,2018-04-24T00:00:00Z,2017-08-24T11:34:00Z,1,KTN615_0_15,tumor,missing,SRP114962,KTN615,preTX,
SRR5969367,missing,WGS,48,53880624,Karalinska,PRJNA396019,SAMN07553911,Human,40386378,THE UT MD ANDERSON CANCER CENTER,public,"fastq,sra,run.zq","ncbi,s3,gs","s3.us-east-1,gs.us-east1,ncbi.public",SRX3126942,Illumina HiSeq 4000,nuclei genome CNV 475,KTN615_0_12,SINGLE,RANDOM PCR,GENOMIC,Homo sapiens,ILLUMINA,2018-04-24T00:00:00Z,2017-08-24T11:33:00Z,1,KTN615_0_12,tumor,missing,SRP114962,KTN615,preTX,
SRR5969368,missing,WGS,48,160097856,Karalinska,PRJNA396019,SAMN07553912,Human,120573881,THE UT MD ANDERSON CANCER CENTER,public,"sra,fastq,run.zq","gs,s3,ncbi","s3.us-east-1,ncbi.public,gs.us-east1",SRX3126941,Illumina HiSeq 4000,nuclei genome CNV 476,KTN615_0_13,SINGLE,RANDOM PCR,GENOMIC,Homo sapiens,ILLUMINA,2018-04-24T00:00:00Z,2017-08-24T11:34:00Z,1,KTN615_0_13,tumor,missing,SRP114962,KTN615,preTX,
SRR5969369,missing,WGS,48,103301136,Karalinska,PRJNA396019,SAMN07553915,Human,78403266,THE UT MD ANDERSON CANCER CENTER,public,"sra,run.zq,fastq","gs,ncbi,s3","s3.us-east-1,gs.us-east1,ncbi.public",SRX3126940,Illumina HiSeq 4000,nuclei genome CNV 479,KTN615_0_16,SINGLE,RANDOM PCR,GENOMIC,Homo sapiens,ILLUMINA,2018-04-24T00:00:00Z,2017-08-24T11:34:00Z,1,KTN615_0_16,tumor,missing,SRP114962,KTN615,preTX,
SRR5969370,missing,WGS,48,32411904,Karalinska,PRJNA396019,SAMN07553916,Human,24561252,THE UT MD ANDERSON CANCER CENTER,public,"fastq,run.zq,sra","gs,ncbi,s3","gs.us-east1,s3.us-east-1,ncbi.public",SRX3126939,Illumina HiSeq 4000,nuclei genome CNV 480,KTN615_0_17,SINGLE,RANDOM PCR,GENOMIC,Homo sapiens,ILLUMINA,2018-04-24T00:00:00Z,2017-08-24T11:33:00Z,1,KTN615_0_17,tumor,missing,SRP114962,KTN615,preTX,
SRR5969371,missing,WGS,48,111899568,Karalinska,PRJNA396019,SAMN07553830,Human,79188416,THE UT MD ANDERSON CANCER CENTER,public,"fastq,sra,run.zq","s3,gs,ncbi","s3.us-east-1,ncbi.public,gs.us-east1",SRX3126938,Illumina HiSeq 4000,nuclei genome CNV 394,KTN152_2_2,SINGLE,RANDOM PCR,GENOMIC,Homo sapiens,ILLUMINA,2018-04-24T00:00:00Z,2017-08-24T11:34:00Z,1,KTN152_2_2,tumor,missing,SRP114962,KTN152,midTX,
SRR5969372,missing,WGS,48,96218832,Karalinska,PRJNA396019,SAMN07553829,Human,67707837,THE UT MD ANDERSON CANCER CENTER,public,"fastq,sra,run.zq","ncbi,s3,gs","s3.us-east-1,ncbi.public,gs.us-east1",SRX3126937,Illumina HiSeq 4000,nuclei genome CNV 393,KTN152_2_29,SINGLE,RANDOM PCR,GENOMIC,Homo sapiens,ILLUMINA,2018-04-24T00:00:00Z,2017-08-24T11:34:00Z,1,KTN152_2_29,tumor,missing,SRP114962,KTN152,midTX,
SRR5969373,missing,WGS,48,128376720,Karalinska,PRJNA396019,SAMN07553695,Human,90384180,THE UT MD ANDERSON CANCER CENTER,public,"fastq,run.zq,sra","ncbi,gs,s3","ncbi.public,s3.us-east-1,gs.us-east1",SRX3126936,Illumina HiSeq 4000,nuclei genome CNV 259,KTN132_0_36,SINGLE,RANDOM PCR,GENOMIC,Homo sapiens,ILLUMINA,2018-04-24T00:00:00Z,2017-08-24T11:34:00Z,1,KTN132_0_36,tumor,missing,SRP114962,KTN132,preTX,
SRR5969374,missing,WGS,48,138250656,Karalinska,PRJNA396019,SAMN07553696,Human,97160333,THE UT MD ANDERSON CANCER CENTER,public,"run.zq,fastq,sra","gs,s3,ncbi","s3.us-east-1,gs.us-east1,ncbi.public",SRX3126935,Illumina HiSeq 4000,nuclei genome CNV 260,KTN132_0_37,SINGLE,RANDOM PCR,GENOMIC,Homo sapiens,ILLUMINA,2018-04-24T00:00:00Z,2017-08-24T11:34:00Z,1,KTN132_0_37,tumor,missing,SRP114962,KTN132,preTX,
SRR5969375,missing,WGS,48,110987472,Karalinska,PRJNA396019,SAMN07553834,Human,77898646,THE UT MD ANDERSON CANCER CENTER,public,"sra,run.zq,fastq","s3,ncbi,gs","ncbi.public,gs.us-east1,s3.us-east-1",SRX3126934,Illumina HiSeq 4000,nuclei genome CNV 398,KTN152_2_33,SINGLE,RANDOM PCR,GENOMIC,Homo sapiens,ILLUMINA,2018-04-24T00:00:00Z,2017-08-24T11:34:00Z,1,KTN152_2_33,tumor,missing,SRP114962,KTN152,midTX,
SRR5969376,missing,WGS,48,87072288,Karalinska,PRJNA396019,SAMN07553833,Human,61377082,THE UT MD ANDERSON CANCER CENTER,public,"run.zq,fastq,sra","s3,gs,ncbi","s3.us-east-1,ncbi.public,gs.us-east1",SRX3126933,Illumina HiSeq 4000,nuclei genome CNV 397,KTN152_2_32,SINGLE,RANDOM PCR,GENOMIC,Homo sapiens,ILLUMINA,2018-04-24T00:00:00Z,2017-08-24T11:34:00Z,1,KTN152_2_32,tumor,missing,SRP114962,KTN152,midTX,
SRR5969377,missing,WGS,48,81834864,Karalinska,PRJNA396019,SAMN07553832,Human,57718167,THE UT MD ANDERSON CANCER CENTER,public,"run.zq,sra,fastq","s3,gs,ncbi","s3.us-east-1,ncbi.public,gs.us-east1",SRX3126932,Illumina HiSeq 4000,nuclei genome CNV 396,KTN152_2_31,SINGLE,RANDOM PCR,GENOMIC,Homo sapiens,ILLUMINA,2018-04-24T00:00:00Z,2017-08-24T11:34:00Z,1,KTN152_2_31,tumor,missing,SRP114962,KTN152,midTX,
SRR5969378,missing,WGS,48,98600448,Karalinska,PRJNA396019,SAMN07553831,Human,69566679,THE UT MD ANDERSON CANCER CENTER,public,"fastq,sra,run.zq","s3,ncbi,gs","ncbi.public,gs.us-east1,s3.us-east-1",SRX3126931,Illumina HiSeq 4000,nuclei genome CNV 395,KTN152_2_30,SINGLE,RANDOM PCR,GENOMIC,Homo sapiens,ILLUMINA,2018-04-24T00:00:00Z,2017-08-24T11:34:00Z,1,KTN152_2_30,tumor,missing,SRP114962,KTN152,midTX,
SRR5969379,missing,WGS,48,132268752,Karalinska,PRJNA396019,SAMN07553689,Human,93063769,THE UT MD ANDERSON CANCER CENTER,public,"sra,fastq,run.zq","gs,s3,ncbi","gs.us-east1,s3.us-east-1,ncbi.public",SRX3126930,Illumina HiSeq 4000,nuclei genome CNV 253,KTN132_0_29,SINGLE,RANDOM PCR,GENOMIC,Homo sapiens,ILLUMINA,2018-04-24T00:00:00Z,2017-08-24T11:34:00Z,1,KTN132_0_29,tumor,missing,SRP114962,KTN132,preTX,
SRR5969380,missing,WGS,48,117435648,Karalinska,PRJNA396019,SAMN07553690,Human,82503631,THE UT MD ANDERSON CANCER CENTER,public,"sra,fastq,run.zq","s3,gs,ncbi","gs.us-east1,s3.us-east-1,ncbi.public",SRX3126929,Illumina HiSeq 4000,nuclei genome CNV 254,KTN132_0_2,SINGLE,RANDOM PCR,GENOMIC,Homo sapiens,ILLUMINA,2018-04-24T00:00:00Z,2017-08-24T11:34:00Z,1,KTN132_0_2,tumor,missing,SRP114962,KTN132,preTX,
SRR5969381,missing,WGS,48,146446368,Karalinska,PRJNA396019,SAMN07553687,Human,103080201,THE UT MD ANDERSON CANCER CENTER,public,"run.zq,sra,fastq","gs,s3,ncbi","gs.us-east1,s3.us-east-1,ncbi.public",SRX3126928,Illumina HiSeq 4000,nuclei genome CNV 251,KTN132_0_27,SINGLE,RANDOM PCR,GENOMIC,Homo sapiens,ILLUMINA,2018-04-24T00:00:00Z,2017-08-24T11:34:00Z,1,KTN132_0_27,tumor,missing,SRP114962,KTN132,preTX,
SRR5969382,missing,WGS,48,72401664,Karalinska,PRJNA396019,SAMN07553835,Human,51066179,THE UT MD ANDERSON CANCER CENTER,public,"sra,fastq,run.zq","s3,ncbi,gs","ncbi.public,gs.us-east1,s3.us-east-1",SRX3126927,Illumina HiSeq 4000,nuclei genome CNV 399,KTN152_2_34,SINGLE,RANDOM PCR,GENOMIC,Homo sapiens,ILLUMINA,2018-04-24T00:00:00Z,2017-08-24T11:34:00Z,1,KTN152_2_34,tumor,missing,SRP114962,KTN152,midTX,
SRR5969383,missing,WGS,48,116151792,Karalinska,PRJNA396019,SAMN07553693,Human,81657250,THE UT MD ANDERSON CANCER CENTER,public,"fastq,run.zq,sra","ncbi,s3,gs","s3.us-east-1,ncbi.public,gs.us-east1",SRX3126926,Illumina HiSeq 4000,nuclei genome CNV 257,KTN132_0_34,SINGLE,RANDOM PCR,GENOMIC,Homo sapiens,ILLUMINA,2018-04-24T00:00:00Z,2017-08-24T11:34:00Z,1,KTN132_0_34,tumor,missing,SRP114962,KTN132,preTX,
SRR5969384,missing,WGS,48,132332880,Karalinska,PRJNA396019,SAMN07553694,Human,92986491,THE UT MD ANDERSON CANCER CENTER,public,"sra,run.zq,fastq","ncbi,gs,s3","gs.us-east1,s3.us-east-1,ncbi.public",SRX3126925,Illumina HiSeq 4000,nuclei genome CNV 258,KTN132_0_35,SINGLE,RANDOM PCR,GENOMIC,Homo sapiens,ILLUMINA,2018-04-24T00:00:00Z,2017-08-24T11:34:00Z,1,KTN132_0_35,tumor,missing,SRP114962,KTN132,preTX,
SRR5969385,missing,WGS,48,108654720,Karalinska,PRJNA396019,SAMN07553691,Human,76575501,THE UT MD ANDERSON CANCER CENTER,public,"run.zq,fastq,sra","ncbi,gs,s3","ncbi.public,s3.us-east-1,gs.us-east1",SRX3126924,Illumina HiSeq 4000,nuclei genome CNV 255,KTN132_0_31,SINGLE,RANDOM PCR,GENOMIC,Homo sapiens,ILLUMINA,2018-04-24T00:00:00Z,2017-08-24T11:34:00Z,1,KTN132_0_31,tumor,missing,SRP114962,KTN132,preTX,
SRR5969387,missing,WGS,48,122624784,Karalinska,PRJNA396019,SAMN07553935,Human,92052413,THE UT MD ANDERSON CANCER CENTER,public,"fastq,sra,run.zq","ncbi,gs,s3","gs.us-east1,s3.us-east-1,ncbi.public",SRX3126922,Illumina HiSeq 4000,nuclei genome CNV 499,KTN615_0_37,SINGLE,RANDOM PCR,GENOMIC,Homo sapiens,ILLUMINA,2018-04-24T00:00:00Z,2017-08-24T11:34:00Z,1,KTN615_0_37,tumor,missing,SRP114962,KTN615,preTX,
SRR5969388,missing,WGS,48,83643744,Karalinska,PRJNA396019,SAMN07553936,Human,63502619,THE UT MD ANDERSON CANCER CENTER,public,"fastq,sra,run.zq","gs,ncbi,s3","ncbi.public,s3.us-east-1,gs.us-east1",SRX3126921,Illumina HiSeq 4000,nuclei genome CNV 500,KTN615_0_38,SINGLE,RANDOM PCR,GENOMIC,Homo sapiens,ILLUMINA,2018-04-24T00:00:00Z,2017-08-24T11:34:00Z,1,KTN615_0_38,tumor,missing,SRP114962,KTN615,preTX,
SRR5969389,missing,WGS,48,124507728,Karalinska,PRJNA396019,SAMN07553931,Human,94097358,THE UT MD ANDERSON CANCER CENTER,public,"run.zq,fastq,sra","gs,s3,ncbi","s3.us-east-1,ncbi.public,gs.us-east1",SRX3126920,Illumina HiSeq 4000,nuclei genome CNV 495,KTN615_0_32,SINGLE,RANDOM PCR,GENOMIC,Homo sapiens,ILLUMINA,2018-04-24T00:00:00Z,2017-08-24T11:34:00Z,1,KTN615_0_32,tumor,missing,SRP114962,KTN615,preTX,
SRR5969393,missing,WGS,48,154365456,Karalinska,PRJNA396019,SAMN07553927,Human,116209352,THE UT MD ANDERSON CANCER CENTER,public,"fastq,run.zq,sra","gs,s3,ncbi","s3.us-east-1,gs.us-east1,ncbi.public",SRX3126916,Illumina HiSeq 4000,nuclei genome CNV 491,KTN615_0_28,SINGLE,RANDOM PCR,GENOMIC,Homo sapiens,ILLUMINA,2018-04-24T00:00:00Z,2017-08-24T11:34:00Z,1,KTN615_0_28,tumor,missing,SRP114962,KTN615,preTX,
SRR5969394,missing,WGS,48,152724960,Karalinska,PRJNA396019,SAMN07553928,Human,114681647,THE UT MD ANDERSON CANCER CENTER,public,"sra,run.zq,fastq","ncbi,s3,gs","s3.us-east-1,gs.us-east1,ncbi.public",SRX3126915,Illumina HiSeq 4000,nuclei genome CNV 492,KTN615_0_29,SINGLE,RANDOM PCR,GENOMIC,Homo sapiens,ILLUMINA,2018-04-24T00:00:00Z,2017-08-24T11:34:00Z,1,KTN615_0_29,tumor,missing,SRP114962,KTN615,preTX,
SRR5969395,missing,WGS,48,148176048,Karalinska,PRJNA396019,SAMN07553929,Human,111969593,THE UT MD ANDERSON CANCER CENTER,public,"run.zq,fastq,sra","gs,ncbi,s3","s3.us-east-1,gs.us-east1,ncbi.public",SRX3126914,Illumina HiSeq 4000,nuclei genome CNV 493,KTN615_0_30,SINGLE,RANDOM PCR,GENOMIC,Homo sapiens,ILLUMINA,2018-04-24T00:00:00Z,2017-08-24T11:34:00Z,1,KTN615_0_30,tumor,missing,SRP114962,KTN615,preTX,
SRR5969396,missing,WGS,48,151288032,Karalinska,PRJNA396019,SAMN07553930,Human,113698201,THE UT MD ANDERSON CANCER CENTER,public,"fastq,run.zq,sra","s3,ncbi,gs","gs.us-east1,s3.us-east-1,ncbi.public",SRX3126913,Illumina HiSeq 4000,nuclei genome CNV 494,KTN615_0_31,SINGLE,RANDOM PCR,GENOMIC,Homo sapiens,ILLUMINA,2018-04-24T00:00:00Z,2017-08-24T11:34:00Z,1,KTN615_0_31,tumor,missing,SRP114962,KTN615,preTX,
SRR5969400,missing,WGS,48,89820576,Karalinska,PRJNA396019,SAMN07553762,Human,60932508,THE UT MD ANDERSON CANCER CENTER,public,"fastq,sra,run.zq","s3,gs,ncbi","s3.us-east-1,ncbi.public,gs.us-east1",SRX3126909,Illumina HiSeq 4000,nuclei genome CNV 326,KTN152_0_10,SINGLE,RANDOM PCR,GENOMIC,Homo sapiens,ILLUMINA,2018-04-24T00:00:00Z,2017-08-24T11:34:00Z,1,KTN152_0_10,tumor,missing,SRP114962,KTN152,preTX,
SRR5969401,missing,WGS,48,137046240,Karalinska,PRJNA396019,SAMN07553759,Human,97137354,THE UT MD ANDERSON CANCER CENTER,public,"sra,run.zq,fastq","gs,ncbi,s3","s3.us-east-1,ncbi.public,gs.us-east1",SRX3126908,Illumina HiSeq 4000,nuclei genome CNV 323,KTN132_2_96,SINGLE,RANDOM PCR,GENOMIC,Homo sapiens,ILLUMINA,2018-04-24T00:00:00Z,2017-08-24T11:34:00Z,1,KTN132_2_96,tumor,missing,SRP114962,KTN132,midTX,
SRR5969402,missing,WGS,48,192000000,Karalinska,PRJNA396019,SAMN07553760,Human,131926385,THE UT MD ANDERSON CANCER CENTER,public,"fastq,sra,run.zq","gs,ncbi,s3","ncbi.public,gs.us-east1,s3.us-east-1",SRX3126907,Illumina HiSeq 4000,nuclei genome CNV 324,KTN132_2_Pop1,SINGLE,RANDOM PCR,GENOMIC,Homo sapiens,ILLUMINA,2018-04-24T00:00:00Z,2017-08-24T11:34:00Z,1,KTN132_2_Pop1,tumor,missing,SRP114962,KTN132,midTX,
SRR5969403,missing,WGS,48,96658128,Karalinska,PRJNA396019,SAMN07553757,Human,68333501,THE UT MD ANDERSON CANCER CENTER,public,"run.zq,fastq,sra","ncbi,s3,gs","gs.us-east1,s3.us-east-1,ncbi.public",SRX3126906,Illumina HiSeq 4000,nuclei genome CNV 321,KTN132_2_94,SINGLE,RANDOM PCR,GENOMIC,Homo sapiens,ILLUMINA,2018-04-24T00:00:00Z,2017-08-24T11:34:00Z,1,KTN132_2_94,tumor,missing,SRP114962,KTN132,midTX,
SRR5969404,missing,WGS,48,145709712,Karalinska,PRJNA396019,SAMN07553758,Human,102847454,THE UT MD ANDERSON CANCER CENTER,public,"sra,run.zq,fastq","ncbi,s3,gs","ncbi.public,gs.us-east1,s3.us-east-1",SRX3126905,Illumina HiSeq 4000,nuclei genome CNV 322,KTN132_2_95,SINGLE,RANDOM PCR,GENOMIC,Homo sapiens,ILLUMINA,2018-04-24T00:00:00Z,2017-08-24T11:34:00Z,1,KTN132_2_95,tumor,missing,SRP114962,KTN132,midTX,
SRR5969405,missing,WGS,48,112493808,Karalinska,PRJNA396019,SAMN07553765,Human,75915896,THE UT MD ANDERSON CANCER CENTER,public,"sra,fastq,run.zq","s3,ncbi,gs","gs.us-east1,ncbi.public,s3.us-east-1",SRX3126904,Illumina HiSeq 4000,nuclei genome CNV 329,KTN152_0_13,SINGLE,RANDOM PCR,GENOMIC,Homo sapiens,ILLUMINA,2018-04-24T00:00:00Z,2017-08-24T11:34:00Z,1,KTN152_0_13,tumor,missing,SRP114962,KTN152,preTX,
SRR5969408,missing,WGS,48,124817856,Karalinska,PRJNA396019,SAMN07553688,Human,87942828,THE UT MD ANDERSON CANCER CENTER,public,"fastq,sra,run.zq","s3,gs,ncbi","s3.us-east-1,gs.us-east1,ncbi.public",SRX3126901,Illumina HiSeq 4000,nuclei genome CNV 252,KTN132_0_28,SINGLE,RANDOM PCR,GENOMIC,Homo sapiens,ILLUMINA,2018-04-24T00:00:00Z,2017-08-24T11:34:00Z,1,KTN132_0_28,tumor,missing,SRP114962,KTN132,preTX,
SRR5969409,missing,WGS,96,423790820,Karalinska,PRJNA396019,SAMN07553465,Human,93411895,THE UT MD ANDERSON CANCER CENTER,public,"sra,run.zq,bam","gs,ncbi,s3","s3.us-east-1,gs.us-east1,ncbi.public",SRX3126900,Illumina HiSeq 4000,nuclei genome CNV 29,KTN102_0_25_B2,SINGLE,RANDOM PCR,GENOMIC,Homo sapiens,ILLUMINA,2018-04-24T00:00:00Z,2017-08-24T11:35:00Z,1,KTN102_0_25_B2,tumor,missing,SRP114962,KTN102,preTX,GCA_000001405.13
SRR5969410,missing,WGS,48,90834528,Karalinska,PRJNA396019,SAMN07553466,Human,71562261,THE UT MD ANDERSON CANCER CENTER,public,"run.zq,sra,fastq","ncbi,gs,s3","ncbi.public,s3.us-east-1,gs.us-east1",SRX3126899,Illumina HiSeq 4000,nuclei genome CNV 30,KTN102_0_25,SINGLE,RANDOM PCR,GENOMIC,Homo sapiens,ILLUMINA,2018-04-24T00:00:00Z,2017-08-24T11:34:00Z,1,KTN102_0_25,tumor,missing,SRP114962,KTN102,preTX,
SRR5969411,missing,WGS,96,506460884,Karalinska,PRJNA396019,SAMN07553463,Human,109311518,THE UT MD ANDERSON CANCER CENTER,public,"bam,run.zq,sra","s3,ncbi,gs","ncbi.public,s3.us-east-1,gs.us-east1",SRX3126898,Illumina HiSeq 4000,nuclei genome CNV 27,KTN102_0_24_B2,SINGLE,RANDOM PCR,GENOMIC,Homo sapiens,ILLUMINA,2018-04-24T00:00:00Z,2017-08-24T11:36:00Z,1,KTN102_0_24_B2,tumor,missing,SRP114962,KTN102,preTX,GCA_000001405.13
SRR5969412,missing,WGS,48,160283712,Karalinska,PRJNA396019,SAMN07553464,Human,121108399,THE UT MD ANDERSON CANCER CENTER,public,"run.zq,fastq,sra","ncbi,gs,s3","ncbi.public,s3.us-east-1,gs.us-east1",SRX3126897,Illumina HiSeq 4000,nuclei genome CNV 28,KTN102_0_24,SINGLE,RANDOM PCR,GENOMIC,Homo sapiens,ILLUMINA,2018-04-24T00:00:00Z,2017-08-24T11:34:00Z,1,KTN102_0_24,tumor,missing,SRP114962,KTN102,preTX,
SRR5969413,missing,WGS,95,533240776,Karalinska,PRJNA396019,SAMN07553461,Human,116607399,THE UT MD ANDERSON CANCER CENTER,public,"run.zq,bam,sra","ncbi,s3,gs","s3.us-east-1,ncbi.public,gs.us-east1",SRX3126896,Illumina HiSeq 4000,nuclei genome CNV 25,KTN102_0_23_B2,SINGLE,RANDOM PCR,GENOMIC,Homo sapiens,ILLUMINA,2018-04-24T00:00:00Z,2017-08-24T11:36:00Z,1,KTN102_0_23_B2,tumor,missing,SRP114962,KTN102,preTX,GCA_000001405.13
SRR5969414,missing,WGS,48,132671952,Karalinska,PRJNA396019,SAMN07553462,Human,101299208,THE UT MD ANDERSON CANCER CENTER,public,"sra,run.zq,fastq","s3,gs,ncbi","ncbi.public,s3.us-east-1,gs.us-east1",SRX3126895,Illumina HiSeq 4000,nuclei genome CNV 26,KTN102_0_23,SINGLE,RANDOM PCR,GENOMIC,Homo sapiens,ILLUMINA,2018-04-24T00:00:00Z,2017-08-24T11:34:00Z,1,KTN102_0_23,tumor,missing,SRP114962,KTN102,preTX,
SRR5969415,missing,WGS,94,285577524,Karalinska,PRJNA396019,SAMN07553459,Human,65734082,THE UT MD ANDERSON CANCER CENTER,public,"bam,run.zq,sra","gs,ncbi,s3","gs.us-east1,s3.us-east-1,ncbi.public",SRX3126894,Illumina HiSeq 4000,nuclei genome CNV 23,KTN102_0_22_B2,SINGLE,RANDOM PCR,GENOMIC,Homo sapiens,ILLUMINA,2018-04-24T00:00:00Z,2017-08-24T11:35:00Z,1,KTN102_0_22_B2,tumor,missing,SRP114962,KTN102,preTX,GCA_000001405.13
SRR5969416,missing,WGS,48,123546480,Karalinska,PRJNA396019,SAMN07553460,Human,94320048,THE UT MD ANDERSON CANCER CENTER,public,"sra,fastq,run.zq","ncbi,s3,gs","ncbi.public,s3.us-east-1,gs.us-east1",SRX3126893,Illumina HiSeq 4000,nuclei genome CNV 24,KTN102_0_22,SINGLE,RANDOM PCR,GENOMIC,Homo sapiens,ILLUMINA,2018-04-24T00:00:00Z,2017-08-24T11:34:00Z,1,KTN102_0_22,tumor,missing,SRP114962,KTN102,preTX,
SRR5969417,missing,WGS,48,143994672,Karalinska,PRJNA396019,SAMN07553457,Human,109475076,THE UT MD ANDERSON CANCER CENTER,public,"sra,run.zq,fastq","ncbi,s3,gs","ncbi.public,s3.us-east-1,gs.us-east1",SRX3126892,Illumina HiSeq 4000,nuclei genome CNV 21,KTN102_0_20,SINGLE,RANDOM PCR,GENOMIC,Homo sapiens,ILLUMINA,2018-04-24T00:00:00Z,2017-08-24T11:35:00Z,1,KTN102_0_20,tumor,missing,SRP114962,KTN102,preTX,
SRR5969418,missing,WGS,48,131674032,Karalinska,PRJNA396019,SAMN07553458,Human,100324743,THE UT MD ANDERSON CANCER CENTER,public,"run.zq,fastq,sra","gs,ncbi,s3","ncbi.public,s3.us-east-1,gs.us-east1",SRX3126891,Illumina HiSeq 4000,nuclei genome CNV 22,KTN102_0_21,SINGLE,RANDOM PCR,GENOMIC,Homo sapiens,ILLUMINA,2018-04-24T00:00:00Z,2017-08-24T11:34:00Z,1,KTN102_0_21,tumor,missing,SRP114962,KTN102,preTX,
SRR5969419,missing,WGS,94,319562900,Karalinska,PRJNA396019,SAMN07553545,Human,70639400,THE UT MD ANDERSON CANCER CENTER,public,"bam,sra,run.zq","s3,ncbi,gs","s3.us-east-1,gs.us-east1,ncbi.public",SRX3126890,Illumina HiSeq 4000,nuclei genome CNV 109,KTN102_2_14_B2,SINGLE,RANDOM PCR,GENOMIC,Homo sapiens,ILLUMINA,2018-04-24T00:00:00Z,2017-08-24T11:35:00Z,1,KTN102_2_14_B2,tumor,missing,SRP114962,KTN102,midTX,GCA_000001405.13
SRR5969420,missing,WGS,48,122457552,Karalinska,PRJNA396019,SAMN07553546,Human,92718540,THE UT MD ANDERSON CANCER CENTER,public,"sra,fastq,run.zq","gs,s3,ncbi","ncbi.public,gs.us-east1,s3.us-east-1",SRX3126889,Illumina HiSeq 4000,nuclei genome CNV 110,KTN102_2_14,SINGLE,RANDOM PCR,GENOMIC,Homo sapiens,ILLUMINA,2018-04-24T00:00:00Z,2017-08-24T11:34:00Z,1,KTN102_2_14,tumor,missing,SRP114962,KTN102,midTX,
SRR5969421,missing,WGS,96,309859220,Karalinska,PRJNA396019,SAMN07553543,Human,67444936,THE UT MD ANDERSON CANCER CENTER,public,"sra,run.zq,bam","gs,s3,ncbi","s3.us-east-1,ncbi.public,gs.us-east1",SRX3126888,Illumina HiSeq 4000,nuclei genome CNV 107,KTN102_2_13_B2,SINGLE,RANDOM PCR,GENOMIC,Homo sapiens,ILLUMINA,2018-04-24T00:00:00Z,2017-08-24T11:35:00Z,1,KTN102_2_13_B2,tumor,missing,SRP114962,KTN102,midTX,GCA_000001405.13
SRR5969422,missing,WGS,48,99743616,Karalinska,PRJNA396019,SAMN07553544,Human,75598911,THE UT MD ANDERSON CANCER CENTER,public,"run.zq,sra,fastq","ncbi,s3,gs","s3.us-east-1,gs.us-east1,ncbi.public",SRX3126887,Illumina HiSeq 4000,nuclei genome CNV 108,KTN102_2_13,SINGLE,RANDOM PCR,GENOMIC,Homo sapiens,ILLUMINA,2018-04-24T00:00:00Z,2017-08-24T11:34:00Z,1,KTN102_2_13,tumor,missing,SRP114962,KTN102,midTX,
SRR5969431,missing,WGS,48,91992288,Karalinska,PRJNA396019,SAMN07553862,Human,61478217,THE UT MD ANDERSON CANCER CENTER,public,"sra,fastq,run.zq","s3,ncbi,gs","s3.us-east-1,gs.us-east1,ncbi.public",SRX3126878,Illumina HiSeq 4000,nuclei genome CNV 426,KTN152_OP_18,SINGLE,RANDOM PCR,GENOMIC,Homo sapiens,ILLUMINA,2018-04-24T00:00:00Z,2017-08-24T11:34:00Z,1,KTN152_OP_18,tumor,missing,SRP114962,KTN152,postTX,
SRR5969432,missing,WGS,48,64180272,Karalinska,PRJNA396019,SAMN07553861,Human,42908381,THE UT MD ANDERSON CANCER CENTER,public,"sra,fastq,run.zq","gs,ncbi,s3","gs.us-east1,s3.us-east-1,ncbi.public",SRX3126877,Illumina HiSeq 4000,nuclei genome CNV 425,KTN152_OP_16,SINGLE,RANDOM PCR,GENOMIC,Homo sapiens,ILLUMINA,2018-04-24T00:00:00Z,2017-08-24T11:34:00Z,1,KTN152_OP_16,tumor,missing,SRP114962,KTN152,postTX,
SRR5969433,missing,WGS,48,36627504,Karalinska,PRJNA396019,SAMN07553864,Human,24241510,THE UT MD ANDERSON CANCER CENTER,public,"fastq,run.zq,sra","gs,s3,ncbi","ncbi.public,gs.us-east1,s3.us-east-1",SRX3126876,Illumina HiSeq 4000,nuclei genome CNV 428,KTN152_OP_1,SINGLE,RANDOM PCR,GENOMIC,Homo sapiens,ILLUMINA,2018-04-24T00:00:00Z,2017-08-24T11:34:00Z,1,KTN152_OP_1,tumor,missing,SRP114962,KTN152,postTX,
SRR5969434,missing,WGS,48,76567104,Karalinska,PRJNA396019,SAMN07553863,Human,51634801,THE UT MD ANDERSON CANCER CENTER,public,"run.zq,sra,fastq","gs,s3,ncbi","ncbi.public,gs.us-east1,s3.us-east-1",SRX3126875,Illumina HiSeq 4000,nuclei genome CNV 427,KTN152_OP_19,SINGLE,RANDOM PCR,GENOMIC,Homo sapiens,ILLUMINA,2018-04-24T00:00:00Z,2017-08-24T11:34:00Z,1,KTN152_OP_19,tumor,missing,SRP114962,KTN152,postTX,
SRR5969435,missing,WGS,48,96377904,Karalinska,PRJNA396019,SAMN07553858,Human,64247140,THE UT MD ANDERSON CANCER CENTER,public,"run.zq,sra,fastq","s3,ncbi,gs","ncbi.public,gs.us-east1,s3.us-east-1",SRX3126874,Illumina HiSeq 4000,nuclei genome CNV 422,KTN152_OP_13,SINGLE,RANDOM PCR,GENOMIC,Homo sapiens,ILLUMINA,2018-04-24T00:00:00Z,2017-08-24T11:34:00Z,1,KTN152_OP_13,tumor,missing,SRP114962,KTN152,postTX,
SRR5969436,missing,WGS,48,65854512,Karalinska,PRJNA396019,SAMN07553857,Human,43837167,THE UT MD ANDERSON CANCER CENTER,public,"run.zq,fastq,sra","gs,s3,ncbi","gs.us-east1,ncbi.public,s3.us-east-1",SRX3126873,Illumina HiSeq 4000,nuclei genome CNV 421,KTN152_OP_12,SINGLE,RANDOM PCR,GENOMIC,Homo sapiens,ILLUMINA,2018-04-24T00:00:00Z,2017-08-24T11:34:00Z,1,KTN152_OP_12,tumor,missing,SRP114962,KTN152,postTX,
SRR5969437,missing,WGS,48,72965568,Karalinska,PRJNA396019,SAMN07553860,Human,48774080,THE UT MD ANDERSON CANCER CENTER,public,"fastq,run.zq,sra","gs,ncbi,s3","s3.us-east-1,gs.us-east1,ncbi.public",SRX3126872,Illumina HiSeq 4000,nuclei genome CNV 424,KTN152_OP_15,SINGLE,RANDOM PCR,GENOMIC,Homo sapiens,ILLUMINA,2018-04-24T00:00:00Z,2017-08-24T11:34:00Z,1,KTN152_OP_15,tumor,missing,SRP114962,KTN152,postTX,
SRR5969438,missing,WGS,48,77742384,Karalinska,PRJNA396019,SAMN07553859,Human,51882210,THE UT MD ANDERSON CANCER CENTER,public,"fastq,run.zq,sra","gs,s3,ncbi","s3.us-east-1,gs.us-east1,ncbi.public",SRX3126871,Illumina HiSeq 4000,nuclei genome CNV 423,KTN152_OP_14,SINGLE,RANDOM PCR,GENOMIC,Homo sapiens,ILLUMINA,2018-04-24T00:00:00Z,2017-08-24T11:34:00Z,1,KTN152_OP_14,tumor,missing,SRP114962,KTN152,postTX,
SRR5969439,missing,WGS,48,68496480,Karalinska,PRJNA396019,SAMN07553805,Human,46380556,THE UT MD ANDERSON CANCER CENTER,public,"sra,fastq,run.zq","ncbi,gs,s3","ncbi.public,s3.us-east-1,gs.us-east1",SRX3126870,Illumina HiSeq 4000,nuclei genome CNV 369,KTN152_0_7,SINGLE,RANDOM PCR,GENOMIC,Homo sapiens,ILLUMINA,2018-04-24T00:00:00Z,2017-08-24T11:34:00Z,1,KTN152_0_7,tumor,missing,SRP114962,KTN152,preTX,
SRR5969440,missing,WGS,48,109938048,Karalinska,PRJNA396019,SAMN07553806,Human,74191260,THE UT MD ANDERSON CANCER CENTER,public,"run.zq,sra,fastq","s3,gs,ncbi","gs.us-east1,s3.us-east-1,ncbi.public",SRX3126869,Illumina HiSeq 4000,nuclei genome CNV 370,KTN152_0_8,SINGLE,RANDOM PCR,GENOMIC,Homo sapiens,ILLUMINA,2018-04-24T00:00:00Z,2017-08-24T11:34:00Z,1,KTN152_0_8,tumor,missing,SRP114962,KTN152,preTX,
SRR5969441,missing,WGS,48,71863584,Karalinska,PRJNA396019,SAMN07553799,Human,48642008,THE UT MD ANDERSON CANCER CENTER,public,"fastq,run.zq,sra","gs,s3,ncbi","ncbi.public,s3.us-east-1,gs.us-east1",SRX3126868,Illumina HiSeq 4000,nuclei genome CNV 363,KTN152_0_46,SINGLE,RANDOM PCR,GENOMIC,Homo sapiens,ILLUMINA,2018-04-24T00:00:00Z,2017-08-24T11:34:00Z,1,KTN152_0_46,tumor,missing,SRP114962,KTN152,preTX,
SRR5969442,missing,WGS,48,90281328,Karalinska,PRJNA396019,SAMN07553800,Human,60965683,THE UT MD ANDERSON CANCER CENTER,public,"sra,run.zq,fastq","ncbi,s3,gs","ncbi.public,s3.us-east-1,gs.us-east1",SRX3126867,Illumina HiSeq 4000,nuclei genome CNV 364,KTN152_0_47,SINGLE,RANDOM PCR,GENOMIC,Homo sapiens,ILLUMINA,2018-04-24T00:00:00Z,2017-08-24T11:34:00Z,1,KTN152_0_47,tumor,missing,SRP114962,KTN152,preTX,
SRR5969443,missing,WGS,48,107888448,Karalinska,PRJNA396019,SAMN07553797,Human,73000866,THE UT MD ANDERSON CANCER CENTER,public,"fastq,sra,run.zq","ncbi,gs,s3","ncbi.public,gs.us-east1,s3.us-east-1",SRX3126866,Illumina HiSeq 4000,nuclei genome CNV 361,KTN152_0_44,SINGLE,RANDOM PCR,GENOMIC,Homo sapiens,ILLUMINA,2018-04-24T00:00:00Z,2017-08-24T11:34:00Z,1,KTN152_0_44,tumor,missing,SRP114962,KTN152,preTX,
SRR5969444,missing,WGS,48,94726848,Karalinska,PRJNA396019,SAMN07553798,Human,64034623,THE UT MD ANDERSON CANCER CENTER,public,"sra,run.zq,fastq","gs,ncbi,s3","s3.us-east-1,gs.us-east1,ncbi.public",SRX3126865,Illumina HiSeq 4000,nuclei genome CNV 362,KTN152_0_45,SINGLE,RANDOM PCR,GENOMIC,Homo sapiens,ILLUMINA,2018-04-24T00:00:00Z,2017-08-24T11:34:00Z,1,KTN152_0_45,tumor,missing,SRP114962,KTN152,preTX,
SRR5969445,missing,WGS,48,90134304,Karalinska,PRJNA396019,SAMN07553803,Human,61177805,THE UT MD ANDERSON CANCER CENTER,public,"fastq,run.zq,sra","gs,s3,ncbi","s3.us-east-1,gs.us-east1,ncbi.public",SRX3126864,Illumina HiSeq 4000,nuclei genome CNV 367,KTN152_0_5,SINGLE,RANDOM PCR,GENOMIC,Homo sapiens,ILLUMINA,2018-04-24T00:00:00Z,2017-08-24T11:34:00Z,1,KTN152_0_5,tumor,missing,SRP114962,KTN152,preTX,
SRR5969446,missing,WGS,48,97591104,Karalinska,PRJNA396019,SAMN07553804,Human,66287191,THE UT MD ANDERSON CANCER CENTER,public,"fastq,sra,run.zq","s3,ncbi,gs","ncbi.public,gs.us-east1,s3.us-east-1",SRX3126863,Illumina HiSeq 4000,nuclei genome CNV 368,KTN152_0_6,SINGLE,RANDOM PCR,GENOMIC,Homo sapiens,ILLUMINA,2018-04-24T00:00:00Z,2017-08-24T11:34:00Z,1,KTN152_0_6,tumor,missing,SRP114962,KTN152,preTX,
SRR5969447,missing,WGS,48,85064064,Karalinska,PRJNA396019,SAMN07553801,Human,57707324,THE UT MD ANDERSON CANCER CENTER,public,"run.zq,sra,fastq","ncbi,gs,s3","s3.us-east-1,gs.us-east1,ncbi.public",SRX3126862,Illumina HiSeq 4000,nuclei genome CNV 365,KTN152_0_48,SINGLE,RANDOM PCR,GENOMIC,Homo sapiens,ILLUMINA,2018-04-24T00:00:00Z,2017-08-24T11:34:00Z,1,KTN152_0_48,tumor,missing,SRP114962,KTN152,preTX,
SRR5969448,missing,WGS,48,57037920,Karalinska,PRJNA396019,SAMN07553802,Human,38593582,THE UT MD ANDERSON CANCER CENTER,public,"run.zq,sra,fastq","s3,gs,ncbi","s3.us-east-1,gs.us-east1,ncbi.public",SRX3126861,Illumina HiSeq 4000,nuclei genome CNV 366,KTN152_0_4,SINGLE,RANDOM PCR,GENOMIC,Homo sapiens,ILLUMINA,2018-04-24T00:00:00Z,2017-08-24T11:34:00Z,1,KTN152_0_4,tumor,missing,SRP114962,KTN152,preTX,
SRR5969449,missing,WGS,48,127748832,Karalinska,PRJNA396019,SAMN07553642,Human,97079119,THE UT MD ANDERSON CANCER CENTER,public,"sra,run.zq,fastq","gs,ncbi,s3","s3.us-east-1,gs.us-east1,ncbi.public",SRX3126860,Illumina HiSeq 4000,nuclei genome CNV 206,KTN102_OP_2,SINGLE,RANDOM PCR,GENOMIC,Homo sapiens,ILLUMINA,2018-04-24T00:00:00Z,2017-08-24T11:35:00Z,1,KTN102_OP_2,tumor,missing,SRP114962,KTN102,postTX,
SRR5969450,missing,WGS,48,88935312,Karalinska,PRJNA396019,SAMN07553641,Human,70485761,THE UT MD ANDERSON CANCER CENTER,public,"run.zq,sra,fastq","s3,gs,ncbi","gs.us-east1,s3.us-east-1,ncbi.public",SRX3126859,Illumina HiSeq 4000,nuclei genome CNV 205,KTN102_OP_29,SINGLE,RANDOM PCR,GENOMIC,Homo sapiens,ILLUMINA,2018-04-24T00:00:00Z,2017-08-24T11:34:00Z,1,KTN102_OP_29,tumor,missing,SRP114962,KTN102,postTX,
SRR5969451,missing,WGS,48,110222064,Karalinska,PRJNA396019,SAMN07553644,Human,84428699,THE UT MD ANDERSON CANCER CENTER,public,"run.zq,fastq,sra","gs,ncbi,s3","gs.us-east1,ncbi.public,s3.us-east-1",SRX3126858,Illumina HiSeq 4000,nuclei genome CNV 208,KTN102_OP_31,SINGLE,RANDOM PCR,GENOMIC,Homo sapiens,ILLUMINA,2018-04-24T00:00:00Z,2017-08-24T11:34:00Z,1,KTN102_OP_31,tumor,missing,SRP114962,KTN102,postTX,
SRR5969452,missing,WGS,48,99444576,Karalinska,PRJNA396019,SAMN07553643,Human,76780046,THE UT MD ANDERSON CANCER CENTER,public,"sra,run.zq,fastq","gs,ncbi,s3","gs.us-east1,s3.us-east-1,ncbi.public",SRX3126857,Illumina HiSeq 4000,nuclei genome CNV 207,KTN102_OP_30,SINGLE,RANDOM PCR,GENOMIC,Homo sapiens,ILLUMINA,2018-04-24T00:00:00Z,2017-08-24T11:34:00Z,1,KTN102_OP_30,tumor,missing,SRP114962,KTN102,postTX,
SRR5969453,missing,WGS,48,152680608,Karalinska,PRJNA396019,SAMN07553638,Human,115577515,THE UT MD ANDERSON CANCER CENTER,public,"run.zq,sra,fastq","gs,ncbi,s3","gs.us-east1,ncbi.public,s3.us-east-1",SRX3126856,Illumina HiSeq 4000,nuclei genome CNV 202,KTN102_OP_26,SINGLE,RANDOM PCR,GENOMIC,Homo sapiens,ILLUMINA,2018-04-24T00:00:00Z,2017-08-24T11:34:00Z,1,KTN102_OP_26,tumor,missing,SRP114962,KTN102,postTX,
SRR5969454,missing,WGS,48,222110544,Karalinska,PRJNA396019,SAMN07553637,Human,168376534,THE UT MD ANDERSON CANCER CENTER,public,"sra,run.zq,fastq","ncbi,s3,gs","gs.us-east1,s3.us-east-1,ncbi.public",SRX3126855,Illumina HiSeq 4000,nuclei genome CNV 201,KTN102_OP_25,SINGLE,RANDOM PCR,GENOMIC,Homo sapiens,ILLUMINA,2018-04-24T00:00:00Z,2017-08-24T11:35:00Z,1,KTN102_OP_25,tumor,missing,SRP114962,KTN102,postTX,
SRR5969455,missing,WGS,48,137383008,Karalinska,PRJNA396019,SAMN07553640,Human,103981203,THE UT MD ANDERSON CANCER CENTER,public,"sra,fastq,run.zq","s3,gs,ncbi","ncbi.public,s3.us-east-1,gs.us-east1",SRX3126854,Illumina HiSeq 4000,nuclei genome CNV 204,KTN102_OP_28,SINGLE,RANDOM PCR,GENOMIC,Homo sapiens,ILLUMINA,2018-04-24T00:00:00Z,2017-08-24T11:35:00Z,1,KTN102_OP_28,tumor,missing,SRP114962,KTN102,postTX,
SRR5969456,missing,WGS,48,130666080,Karalinska,PRJNA396019,SAMN07553639,Human,99038702,THE UT MD ANDERSON CANCER CENTER,public,"fastq,sra,run.zq","ncbi,s3,gs","ncbi.public,gs.us-east1,s3.us-east-1",SRX3126853,Illumina HiSeq 4000,nuclei genome CNV 203,KTN102_OP_27,SINGLE,RANDOM PCR,GENOMIC,Homo sapiens,ILLUMINA,2018-04-24T00:00:00Z,2017-08-24T11:34:00Z,1,KTN102_OP_27,tumor,missing,SRP114962,KTN102,postTX,
SRR5969457,missing,WGS,48,128123904,Karalinska,PRJNA396019,SAMN07553646,Human,98084984,THE UT MD ANDERSON CANCER CENTER,public,"fastq,sra,run.zq","ncbi,s3,gs","gs.us-east1,s3.us-east-1,ncbi.public",SRX3126852,Illumina HiSeq 4000,nuclei genome CNV 210,KTN102_OP_33,SINGLE,RANDOM PCR,GENOMIC,Homo sapiens,ILLUMINA,2018-04-24T00:00:00Z,2017-08-24T11:35:00Z,1,KTN102_OP_33,tumor,missing,SRP114962,KTN102,postTX,
SRR5969458,missing,WGS,48,28461168,Karalinska,PRJNA396019,SAMN07553645,Human,24661651,THE UT MD ANDERSON CANCER CENTER,public,"sra,fastq,run.zq","ncbi,s3,gs","s3.us-east-1,ncbi.public,gs.us-east1",SRX3126851,Illumina HiSeq 4000,nuclei genome CNV 209,KTN102_OP_32,SINGLE,RANDOM PCR,GENOMIC,Homo sapiens,ILLUMINA,2018-04-24T00:00:00Z,2017-08-24T11:34:00Z,1,KTN102_OP_32,tumor,missing,SRP114962,KTN102,postTX,
SRR5969459,missing,WGS,48,177505440,Karalinska,PRJNA396019,SAMN07553632,Human,134032937,THE UT MD ANDERSON CANCER CENTER,public,"sra,fastq,run.zq","gs,s3,ncbi","s3.us-east-1,ncbi.public,gs.us-east1",SRX3126850,Illumina HiSeq 4000,nuclei genome CNV 196,KTN102_OP_20,SINGLE,RANDOM PCR,GENOMIC,Homo sapiens,ILLUMINA,2018-04-24T00:00:00Z,2017-08-24T11:35:00Z,1,KTN102_OP_20,tumor,missing,SRP114962,KTN102,postTX,
SRR5969460,missing,WGS,48,131260080,Karalinska,PRJNA396019,SAMN07553631,Human,99053158,THE UT MD ANDERSON CANCER CENTER,public,"run.zq,sra,fastq","ncbi,s3,gs","gs.us-east1,ncbi.public,s3.us-east-1",SRX3126849,Illumina HiSeq 4000,nuclei genome CNV 195,KTN102_OP_1,SINGLE,RANDOM PCR,GENOMIC,Homo sapiens,ILLUMINA,2018-04-24T00:00:00Z,2017-08-24T11:35:00Z,1,KTN102_OP_1,tumor,missing,SRP114962,KTN102,postTX,
SRR5969461,missing,WGS,48,153256512,Karalinska,PRJNA396019,SAMN07553634,Human,115756060,THE UT MD ANDERSON CANCER CENTER,public,"sra,fastq,run.zq","gs,s3,ncbi","s3.us-east-1,gs.us-east1,ncbi.public",SRX3126848,Illumina HiSeq 4000,nuclei genome CNV 198,KTN102_OP_22,SINGLE,RANDOM PCR,GENOMIC,Homo sapiens,ILLUMINA,2018-04-24T00:00:00Z,2017-08-24T11:35:00Z,1,KTN102_OP_22,tumor,missing,SRP114962,KTN102,postTX,
SRR5969462,missing,WGS,48,162323280,Karalinska,PRJNA396019,SAMN07553633,Human,123404749,THE UT MD ANDERSON CANCER CENTER,public,"sra,fastq,run.zq","s3,gs,ncbi","ncbi.public,s3.us-east-1,gs.us-east1",SRX3126847,Illumina HiSeq 4000,nuclei genome CNV 197,KTN102_OP_21,SINGLE,RANDOM PCR,GENOMIC,Homo sapiens,ILLUMINA,2018-04-24T00:00:00Z,2017-08-24T11:35:00Z,1,KTN102_OP_21,tumor,missing,SRP114962,KTN102,postTX,
SRR5969463,missing,WGS,48,111982368,Karalinska,PRJNA396019,SAMN07553628,Human,85250856,THE UT MD ANDERSON CANCER CENTER,public,"sra,run.zq,fastq","s3,gs,ncbi","gs.us-east1,ncbi.public,s3.us-east-1",SRX3126846,Illumina HiSeq 4000,nuclei genome CNV 192,KTN102_OP_17,SINGLE,RANDOM PCR,GENOMIC,Homo sapiens,ILLUMINA,2018-04-24T00:00:00Z,2017-08-24T11:34:00Z,1,KTN102_OP_17,tumor,missing,SRP114962,KTN102,postTX,
SRR5969464,missing,WGS,48,154203168,Karalinska,PRJNA396019,SAMN07553627,Human,116502483,THE UT MD ANDERSON CANCER CENTER,public,"fastq,sra,run.zq","s3,gs,ncbi","gs.us-east1,s3.us-east-1,ncbi.public",SRX3126845,Illumina HiSeq 4000,nuclei genome CNV 191,KTN102_OP_16,SINGLE,RANDOM PCR,GENOMIC,Homo sapiens,ILLUMINA,2018-04-24T00:00:00Z,2017-08-24T11:35:00Z,1,KTN102_OP_16,tumor,missing,SRP114962,KTN102,postTX,
SRR5969465,missing,WGS,48,174519024,Karalinska,PRJNA396019,SAMN07553630,Human,131289552,THE UT MD ANDERSON CANCER CENTER,public,"run.zq,sra,fastq","ncbi,gs,s3","s3.us-east-1,gs.us-east1,ncbi.public",SRX3126844,Illumina HiSeq 4000,nuclei genome CNV 194,KTN102_OP_19,SINGLE,RANDOM PCR,GENOMIC,Homo sapiens,ILLUMINA,2018-04-24T00:00:00Z,2017-08-24T11:35:00Z,1,KTN102_OP_19,tumor,missing,SRP114962,KTN102,postTX,
SRR5969466,missing,WGS,48,132982224,Karalinska,PRJNA396019,SAMN07553629,Human,101116320,THE UT MD ANDERSON CANCER CENTER,public,"fastq,run.zq,sra","s3,ncbi,gs","s3.us-east-1,gs.us-east1,ncbi.public",SRX3126843,Illumina HiSeq 4000,nuclei genome CNV 193,KTN102_OP_18,SINGLE,RANDOM PCR,GENOMIC,Homo sapiens,ILLUMINA,2018-04-24T00:00:00Z,2017-08-24T11:35:00Z,1,KTN102_OP_18,tumor,missing,SRP114962,KTN102,postTX,
SRR5969467,missing,WGS,48,139442304,Karalinska,PRJNA396019,SAMN07553636,Human,105095817,THE UT MD ANDERSON CANCER CENTER,public,"sra,fastq,run.zq","s3,gs,ncbi","gs.us-east1,s3.us-east-1,ncbi.public",SRX3126842,Illumina HiSeq 4000,nuclei genome CNV 200,KTN102_OP_24,SINGLE,RANDOM PCR,GENOMIC,Homo sapiens,ILLUMINA,2018-04-24T00:00:00Z,2017-08-24T11:35:00Z,1,KTN102_OP_24,tumor,missing,SRP114962,KTN102,postTX,
SRR5969468,missing,WGS,48,134978256,Karalinska,PRJNA396019,SAMN07553635,Human,103139700,THE UT MD ANDERSON CANCER CENTER,public,"fastq,run.zq,sra","s3,ncbi,gs","ncbi.public,gs.us-east1,s3.us-east-1",SRX3126841,Illumina HiSeq 4000,nuclei genome CNV 199,KTN102_OP_23,SINGLE,RANDOM PCR,GENOMIC,Homo sapiens,ILLUMINA,2018-04-24T00:00:00Z,2017-08-24T11:35:00Z,1,KTN102_OP_23,tumor,missing,SRP114962,KTN102,postTX,
SRR5969479,missing,WGS,48,63419808,Karalinska,PRJNA396019,SAMN07553851,Human,44856711,THE UT MD ANDERSON CANCER CENTER,public,"run.zq,sra,fastq","gs,ncbi,s3","gs.us-east1,ncbi.public,s3.us-east-1",SRX3126830,Illumina HiSeq 4000,nuclei genome CNV 415,KTN152_2_6,SINGLE,RANDOM PCR,GENOMIC,Homo sapiens,ILLUMINA,2018-04-24T00:00:00Z,2017-08-24T11:34:00Z,1,KTN152_2_6,tumor,missing,SRP114962,KTN152,midTX,
SRR5969480,missing,WGS,48,54535680,Karalinska,PRJNA396019,SAMN07553852,Human,38527569,THE UT MD ANDERSON CANCER CENTER,public,"sra,fastq,run.zq","ncbi,gs,s3","ncbi.public,s3.us-east-1,gs.us-east1",SRX3126829,Illumina HiSeq 4000,nuclei genome CNV 416,KTN152_2_7,SINGLE,RANDOM PCR,GENOMIC,Homo sapiens,ILLUMINA,2018-04-24T00:00:00Z,2017-08-24T11:34:00Z,1,KTN152_2_7,tumor,missing,SRP114962,KTN152,midTX,
SRR5969481,missing,WGS,95,309952016,Karalinska,PRJNA396019,SAMN07553500,Human,75463686,THE UT MD ANDERSON CANCER CENTER,public,"sra,run.zq,bam","s3,gs,ncbi","gs.us-east1,s3.us-east-1,ncbi.public",SRX3126828,Illumina HiSeq 4000,nuclei genome CNV 64,KTN102_0_41_B2,SINGLE,RANDOM PCR,GENOMIC,Homo sapiens,ILLUMINA,2018-04-24T00:00:00Z,2017-08-24T11:36:00Z,1,KTN102_0_41_B2,tumor,missing,SRP114962,KTN102,preTX,GCA_000001405.13
SRR5969483,missing,WGS,94,280953836,Karalinska,PRJNA396019,SAMN07553498,Human,65059641,THE UT MD ANDERSON CANCER CENTER,public,"run.zq,bam,sra","ncbi,s3,gs","s3.us-east-1,ncbi.public,gs.us-east1",SRX3126826,Illumina HiSeq 4000,nuclei genome CNV 62,KTN102_0_40_B2,SINGLE,RANDOM PCR,GENOMIC,Homo sapiens,ILLUMINA,2018-04-24T00:00:00Z,2017-08-24T11:36:00Z,1,KTN102_0_40_B2,tumor,missing,SRP114962,KTN102,preTX,GCA_000001405.13
SRR5969484,missing,WGS,96,557137456,Karalinska,PRJNA396019,SAMN07553503,Human,126049532,THE UT MD ANDERSON CANCER CENTER,public,"bam,sra,run.zq","s3,gs,ncbi","s3.us-east-1,gs.us-east1,ncbi.public",SRX3126825,Illumina HiSeq 4000,nuclei genome CNV 67,KTN102_0_43_B2,SINGLE,RANDOM PCR,GENOMIC,Homo sapiens,ILLUMINA,2018-04-24T00:00:00Z,2017-08-24T11:36:00Z,1,KTN102_0_43_B2,tumor,missing,SRP114962,KTN102,preTX,GCA_000001405.13
SRR5969485,missing,WGS,48,148844352,Karalinska,PRJNA396019,SAMN07553504,Human,114649128,THE UT MD ANDERSON CANCER CENTER,public,"fastq,run.zq,sra","gs,ncbi,s3","gs.us-east1,ncbi.public,s3.us-east-1",SRX3126824,Illumina HiSeq 4000,nuclei genome CNV 68,KTN102_0_43,SINGLE,RANDOM PCR,GENOMIC,Homo sapiens,ILLUMINA,2018-04-24T00:00:00Z,2017-08-24T11:35:00Z,1,KTN102_0_43,tumor,missing,SRP114962,KTN102,preTX,
SRR5969486,missing,WGS,48,165456768,Karalinska,PRJNA396019,SAMN07553501,Human,126070509,THE UT MD ANDERSON CANCER CENTER,public,"sra,run.zq,fastq","s3,ncbi,gs","s3.us-east-1,ncbi.public,gs.us-east1",SRX3126823,Illumina HiSeq 4000,nuclei genome CNV 65,KTN102_0_41,SINGLE,RANDOM PCR,GENOMIC,Homo sapiens,ILLUMINA,2018-04-24T00:00:00Z,2017-08-24T11:35:00Z,1,KTN102_0_41,tumor,missing,SRP114962,KTN102,preTX,
SRR5969487,missing,WGS,48,217418304,Karalinska,PRJNA396019,SAMN07553502,Human,167294302,THE UT MD ANDERSON CANCER CENTER,public,"sra,fastq,run.zq","ncbi,s3,gs","s3.us-east-1,gs.us-east1,ncbi.public",SRX3126822,Illumina HiSeq 4000,nuclei genome CNV 66,KTN102_0_42,SINGLE,RANDOM PCR,GENOMIC,Homo sapiens,ILLUMINA,2018-04-24T00:00:00Z,2017-08-24T11:35:00Z,1,KTN102_0_42,tumor,missing,SRP114962,KTN102,preTX,
SRR5969488,missing,WGS,94,457811840,Karalinska,PRJNA396019,SAMN07553505,Human,103471386,THE UT MD ANDERSON CANCER CENTER,public,"bam,sra,run.zq","s3,gs,ncbi","ncbi.public,s3.us-east-1,gs.us-east1",SRX3126821,Illumina HiSeq 4000,nuclei genome CNV 69,KTN102_0_44_B2,SINGLE,RANDOM PCR,GENOMIC,Homo sapiens,ILLUMINA,2018-04-24T00:00:00Z,2017-08-24T11:36:00Z,1,KTN102_0_44_B2,tumor,missing,SRP114962,KTN102,preTX,GCA_000001405.13
SRR5969489,missing,WGS,48,119967504,Karalinska,PRJNA396019,SAMN07553506,Human,92911788,THE UT MD ANDERSON CANCER CENTER,public,"run.zq,fastq,sra","ncbi,s3,gs","gs.us-east1,s3.us-east-1,ncbi.public",SRX3126820,Illumina HiSeq 4000,nuclei genome CNV 70,KTN102_0_44,SINGLE,RANDOM PCR,GENOMIC,Homo sapiens,ILLUMINA,2018-04-24T00:00:00Z,2017-08-24T11:35:00Z,1,KTN102_0_44,tumor,missing,SRP114962,KTN102,preTX,
SRR5969490,missing,WGS,48,138614448,Karalinska,PRJNA396019,SAMN07553490,Human,105571093,THE UT MD ANDERSON CANCER CENTER,public,"sra,run.zq,fastq","gs,s3,ncbi","ncbi.public,gs.us-east1,s3.us-east-1",SRX3126819,Illumina HiSeq 4000,nuclei genome CNV 54,KTN102_0_36,SINGLE,RANDOM PCR,GENOMIC,Homo sapiens,ILLUMINA,2018-04-24T00:00:00Z,2017-08-24T11:35:00Z,1,KTN102_0_36,tumor,missing,SRP114962,KTN102,preTX,
SRR5969493,missing,WGS,48,107386800,Karalinska,PRJNA396019,SAMN07553840,Human,75398593,THE UT MD ANDERSON CANCER CENTER,public,"run.zq,sra,fastq","gs,ncbi,s3","gs.us-east1,ncbi.public,s3.us-east-1",SRX3126816,Illumina HiSeq 4000,nuclei genome CNV 404,KTN152_2_39,SINGLE,RANDOM PCR,GENOMIC,Homo sapiens,ILLUMINA,2018-04-24T00:00:00Z,2017-08-24T11:35:00Z,1,KTN152_2_39,tumor,missing,SRP114962,KTN152,midTX,
SRR5969494,missing,WGS,95,503265768,Karalinska,PRJNA396019,SAMN07553517,Human,109315992,THE UT MD ANDERSON CANCER CENTER,public,"run.zq,bam,sra","s3,ncbi,gs","gs.us-east1,s3.us-east-1,ncbi.public",SRX3126815,Illumina HiSeq 4000,nuclei genome CNV 81,KTN102_0_5_B2,SINGLE,RANDOM PCR,GENOMIC,Homo sapiens,ILLUMINA,2018-04-24T00:00:00Z,2017-08-24T11:36:00Z,1,KTN102_0_5_B2,tumor,missing,SRP114962,KTN102,preTX,GCA_000001405.13
SRR5969495,missing,WGS,48,126421344,Karalinska,PRJNA396019,SAMN07553518,Human,95981067,THE UT MD ANDERSON CANCER CENTER,public,"sra,fastq,run.zq","ncbi,s3,gs","ncbi.public,s3.us-east-1,gs.us-east1",SRX3126814,Illumina HiSeq 4000,nuclei genome CNV 82,KTN102_0_5,SINGLE,RANDOM PCR,GENOMIC,Homo sapiens,ILLUMINA,2018-04-24T00:00:00Z,2017-08-24T11:35:00Z,1,KTN102_0_5,tumor,missing,SRP114962,KTN102,preTX,
SRR5969496,missing,WGS,48,92079600,Karalinska,PRJNA396019,SAMN07553839,Human,64942523,THE UT MD ANDERSON CANCER CENTER,public,"fastq,sra,run.zq","gs,s3,ncbi","ncbi.public,s3.us-east-1,gs.us-east1",SRX3126813,Illumina HiSeq 4000,nuclei genome CNV 403,KTN152_2_38,SINGLE,RANDOM PCR,GENOMIC,Homo sapiens,ILLUMINA,2018-04-24T00:00:00Z,2017-08-24T11:35:00Z,1,KTN152_2_38,tumor,missing,SRP114962,KTN152,midTX,
SRR5969500,missing,WGS,94,619431844,Karalinska,PRJNA396019,SAMN07553523,Human,135722111,THE UT MD ANDERSON CANCER CENTER,public,"sra,bam,run.zq","gs,ncbi,s3","gs.us-east1,ncbi.public,s3.us-east-1",SRX3126809,Illumina HiSeq 4000,nuclei genome CNV 87,KTN102_0_8_B2,SINGLE,RANDOM PCR,GENOMIC,Homo sapiens,ILLUMINA,2018-04-24T00:00:00Z,2017-08-24T11:37:00Z,1,KTN102_0_8_B2,tumor,missing,SRP114962,KTN102,preTX,GCA_000001405.13
SRR5969501,missing,WGS,48,117716640,Karalinska,PRJNA396019,SAMN07553524,Human,90747626,THE UT MD ANDERSON CANCER CENTER,public,"fastq,run.zq,sra","ncbi,s3,gs","ncbi.public,gs.us-east1,s3.us-east-1",SRX3126808,Illumina HiSeq 4000,nuclei genome CNV 88,KTN102_0_8,SINGLE,RANDOM PCR,GENOMIC,Homo sapiens,ILLUMINA,2018-04-24T00:00:00Z,2017-08-24T11:35:00Z,1,KTN102_0_8,tumor,missing,SRP114962,KTN102,preTX,
SRR5969502,missing,WGS,97,520127964,Karalinska,PRJNA396019,SAMN07553590,Human,109336462,THE UT MD ANDERSON CANCER CENTER,public,"run.zq,bam,sra","gs,ncbi,s3","s3.us-east-1,gs.us-east1,ncbi.public",SRX3126807,Illumina HiSeq 4000,nuclei genome CNV 154,KTN102_2_37_B2,SINGLE,RANDOM PCR,GENOMIC,Homo sapiens,ILLUMINA,2018-04-24T00:00:00Z,2017-08-24T11:36:00Z,1,KTN102_2_37_B2,tumor,missing,SRP114962,KTN102,midTX,GCA_000001405.13
SRR5969503,missing,WGS,48,117002304,Karalinska,PRJNA396019,SAMN07553837,Human,82471647,THE UT MD ANDERSON CANCER CENTER,public,"fastq,run.zq,sra","s3,gs,ncbi","s3.us-east-1,ncbi.public,gs.us-east1",SRX3126806,Illumina HiSeq 4000,nuclei genome CNV 401,KTN152_2_36,SINGLE,RANDOM PCR,GENOMIC,Homo sapiens,ILLUMINA,2018-04-24T00:00:00Z,2017-08-24T11:35:00Z,1,KTN152_2_36,tumor,missing,SRP114962,KTN152,midTX,
SRR5969504,missing,WGS,48,152675088,Karalinska,PRJNA396019,SAMN07553492,Human,115851641,THE UT MD ANDERSON CANCER CENTER,public,"sra,run.zq,fastq","s3,ncbi,gs","s3.us-east-1,gs.us-east1,ncbi.public",SRX3126805,Illumina HiSeq 4000,nuclei genome CNV 56,KTN102_0_37,SINGLE,RANDOM PCR,GENOMIC,Homo sapiens,ILLUMINA,2018-04-24T00:00:00Z,2017-08-24T11:35:00Z,1,KTN102_0_37,tumor,missing,SRP114962,KTN102,preTX,
SRR5969505,missing,WGS,48,79512480,Karalinska,PRJNA396019,SAMN07553844,Human,56283902,THE UT MD ANDERSON CANCER CENTER,public,"run.zq,fastq,sra","ncbi,s3,gs","ncbi.public,gs.us-east1,s3.us-east-1",SRX3126804,Illumina HiSeq 4000,nuclei genome CNV 408,KTN152_2_44,SINGLE,RANDOM PCR,GENOMIC,Homo sapiens,ILLUMINA,2018-04-24T00:00:00Z,2017-08-24T11:35:00Z,1,KTN152_2_44,tumor,missing,SRP114962,KTN152,midTX,
SRR5969506,missing,WGS,48,105767088,Karalinska,PRJNA396019,SAMN07553843,Human,74200409,THE UT MD ANDERSON CANCER CENTER,public,"fastq,sra,run.zq","gs,ncbi,s3","gs.us-east1,ncbi.public,s3.us-east-1",SRX3126803,Illumina HiSeq 4000,nuclei genome CNV 407,KTN152_2_43,SINGLE,RANDOM PCR,GENOMIC,Homo sapiens,ILLUMINA,2018-04-24T00:00:00Z,2017-08-24T11:35:00Z,1,KTN152_2_43,tumor,missing,SRP114962,KTN152,midTX,
SRR5969507,missing,WGS,94,346032560,Karalinska,PRJNA396019,SAMN07553594,Human,75922567,THE UT MD ANDERSON CANCER CENTER,public,"sra,run.zq,bam","s3,ncbi,gs","s3.us-east-1,ncbi.public,gs.us-east1",SRX3126802,Illumina HiSeq 4000,nuclei genome CNV 158,KTN102_2_39_B2,SINGLE,RANDOM PCR,GENOMIC,Homo sapiens,ILLUMINA,2018-04-24T00:00:00Z,2017-08-24T11:36:00Z,1,KTN102_2_39_B2,tumor,missing,SRP114962,KTN102,midTX,GCA_000001405.13
SRR5969508,missing,WGS,48,78887040,Karalinska,PRJNA396019,SAMN07553841,Human,55592972,THE UT MD ANDERSON CANCER CENTER,public,"run.zq,sra,fastq","ncbi,gs,s3","gs.us-east1,ncbi.public,s3.us-east-1",SRX3126801,Illumina HiSeq 4000,nuclei genome CNV 405,KTN152_2_3,SINGLE,RANDOM PCR,GENOMIC,Homo sapiens,ILLUMINA,2018-04-24T00:00:00Z,2017-08-24T11:35:00Z,1,KTN152_2_3,tumor,missing,SRP114962,KTN152,midTX,
SRR5969511,missing,WGS,48,136094208,Karalinska,PRJNA396019,SAMN07553452,Human,103438029,THE UT MD ANDERSON CANCER CENTER,public,"sra,run.zq,fastq","ncbi,s3,gs","ncbi.public,gs.us-east1,s3.us-east-1",SRX3126798,Illumina HiSeq 4000,nuclei genome CNV 16,KTN102_0_18,SINGLE,RANDOM PCR,GENOMIC,Homo sapiens,ILLUMINA,2018-04-24T00:00:00Z,2017-08-24T11:35:00Z,1,KTN102_0_18,tumor,missing,SRP114962,KTN102,preTX,
SRR5969512,missing,WGS,94,374187596,Karalinska,PRJNA396019,SAMN07553451,Human,86335984,THE UT MD ANDERSON CANCER CENTER,public,"run.zq,sra,bam","ncbi,gs,s3","s3.us-east-1,gs.us-east1,ncbi.public",SRX3126797,Illumina HiSeq 4000,nuclei genome CNV 15,KTN102_0_18_B2,SINGLE,RANDOM PCR,GENOMIC,Homo sapiens,ILLUMINA,2018-04-24T00:00:00Z,2017-08-24T11:36:00Z,1,KTN102_0_18_B2,tumor,missing,SRP114962,KTN102,preTX,GCA_000001405.13
SRR5969513,missing,WGS,48,129202464,Karalinska,PRJNA396019,SAMN07553450,Human,98348860,THE UT MD ANDERSON CANCER CENTER,public,"fastq,sra,run.zq","gs,ncbi,s3","s3.us-east-1,ncbi.public,gs.us-east1",SRX3126796,Illumina HiSeq 4000,nuclei genome CNV 14,KTN102_0_17,SINGLE,RANDOM PCR,GENOMIC,Homo sapiens,ILLUMINA,2018-04-24T00:00:00Z,2017-08-24T11:35:00Z,1,KTN102_0_17,tumor,missing,SRP114962,KTN102,preTX,
SRR5969514,missing,WGS,95,358982960,Karalinska,PRJNA396019,SAMN07553449,Human,81584338,THE UT MD ANDERSON CANCER CENTER,public,"bam,run.zq,sra","s3,ncbi,gs","ncbi.public,gs.us-east1,s3.us-east-1",SRX3126795,Illumina HiSeq 4000,nuclei genome CNV 13,KTN102_0_17_B2,SINGLE,RANDOM PCR,GENOMIC,Homo sapiens,ILLUMINA,2018-04-24T00:00:00Z,2017-08-24T11:36:00Z,1,KTN102_0_17_B2,tumor,missing,SRP114962,KTN102,preTX,GCA_000001405.13
SRR5969515,missing,WGS,48,112172112,Karalinska,PRJNA396019,SAMN07553448,Human,85861970,THE UT MD ANDERSON CANCER CENTER,public,"run.zq,sra,fastq","ncbi,s3,gs","ncbi.public,s3.us-east-1,gs.us-east1",SRX3126794,Illumina HiSeq 4000,nuclei genome CNV 12,KTN102_0_16,SINGLE,RANDOM PCR,GENOMIC,Homo sapiens,ILLUMINA,2018-04-24T00:00:00Z,2017-08-24T11:35:00Z,1,KTN102_0_16,tumor,missing,SRP114962,KTN102,preTX,
SRR5969522,missing,WGS,93,259932692,Karalinska,PRJNA396019,SAMN07553578,Human,58823048,THE UT MD ANDERSON CANCER CENTER,public,"bam,run.zq,sra","s3,ncbi,gs","gs.us-east1,s3.us-east-1,ncbi.public",SRX3126787,Illumina HiSeq 4000,nuclei genome CNV 142,KTN102_2_31_B2,SINGLE,RANDOM PCR,GENOMIC,Homo sapiens,ILLUMINA,2018-04-24T00:00:00Z,2017-08-24T11:36:00Z,1,KTN102_2_31_B2,tumor,missing,SRP114962,KTN102,midTX,GCA_000001405.13
SRR5969523,missing,WGS,48,101200800,Karalinska,PRJNA396019,SAMN07553583,Human,79016786,THE UT MD ANDERSON CANCER CENTER,public,"sra,fastq,run.zq","ncbi,s3,gs","s3.us-east-1,gs.us-east1,ncbi.public",SRX3126786,Illumina HiSeq 4000,nuclei genome CNV 147,KTN102_2_33,SINGLE,RANDOM PCR,GENOMIC,Homo sapiens,ILLUMINA,2018-04-24T00:00:00Z,2017-08-24T11:35:00Z,1,KTN102_2_33,tumor,missing,SRP114962,KTN102,midTX,
SRR5969524,missing,WGS,94,548667864,Karalinska,PRJNA396019,SAMN07553584,Human,116046407,THE UT MD ANDERSON CANCER CENTER,public,"bam,sra,run.zq","ncbi,s3,gs","ncbi.public,s3.us-east-1,gs.us-east1",SRX3126785,Illumina HiSeq 4000,nuclei genome CNV 148,KTN102_2_34_B2,SINGLE,RANDOM PCR,GENOMIC,Homo sapiens,ILLUMINA,2018-04-24T00:00:00Z,2017-08-24T11:37:00Z,1,KTN102_2_34_B2,tumor,missing,SRP114962,KTN102,midTX,GCA_000001405.13
SRR5969525,missing,WGS,48,146251824,Karalinska,PRJNA396019,SAMN07553581,Human,110578677,THE UT MD ANDERSON CANCER CENTER,public,"run.zq,sra,fastq","s3,ncbi,gs","gs.us-east1,s3.us-east-1,ncbi.public",SRX3126784,Illumina HiSeq 4000,nuclei genome CNV 145,KTN102_2_32,SINGLE,RANDOM PCR,GENOMIC,Homo sapiens,ILLUMINA,2018-04-24T00:00:00Z,2017-08-24T11:35:00Z,1,KTN102_2_32,tumor,missing,SRP114962,KTN102,midTX,
SRR5969526,missing,WGS,94,323979412,Karalinska,PRJNA396019,SAMN07553582,Human,72337911,THE UT MD ANDERSON CANCER CENTER,public,"sra,run.zq,bam","gs,ncbi,s3","gs.us-east1,s3.us-east-1,ncbi.public",SRX3126783,Illumina HiSeq 4000,nuclei genome CNV 146,KTN102_2_33_B2,SINGLE,RANDOM PCR,GENOMIC,Homo sapiens,ILLUMINA,2018-04-24T00:00:00Z,2017-08-24T11:36:00Z,1,KTN102_2_33_B2,tumor,missing,SRP114962,KTN102,midTX,GCA_000001405.13
SRR5969527,missing,WGS,48,121110336,Karalinska,PRJNA396019,SAMN07553585,Human,91931775,THE UT MD ANDERSON CANCER CENTER,public,"sra,fastq,run.zq","ncbi,s3,gs","ncbi.public,gs.us-east1,s3.us-east-1",SRX3126782,Illumina HiSeq 4000,nuclei genome CNV 149,KTN102_2_34,SINGLE,RANDOM PCR,GENOMIC,Homo sapiens,ILLUMINA,2018-04-24T00:00:00Z,2017-08-24T11:35:00Z,1,KTN102_2_34,tumor,missing,SRP114962,KTN102,midTX,
SRR5969530,missing,WGS,48,82729248,Karalinska,PRJNA396019,SAMN07553856,Human,55511738,THE UT MD ANDERSON CANCER CENTER,public,"sra,fastq,run.zq","gs,ncbi,s3","gs.us-east1,ncbi.public,s3.us-east-1",SRX3126779,Illumina HiSeq 4000,nuclei genome CNV 420,KTN152_OP_11,SINGLE,RANDOM PCR,GENOMIC,Homo sapiens,ILLUMINA,2018-04-24T00:00:00Z,2017-08-24T11:35:00Z,1,KTN152_OP_11,tumor,missing,SRP114962,KTN152,postTX,
SRR5969531,missing,WGS,48,82357728,Karalinska,PRJNA396019,SAMN07553898,Human,54952807,THE UT MD ANDERSON CANCER CENTER,public,"sra,fastq,run.zq","gs,s3,ncbi","ncbi.public,s3.us-east-1,gs.us-east1",SRX3126778,Illumina HiSeq 4000,nuclei genome CNV 462,KTN152_OP_8,SINGLE,RANDOM PCR,GENOMIC,Homo sapiens,ILLUMINA,2018-04-24T00:00:00Z,2017-08-24T11:35:00Z,1,KTN152_OP_8,tumor,missing,SRP114962,KTN152,postTX,
SRR5969532,missing,WGS,48,64890576,Karalinska,PRJNA396019,SAMN07553897,Human,43388774,THE UT MD ANDERSON CANCER CENTER,public,"fastq,run.zq,sra","gs,ncbi,s3","gs.us-east1,ncbi.public,s3.us-east-1",SRX3126777,Illumina HiSeq 4000,nuclei genome CNV 461,KTN152_OP_7,SINGLE,RANDOM PCR,GENOMIC,Homo sapiens,ILLUMINA,2018-04-24T00:00:00Z,2017-08-24T11:35:00Z,1,KTN152_OP_7,tumor,missing,SRP114962,KTN152,postTX,
SRR5969533,missing,WGS,48,70382784,Karalinska,PRJNA396019,SAMN07553900,Human,53113497,THE UT MD ANDERSON CANCER CENTER,public,"run.zq,sra,fastq","ncbi,gs,s3","gs.us-east1,ncbi.public,s3.us-east-1",SRX3126776,Illumina HiSeq 4000,nuclei genome CNV 464,KTN615_0_01,SINGLE,RANDOM PCR,GENOMIC,Homo sapiens,ILLUMINA,2018-04-24T00:00:00Z,2017-08-24T11:35:00Z,1,KTN615_0_01,tumor,missing,SRP114962,KTN615,preTX,
SRR5969534,missing,WGS,48,134432400,Karalinska,PRJNA396019,SAMN07553899,Human,84867932,THE UT MD ANDERSON CANCER CENTER,public,"fastq,sra,run.zq","s3,ncbi,gs","gs.us-east1,s3.us-east-1,ncbi.public",SRX3126775,Illumina HiSeq 4000,nuclei genome CNV 463,KTN152_OP_Pop,SINGLE,RANDOM PCR,GENOMIC,Homo sapiens,ILLUMINA,2018-04-24T00:00:00Z,2017-08-24T11:35:00Z,1,KTN152_OP_Pop,tumor,missing,SRP114962,KTN152,postTX,
SRR5969537,missing,WGS,48,123541872,Karalinska,PRJNA396019,SAMN07553904,Human,93327315,THE UT MD ANDERSON CANCER CENTER,public,"run.zq,sra,fastq","s3,ncbi,gs","ncbi.public,gs.us-east1,s3.us-east-1",SRX3126772,Illumina HiSeq 4000,nuclei genome CNV 468,KTN615_0_05,SINGLE,RANDOM PCR,GENOMIC,Homo sapiens,ILLUMINA,2018-04-24T00:00:00Z,2017-08-24T11:35:00Z,1,KTN615_0_05,tumor,missing,SRP114962,KTN615,preTX,
SRR5969538,missing,WGS,48,114446064,Karalinska,PRJNA396019,SAMN07553903,Human,85607148,THE UT MD ANDERSON CANCER CENTER,public,"sra,run.zq,fastq","gs,s3,ncbi","ncbi.public,gs.us-east1,s3.us-east-1",SRX3126771,Illumina HiSeq 4000,nuclei genome CNV 467,KTN615_0_04,SINGLE,RANDOM PCR,GENOMIC,Homo sapiens,ILLUMINA,2018-04-24T00:00:00Z,2017-08-24T11:35:00Z,1,KTN615_0_04,tumor,missing,SRP114962,KTN615,preTX,
SRR5969539,missing,WGS,48,97827744,Karalinska,PRJNA396019,SAMN07553906,Human,73432499,THE UT MD ANDERSON CANCER CENTER,public,"fastq,run.zq,sra","s3,gs,ncbi","gs.us-east1,ncbi.public,s3.us-east-1",SRX3126770,Illumina HiSeq 4000,nuclei genome CNV 470,KTN615_0_07,SINGLE,RANDOM PCR,GENOMIC,Homo sapiens,ILLUMINA,2018-04-24T00:00:00Z,2017-08-24T11:35:00Z,1,KTN615_0_07,tumor,missing,SRP114962,KTN615,preTX,
SRR5969540,missing,WGS,48,116027808,Karalinska,PRJNA396019,SAMN07553905,Human,88337116,THE UT MD ANDERSON CANCER CENTER,public,"run.zq,sra,fastq","s3,ncbi,gs","gs.us-east1,s3.us-east-1,ncbi.public",SRX3126769,Illumina HiSeq 4000,nuclei genome CNV 469,KTN615_0_06,SINGLE,RANDOM PCR,GENOMIC,Homo sapiens,ILLUMINA,2018-04-24T00:00:00Z,2017-08-24T11:35:00Z,1,KTN615_0_06,tumor,missing,SRP114962,KTN615,preTX,
SRR5969545,missing,WGS,48,108715056,Karalinska,PRJNA396019,SAMN07553680,Human,76779878,THE UT MD ANDERSON CANCER CENTER,public,"fastq,run.zq,sra","s3,ncbi,gs","s3.us-east-1,ncbi.public,gs.us-east1",SRX3126764,Illumina HiSeq 4000,nuclei genome CNV 244,KTN132_0_20,SINGLE,RANDOM PCR,GENOMIC,Homo sapiens,ILLUMINA,2018-04-24T00:00:00Z,2017-08-24T11:35:00Z,1,KTN132_0_20,tumor,missing,SRP114962,KTN132,preTX,
SRR5969546,missing,WGS,48,142485120,Karalinska,PRJNA396019,SAMN07553679,Human,100432262,THE UT MD ANDERSON CANCER CENTER,public,"sra,run.zq,fastq","s3,ncbi,gs","s3.us-east-1,gs.us-east1,ncbi.public",SRX3126763,Illumina HiSeq 4000,nuclei genome CNV 243,KTN132_0_1,SINGLE,RANDOM PCR,GENOMIC,Homo sapiens,ILLUMINA,2018-04-24T00:00:00Z,2017-08-24T11:36:00Z,1,KTN132_0_1,tumor,missing,SRP114962,KTN132,preTX,
SRR5969547,missing,WGS,48,119684496,Karalinska,PRJNA396019,SAMN07553682,Human,84372688,THE UT MD ANDERSON CANCER CENTER,public,"sra,fastq,run.zq","s3,gs,ncbi","gs.us-east1,s3.us-east-1,ncbi.public",SRX3126762,Illumina HiSeq 4000,nuclei genome CNV 246,KTN132_0_22,SINGLE,RANDOM PCR,GENOMIC,Homo sapiens,ILLUMINA,2018-04-24T00:00:00Z,2017-08-24T11:35:00Z,1,KTN132_0_22,tumor,missing,SRP114962,KTN132,preTX,
SRR5969548,missing,WGS,48,1503552,Karalinska,PRJNA396019,SAMN07553681,Human,1123226,THE UT MD ANDERSON CANCER CENTER,public,"sra,fastq,run.zq","ncbi,s3,gs","ncbi.public,gs.us-east1,s3.us-east-1",SRX3126761,Illumina HiSeq 4000,nuclei genome CNV 245,KTN132_0_21,SINGLE,RANDOM PCR,GENOMIC,Homo sapiens,ILLUMINA,2018-04-24T00:00:00Z,2017-08-24T11:35:00Z,1,KTN132_0_21,tumor,missing,SRP114962,KTN132,preTX,
SRR5969549,missing,WGS,48,107106336,Karalinska,PRJNA396019,SAMN07553684,Human,75343274,THE UT MD ANDERSON CANCER CENTER,public,"run.zq,fastq,sra","gs,s3,ncbi","s3.us-east-1,gs.us-east1,ncbi.public",SRX3126760,Illumina HiSeq 4000,nuclei genome CNV 248,KTN132_0_24,SINGLE,RANDOM PCR,GENOMIC,Homo sapiens,ILLUMINA,2018-04-24T00:00:00Z,2017-08-24T11:35:00Z,1,KTN132_0_24,tumor,missing,SRP114962,KTN132,preTX,
SRR5969550,missing,WGS,48,68340864,Karalinska,PRJNA396019,SAMN07553683,Human,47985789,THE UT MD ANDERSON CANCER CENTER,public,"run.zq,fastq,sra","gs,s3,ncbi","ncbi.public,s3.us-east-1,gs.us-east1",SRX3126759,Illumina HiSeq 4000,nuclei genome CNV 247,KTN132_0_23,SINGLE,RANDOM PCR,GENOMIC,Homo sapiens,ILLUMINA,2018-04-24T00:00:00Z,2017-08-24T11:35:00Z,1,KTN132_0_23,tumor,missing,SRP114962,KTN132,preTX,
SRR5969551,missing,WGS,48,116797968,Karalinska,PRJNA396019,SAMN07553926,Human,87608426,THE UT MD ANDERSON CANCER CENTER,public,"fastq,run.zq,sra","ncbi,gs,s3","s3.us-east-1,gs.us-east1,ncbi.public",SRX3126758,Illumina HiSeq 4000,nuclei genome CNV 490,KTN615_0_27,SINGLE,RANDOM PCR,GENOMIC,Homo sapiens,ILLUMINA,2018-04-24T00:00:00Z,2017-08-24T11:35:00Z,1,KTN615_0_27,tumor,missing,SRP114962,KTN615,preTX,
SRR5969552,missing,WGS,48,99597600,Karalinska,PRJNA396019,SAMN07553925,Human,75264181,THE UT MD ANDERSON CANCER CENTER,public,"sra,fastq,run.zq","ncbi,s3,gs","s3.us-east-1,ncbi.public,gs.us-east1",SRX3126757,Illumina HiSeq 4000,nuclei genome CNV 489,KTN615_0_26,SINGLE,RANDOM PCR,GENOMIC,Homo sapiens,ILLUMINA,2018-04-24T00:00:00Z,2017-08-24T11:35:00Z,1,KTN615_0_26,tumor,missing,SRP114962,KTN615,preTX,
SRR5969557,missing,WGS,48,90971472,Karalinska,PRJNA396019,SAMN07553924,Human,68693033,THE UT MD ANDERSON CANCER CENTER,public,"sra,fastq,run.zq","ncbi,gs,s3","gs.us-east1,s3.us-east-1,ncbi.public",SRX3126752,Illumina HiSeq 4000,nuclei genome CNV 488,KTN615_0_25,SINGLE,RANDOM PCR,GENOMIC,Homo sapiens,ILLUMINA,2018-04-24T00:00:00Z,2017-08-24T11:35:00Z,1,KTN615_0_25,tumor,missing,SRP114962,KTN615,preTX,
SRR5969558,missing,WGS,48,141926160,Karalinska,PRJNA396019,SAMN07553923,Human,106472076,THE UT MD ANDERSON CANCER CENTER,public,"fastq,sra,run.zq","s3,gs,ncbi","ncbi.public,s3.us-east-1,gs.us-east1",SRX3126751,Illumina HiSeq 4000,nuclei genome CNV 487,KTN615_0_24,SINGLE,RANDOM PCR,GENOMIC,Homo sapiens,ILLUMINA,2018-04-24T00:00:00Z,2017-08-24T11:36:00Z,1,KTN615_0_24,tumor,missing,SRP114962,KTN615,preTX,
SRR5969559,missing,WGS,48,150281760,Karalinska,PRJNA396019,SAMN07553922,Human,113618872,THE UT MD ANDERSON CANCER CENTER,public,"run.zq,sra,fastq","s3,ncbi,gs","ncbi.public,gs.us-east1,s3.us-east-1",SRX3126750,Illumina HiSeq 4000,nuclei genome CNV 486,KTN615_0_23,SINGLE,RANDOM PCR,GENOMIC,Homo sapiens,ILLUMINA,2018-04-24T00:00:00Z,2017-08-24T11:36:00Z,1,KTN615_0_23,tumor,missing,SRP114962,KTN615,preTX,
SRR5969560,missing,WGS,48,190204032,Karalinska,PRJNA396019,SAMN07553921,Human,143688594,THE UT MD ANDERSON CANCER CENTER,public,"run.zq,fastq,sra","gs,ncbi,s3","s3.us-east-1,ncbi.public,gs.us-east1",SRX3126749,Illumina HiSeq 4000,nuclei genome CNV 485,KTN615_0_22,SINGLE,RANDOM PCR,GENOMIC,Homo sapiens,ILLUMINA,2018-04-24T00:00:00Z,2017-08-24T11:36:00Z,1,KTN615_0_22,tumor,missing,SRP114962,KTN615,preTX,
SRR5969561,missing,WGS,48,86488176,Karalinska,PRJNA396019,SAMN07553499,Human,68460465,THE UT MD ANDERSON CANCER CENTER,public,"fastq,sra,run.zq","ncbi,gs,s3","ncbi.public,s3.us-east-1,gs.us-east1",SRX3126748,Illumina HiSeq 4000,nuclei genome CNV 63,KTN102_0_40,SINGLE,RANDOM PCR,GENOMIC,Homo sapiens,ILLUMINA,2018-04-24T00:00:00Z,2017-08-24T11:36:00Z,1,KTN102_0_40,tumor,missing,SRP114962,KTN102,preTX,
SRR5969564,missing,WGS,48,749232,Karalinska,PRJNA396019,SAMN07553774,Human,555513,THE UT MD ANDERSON CANCER CENTER,public,"fastq,run.zq,sra","s3,ncbi,gs","ncbi.public,gs.us-east1,s3.us-east-1",SRX3126745,Illumina HiSeq 4000,nuclei genome CNV 338,KTN152_0_21,SINGLE,RANDOM PCR,GENOMIC,Homo sapiens,ILLUMINA,2018-04-24T00:00:00Z,2017-08-24T11:35:00Z,1,KTN152_0_21,tumor,missing,SRP114962,KTN152,preTX,
SRR5969565,missing,WGS,48,103667904,Karalinska,PRJNA396019,SAMN07553773,Human,70099206,THE UT MD ANDERSON CANCER CENTER,public,"sra,run.zq,fastq","s3,gs,ncbi","s3.us-east-1,ncbi.public,gs.us-east1",SRX3126744,Illumina HiSeq 4000,nuclei genome CNV 337,KTN152_0_20,SINGLE,RANDOM PCR,GENOMIC,Homo sapiens,ILLUMINA,2018-04-24T00:00:00Z,2017-08-24T11:36:00Z,1,KTN152_0_20,tumor,missing,SRP114962,KTN152,preTX,
SRR5969566,missing,WGS,48,310416,Karalinska,PRJNA396019,SAMN07553768,Human,251068,THE UT MD ANDERSON CANCER CENTER,public,"run.zq,fastq,sra","gs,s3,ncbi","gs.us-east1,s3.us-east-1,ncbi.public",SRX3126743,Illumina HiSeq 4000,nuclei genome CNV 332,KTN152_0_16,SINGLE,RANDOM PCR,GENOMIC,Homo sapiens,ILLUMINA,2018-04-24T00:00:00Z,2017-08-24T11:35:00Z,1,KTN152_0_16,tumor,missing,SRP114962,KTN152,preTX,
SRR5969567,missing,WGS,48,84784800,Karalinska,PRJNA396019,SAMN07553767,Human,57393333,THE UT MD ANDERSON CANCER CENTER,public,"run.zq,sra,fastq","ncbi,gs,s3","s3.us-east-1,ncbi.public,gs.us-east1",SRX3126742,Illumina HiSeq 4000,nuclei genome CNV 331,KTN152_0_15,SINGLE,RANDOM PCR,GENOMIC,Homo sapiens,ILLUMINA,2018-04-24T00:00:00Z,2017-08-24T11:36:00Z,1,KTN152_0_15,tumor,missing,SRP114962,KTN152,preTX,
SRR5969568,missing,WGS,48,84582480,Karalinska,PRJNA396019,SAMN07553770,Human,57138310,THE UT MD ANDERSON CANCER CENTER,public,"run.zq,sra,fastq","gs,s3,ncbi","s3.us-east-1,ncbi.public,gs.us-east1",SRX3126741,Illumina HiSeq 4000,nuclei genome CNV 334,KTN152_0_18,SINGLE,RANDOM PCR,GENOMIC,Homo sapiens,ILLUMINA,2018-04-24T00:00:00Z,2017-08-24T11:36:00Z,1,KTN152_0_18,tumor,missing,SRP114962,KTN152,preTX,
SRR5969569,missing,WGS,48,85044672,Karalinska,PRJNA396019,SAMN07553769,Human,57222829,THE UT MD ANDERSON CANCER CENTER,public,"sra,run.zq,fastq","ncbi,s3,gs","gs.us-east1,s3.us-east-1,ncbi.public",SRX3126740,Illumina HiSeq 4000,nuclei genome CNV 333,KTN152_0_17,SINGLE,RANDOM PCR,GENOMIC,Homo sapiens,ILLUMINA,2018-04-24T00:00:00Z,2017-08-24T11:36:00Z,1,KTN152_0_17,tumor,missing,SRP114962,KTN152,preTX,
SRR5969570,missing,WGS,48,102083136,Karalinska,PRJNA396019,SAMN07553671,Human,71641966,THE UT MD ANDERSON CANCER CENTER,public,"fastq,sra,run.zq","ncbi,gs,s3","ncbi.public,s3.us-east-1,gs.us-east1",SRX3126739,Illumina HiSeq 4000,nuclei genome CNV 235,KTN132_0_12,SINGLE,RANDOM PCR,GENOMIC,Homo sapiens,ILLUMINA,2018-04-24T00:00:00Z,2017-08-24T11:36:00Z,1,KTN132_0_12,tumor,missing,SRP114962,KTN132,preTX,
SRR5969573,missing,WGS,48,119327376,Karalinska,PRJNA396019,SAMN07553674,Human,84050742,THE UT MD ANDERSON CANCER CENTER,public,"sra,fastq,run.zq","s3,ncbi,gs","ncbi.public,gs.us-east1,s3.us-east-1",SRX3126736,Illumina HiSeq 4000,nuclei genome CNV 238,KTN132_0_15,SINGLE,RANDOM PCR,GENOMIC,Homo sapiens,ILLUMINA,2018-04-24T00:00:00Z,2017-08-24T11:36:00Z,1,KTN132_0_15,tumor,missing,SRP114962,KTN132,preTX,
SRR5969574,missing,WGS,48,81155952,Karalinska,PRJNA396019,SAMN07553776,Human,54688531,THE UT MD ANDERSON CANCER CENTER,public,"fastq,sra,run.zq","gs,ncbi,s3","s3.us-east-1,gs.us-east1,ncbi.public",SRX3126735,Illumina HiSeq 4000,nuclei genome CNV 340,KTN152_0_24,SINGLE,RANDOM PCR,GENOMIC,Homo sapiens,ILLUMINA,2018-04-24T00:00:00Z,2017-08-24T11:36:00Z,1,KTN152_0_24,tumor,missing,SRP114962,KTN152,preTX,
SRR5969575,missing,WGS,48,23214192,Karalinska,PRJNA396019,SAMN07553775,Human,15657024,THE UT MD ANDERSON CANCER CENTER,public,"run.zq,sra,fastq","s3,gs,ncbi","s3.us-east-1,ncbi.public,gs.us-east1",SRX3126734,Illumina HiSeq 4000,nuclei genome CNV 339,KTN152_0_23,SINGLE,RANDOM PCR,GENOMIC,Homo sapiens,ILLUMINA,2018-04-24T00:00:00Z,2017-08-24T11:36:00Z,1,KTN152_0_23,tumor,missing,SRP114962,KTN152,preTX,
SRR5969576,missing,WGS,48,147499152,Karalinska,PRJNA396019,SAMN07553669,Human,104097273,THE UT MD ANDERSON CANCER CENTER,public,"sra,fastq,run.zq","gs,ncbi,s3","s3.us-east-1,gs.us-east1,ncbi.public",SRX3126733,Illumina HiSeq 4000,nuclei genome CNV 233,KTN132_0_10,SINGLE,RANDOM PCR,GENOMIC,Homo sapiens,ILLUMINA,2018-04-24T00:00:00Z,2017-08-24T11:36:00Z,1,KTN132_0_10,tumor,missing,SRP114962,KTN132,preTX,
SRR5969577,missing,WGS,48,134218368,Karalinska,PRJNA396019,SAMN07553670,Human,94615861,THE UT MD ANDERSON CANCER CENTER,public,"sra,fastq,run.zq","ncbi,gs,s3","s3.us-east-1,ncbi.public,gs.us-east1",SRX3126732,Illumina HiSeq 4000,nuclei genome CNV 234,KTN132_0_11,SINGLE,RANDOM PCR,GENOMIC,Homo sapiens,ILLUMINA,2018-04-24T00:00:00Z,2017-08-24T11:36:00Z,1,KTN132_0_11,tumor,missing,SRP114962,KTN132,preTX,
SRR5969578,missing,WGS,48,171457296,Karalinska,PRJNA396019,SAMN07553496,Human,129852616,THE UT MD ANDERSON CANCER CENTER,public,"sra,fastq,run.zq","s3,gs,ncbi","ncbi.public,gs.us-east1,s3.us-east-1",SRX3126731,Illumina HiSeq 4000,nuclei genome CNV 60,KTN102_0_39,SINGLE,RANDOM PCR,GENOMIC,Homo sapiens,ILLUMINA,2018-04-24T00:00:00Z,2017-08-24T11:36:00Z,1,KTN102_0_39,tumor,missing,SRP114962,KTN102,preTX,
SRR5969579,missing,WGS,94,359476808,Karalinska,PRJNA396019,SAMN07553495,Human,84212839,THE UT MD ANDERSON CANCER CENTER,public,"bam,run.zq,sra","s3,gs,ncbi","ncbi.public,gs.us-east1,s3.us-east-1",SRX3126730,Illumina HiSeq 4000,nuclei genome CNV 59,KTN102_0_39_B2,SINGLE,RANDOM PCR,GENOMIC,Homo sapiens,ILLUMINA,2018-04-24T00:00:00Z,2017-08-24T11:37:00Z,1,KTN102_0_39_B2,tumor,missing,SRP114962,KTN102,preTX,GCA_000001405.13
SRR5969580,missing,WGS,48,91820208,Karalinska,PRJNA396019,SAMN07553819,Human,64729943,THE UT MD ANDERSON CANCER CENTER,public,"sra,run.zq,fastq","gs,ncbi,s3","s3.us-east-1,ncbi.public,gs.us-east1",SRX3126729,Illumina HiSeq 4000,nuclei genome CNV 383,KTN152_2_1,SINGLE,RANDOM PCR,GENOMIC,Homo sapiens,ILLUMINA,2018-04-24T00:00:00Z,2017-08-24T11:36:00Z,1,KTN152_2_1,tumor,missing,SRP114962,KTN152,midTX,
SRR5969584,missing,WGS,48,121551648,Karalinska,PRJNA396019,SAMN07553494,Human,93541660,THE UT MD ANDERSON CANCER CENTER,public,"run.zq,fastq,sra","ncbi,s3,gs","ncbi.public,gs.us-east1,s3.us-east-1",SRX3126725,Illumina HiSeq 4000,nuclei genome CNV 58,KTN102_0_38,SINGLE,RANDOM PCR,GENOMIC,Homo sapiens,ILLUMINA,2018-04-24T00:00:00Z,2017-08-24T11:36:00Z,1,KTN102_0_38,tumor,missing,SRP114962,KTN102,preTX,
SRR5969585,missing,WGS,96,431627864,Karalinska,PRJNA396019,SAMN07553493,Human,98723645,THE UT MD ANDERSON CANCER CENTER,public,"run.zq,sra,bam","gs,ncbi,s3","ncbi.public,gs.us-east1,s3.us-east-1",SRX3126724,Illumina HiSeq 4000,nuclei genome CNV 57,KTN102_0_38_B2,SINGLE,RANDOM PCR,GENOMIC,Homo sapiens,ILLUMINA,2018-04-24T00:00:00Z,2017-08-24T11:37:00Z,1,KTN102_0_38_B2,tumor,missing,SRP114962,KTN102,preTX,GCA_000001405.13
SRR5969586,missing,WGS,48,149291808,Karalinska,PRJNA396019,SAMN07553705,Human,104752226,THE UT MD ANDERSON CANCER CENTER,public,"sra,fastq,run.zq","s3,ncbi,gs","s3.us-east-1,ncbi.public,gs.us-east1",SRX3126723,Illumina HiSeq 4000,nuclei genome CNV 269,KTN132_0_46,SINGLE,RANDOM PCR,GENOMIC,Homo sapiens,ILLUMINA,2018-04-24T00:00:00Z,2017-08-24T11:36:00Z,1,KTN132_0_46,tumor,missing,SRP114962,KTN132,preTX,
SRR5969587,missing,WGS,106,113239392,Karalinska,PRJNA396019,SAMN07553491,Human,28645380,THE UT MD ANDERSON CANCER CENTER,public,"bam,sra,run.zq","gs,s3,ncbi","gs.us-east1,ncbi.public,s3.us-east-1",SRX3126722,Illumina HiSeq 4000,nuclei genome CNV 55,KTN102_0_37_B2,SINGLE,RANDOM PCR,GENOMIC,Homo sapiens,ILLUMINA,2018-04-24T00:00:00Z,2017-08-24T11:37:00Z,1,KTN102_0_37_B2,tumor,missing,SRP114962,KTN102,preTX,GCA_000001405.13
SRR5969588,missing,WGS,93,325923112,Karalinska,PRJNA396019,SAMN07553519,Human,78228955,THE UT MD ANDERSON CANCER CENTER,public,"bam,run.zq,sra","s3,gs,ncbi","s3.us-east-1,ncbi.public,gs.us-east1",SRX3126721,Illumina HiSeq 4000,nuclei genome CNV 83,KTN102_0_6_B2,SINGLE,RANDOM PCR,GENOMIC,Homo sapiens,ILLUMINA,2018-04-24T00:00:00Z,2017-08-24T11:37:00Z,1,KTN102_0_6_B2,tumor,missing,SRP114962,KTN102,preTX,GCA_000001405.13
SRR5969589,missing,WGS,48,128298288,Karalinska,PRJNA396019,SAMN07553700,Human,90090865,THE UT MD ANDERSON CANCER CENTER,public,"run.zq,fastq,sra","ncbi,gs,s3","gs.us-east1,s3.us-east-1,ncbi.public",SRX3126720,Illumina HiSeq 4000,nuclei genome CNV 264,KTN132_0_41,SINGLE,RANDOM PCR,GENOMIC,Homo sapiens,ILLUMINA,2018-04-24T00:00:00Z,2017-08-24T11:36:00Z,1,KTN132_0_41,tumor,missing,SRP114962,KTN132,preTX,
SRR5969592,missing,WGS,95,293896864,Karalinska,PRJNA396019,SAMN07553555,Human,66333733,THE UT MD ANDERSON CANCER CENTER,public,"sra,run.zq,bam","s3,ncbi,gs","s3.us-east-1,ncbi.public,gs.us-east1",SRX3126717,Illumina HiSeq 4000,nuclei genome CNV 119,KTN102_2_19_B2,SINGLE,RANDOM PCR,GENOMIC,Homo sapiens,ILLUMINA,2018-04-24T00:00:00Z,2017-08-24T11:37:00Z,1,KTN102_2_19_B2,tumor,missing,SRP114962,KTN102,midTX,GCA_000001405.13
SRR5969593,missing,WGS,48,144554064,Karalinska,PRJNA396019,SAMN07553552,Human,109281481,THE UT MD ANDERSON CANCER CENTER,public,"sra,fastq,run.zq","gs,ncbi,s3","ncbi.public,gs.us-east1,s3.us-east-1",SRX3126716,Illumina HiSeq 4000,nuclei genome CNV 116,KTN102_2_17,SINGLE,RANDOM PCR,GENOMIC,Homo sapiens,ILLUMINA,2018-04-24T00:00:00Z,2017-08-24T11:36:00Z,1,KTN102_2_17,tumor,missing,SRP114962,KTN102,midTX,
SRR5969594,missing,WGS,93,303996200,Karalinska,PRJNA396019,SAMN07553551,Human,68203893,THE UT MD ANDERSON CANCER CENTER,public,"bam,sra,run.zq","s3,gs,ncbi","gs.us-east1,s3.us-east-1,ncbi.public",SRX3126715,Illumina HiSeq 4000,nuclei genome CNV 115,KTN102_2_17_B2,SINGLE,RANDOM PCR,GENOMIC,Homo sapiens,ILLUMINA,2018-04-24T00:00:00Z,2017-08-24T11:37:00Z,1,KTN102_2_17_B2,tumor,missing,SRP114962,KTN102,midTX,GCA_000001405.13
SRR5969597,missing,WGS,48,110076432,Karalinska,PRJNA396019,SAMN07553548,Human,84171785,THE UT MD ANDERSON CANCER CENTER,public,"fastq,run.zq,sra","gs,ncbi,s3","s3.us-east-1,ncbi.public,gs.us-east1",SRX3126712,Illumina HiSeq 4000,nuclei genome CNV 112,KTN102_2_15,SINGLE,RANDOM PCR,GENOMIC,Homo sapiens,ILLUMINA,2018-04-24T00:00:00Z,2017-08-24T11:36:00Z,1,KTN102_2_15,tumor,missing,SRP114962,KTN102,midTX,
SRR5969598,missing,WGS,94,293627216,Karalinska,PRJNA396019,SAMN07553547,Human,64486120,THE UT MD ANDERSON CANCER CENTER,public,"bam,run.zq,sra","gs,s3,ncbi","ncbi.public,gs.us-east1,s3.us-east-1",SRX3126711,Illumina HiSeq 4000,nuclei genome CNV 111,KTN102_2_15_B2,SINGLE,RANDOM PCR,GENOMIC,Homo sapiens,ILLUMINA,2018-04-24T00:00:00Z,2017-08-24T11:37:00Z,1,KTN102_2_15_B2,tumor,missing,SRP114962,KTN102,midTX,GCA_000001405.13
SRR5969599,missing,WGS,48,134291520,Karalinska,PRJNA396019,SAMN07553550,Human,101099906,THE UT MD ANDERSON CANCER CENTER,public,"sra,fastq,run.zq","gs,ncbi,s3","s3.us-east-1,ncbi.public,gs.us-east1",SRX3126710,Illumina HiSeq 4000,nuclei genome CNV 114,KTN102_2_16,SINGLE,RANDOM PCR,GENOMIC,Homo sapiens,ILLUMINA,2018-04-24T00:00:00Z,2017-08-24T11:36:00Z,1,KTN102_2_16,tumor,missing,SRP114962,KTN102,midTX,
SRR5969603,missing,WGS,48,97874016,Karalinska,PRJNA396019,SAMN07553887,Human,65443520,THE UT MD ANDERSON CANCER CENTER,public,"fastq,run.zq,sra","ncbi,gs,s3","gs.us-east1,s3.us-east-1,ncbi.public",SRX3126706,Illumina HiSeq 4000,nuclei genome CNV 451,KTN152_OP_41,SINGLE,RANDOM PCR,GENOMIC,Homo sapiens,ILLUMINA,2018-04-24T00:00:00Z,2017-08-24T11:37:00Z,1,KTN152_OP_41,tumor,missing,SRP114962,KTN152,postTX,
SRR5969610,missing,WGS,48,88148304,Karalinska,PRJNA396019,SAMN07553894,Human,58604899,THE UT MD ANDERSON CANCER CENTER,public,"run.zq,sra,fastq","ncbi,s3,gs","gs.us-east1,ncbi.public,s3.us-east-1",SRX3126699,Illumina HiSeq 4000,nuclei genome CNV 458,KTN152_OP_4,SINGLE,RANDOM PCR,GENOMIC,Homo sapiens,ILLUMINA,2018-04-24T00:00:00Z,2017-08-24T11:36:00Z,1,KTN152_OP_4,tumor,missing,SRP114962,KTN152,postTX,
SRR5969611,missing,WGS,48,99186432,Karalinska,PRJNA396019,SAMN07553816,Human,69961841,THE UT MD ANDERSON CANCER CENTER,public,"run.zq,sra,fastq","gs,ncbi,s3","s3.us-east-1,gs.us-east1,ncbi.public",SRX3126698,Illumina HiSeq 4000,nuclei genome CNV 380,KTN152_2_17,SINGLE,RANDOM PCR,GENOMIC,Homo sapiens,ILLUMINA,2018-04-24T00:00:00Z,2017-08-24T11:36:00Z,1,KTN152_2_17,tumor,missing,SRP114962,KTN152,midTX,
SRR5969612,missing,WGS,48,84634416,Karalinska,PRJNA396019,SAMN07553815,Human,59497513,THE UT MD ANDERSON CANCER CENTER,public,"fastq,sra,run.zq","ncbi,gs,s3","s3.us-east-1,gs.us-east1,ncbi.public",SRX3126697,Illumina HiSeq 4000,nuclei genome CNV 379,KTN152_2_16,SINGLE,RANDOM PCR,GENOMIC,Homo sapiens,ILLUMINA,2018-04-24T00:00:00Z,2017-08-24T11:36:00Z,1,KTN152_2_16,tumor,missing,SRP114962,KTN152,midTX,
SRR5969614,missing,WGS,48,75887856,Karalinska,PRJNA396019,SAMN07553807,Human,51495318,THE UT MD ANDERSON CANCER CENTER,public,"fastq,run.zq,sra","gs,ncbi,s3","ncbi.public,s3.us-east-1,gs.us-east1",SRX3126695,Illumina HiSeq 4000,nuclei genome CNV 371,KTN152_0_9,SINGLE,RANDOM PCR,GENOMIC,Homo sapiens,ILLUMINA,2018-04-24T00:00:00Z,2017-08-24T11:36:00Z,1,KTN152_0_9,tumor,missing,SRP114962,KTN152,preTX,
SRR5969615,missing,WGS,48,84476160,Karalinska,PRJNA396019,SAMN07553810,Human,59629409,THE UT MD ANDERSON CANCER CENTER,public,"sra,run.zq,fastq","gs,ncbi,s3","gs.us-east1,s3.us-east-1,ncbi.public",SRX3126694,Illumina HiSeq 4000,nuclei genome CNV 374,KTN152_2_11,SINGLE,RANDOM PCR,GENOMIC,Homo sapiens,ILLUMINA,2018-04-24T00:00:00Z,2017-08-24T11:36:00Z,1,KTN152_2_11,tumor,missing,SRP114962,KTN152,midTX,
SRR5969616,missing,WGS,48,69329136,Karalinska,PRJNA396019,SAMN07553809,Human,48956462,THE UT MD ANDERSON CANCER CENTER,public,"fastq,sra,run.zq","ncbi,s3,gs","gs.us-east1,ncbi.public,s3.us-east-1",SRX3126693,Illumina HiSeq 4000,nuclei genome CNV 373,KTN152_2_10,SINGLE,RANDOM PCR,GENOMIC,Homo sapiens,ILLUMINA,2018-04-24T00:00:00Z,2017-08-24T11:36:00Z,1,KTN152_2_10,tumor,missing,SRP114962,KTN152,midTX,
SRR5969617,missing,WGS,48,103952160,Karalinska,PRJNA396019,SAMN07553812,Human,73244920,THE UT MD ANDERSON CANCER CENTER,public,"sra,run.zq,fastq","ncbi,s3,gs","gs.us-east1,ncbi.public,s3.us-east-1",SRX3126692,Illumina HiSeq 4000,nuclei genome CNV 376,KTN152_2_13,SINGLE,RANDOM PCR,GENOMIC,Homo sapiens,ILLUMINA,2018-04-24T00:00:00Z,2017-08-24T11:36:00Z,1,KTN152_2_13,tumor,missing,SRP114962,KTN152,midTX,
SRR5969618,missing,WGS,48,80818320,Karalinska,PRJNA396019,SAMN07553811,Human,56874127,THE UT MD ANDERSON CANCER CENTER,public,"fastq,sra,run.zq","ncbi,s3,gs","s3.us-east-1,ncbi.public,gs.us-east1",SRX3126691,Illumina HiSeq 4000,nuclei genome CNV 375,KTN152_2_12,SINGLE,RANDOM PCR,GENOMIC,Homo sapiens,ILLUMINA,2018-04-24T00:00:00Z,2017-08-24T11:36:00Z,1,KTN152_2_12,tumor,missing,SRP114962,KTN152,midTX,
SRR5969619,missing,WGS,48,102169344,Karalinska,PRJNA396019,SAMN07553814,Human,72126878,THE UT MD ANDERSON CANCER CENTER,public,"fastq,sra,run.zq","ncbi,gs,s3","s3.us-east-1,gs.us-east1,ncbi.public",SRX3126690,Illumina HiSeq 4000,nuclei genome CNV 378,KTN152_2_15,SINGLE,RANDOM PCR,GENOMIC,Homo sapiens,ILLUMINA,2018-04-24T00:00:00Z,2017-08-24T11:36:00Z,1,KTN152_2_15,tumor,missing,SRP114962,KTN152,midTX,
SRR5969620,missing,WGS,48,62538960,Karalinska,PRJNA396019,SAMN07553813,Human,44186993,THE UT MD ANDERSON CANCER CENTER,public,"run.zq,sra,fastq","ncbi,s3,gs","ncbi.public,s3.us-east-1,gs.us-east1",SRX3126689,Illumina HiSeq 4000,nuclei genome CNV 377,KTN152_2_14,SINGLE,RANDOM PCR,GENOMIC,Homo sapiens,ILLUMINA,2018-04-24T00:00:00Z,2017-08-24T11:36:00Z,1,KTN152_2_14,tumor,missing,SRP114962,KTN152,midTX,
SRR5969621,missing,WGS,48,132193632,Karalinska,PRJNA396019,SAMN07553707,Human,92943478,THE UT MD ANDERSON CANCER CENTER,public,"run.zq,fastq,sra","gs,ncbi,s3","ncbi.public,s3.us-east-1,gs.us-east1",SRX3126688,Illumina HiSeq 4000,nuclei genome CNV 271,KTN132_0_48,SINGLE,RANDOM PCR,GENOMIC,Homo sapiens,ILLUMINA,2018-04-24T00:00:00Z,2017-08-24T11:36:00Z,1,KTN132_0_48,tumor,missing,SRP114962,KTN132,preTX,
SRR5969622,missing,WGS,48,122346384,Karalinska,PRJNA396019,SAMN07553708,Human,86127675,THE UT MD ANDERSON CANCER CENTER,public,"fastq,sra,run.zq","s3,gs,ncbi","gs.us-east1,s3.us-east-1,ncbi.public",SRX3126687,Illumina HiSeq 4000,nuclei genome CNV 272,KTN132_0_4,SINGLE,RANDOM PCR,GENOMIC,Homo sapiens,ILLUMINA,2018-04-24T00:00:00Z,2017-08-24T11:36:00Z,1,KTN132_0_4,tumor,missing,SRP114962,KTN132,preTX,
SRR5969623,missing,WGS,48,157685952,Karalinska,PRJNA396019,SAMN07553709,Human,111086407,THE UT MD ANDERSON CANCER CENTER,public,"run.zq,fastq,sra","s3,ncbi,gs","gs.us-east1,ncbi.public,s3.us-east-1",SRX3126686,Illumina HiSeq 4000,nuclei genome CNV 273,KTN132_0_5,SINGLE,RANDOM PCR,GENOMIC,Homo sapiens,ILLUMINA,2018-04-24T00:00:00Z,2017-08-24T11:37:00Z,1,KTN132_0_5,tumor,missing,SRP114962,KTN132,preTX,
SRR5969624,missing,WGS,48,138262560,Karalinska,PRJNA396019,SAMN07553710,Human,97857654,THE UT MD ANDERSON CANCER CENTER,public,"sra,fastq,run.zq","ncbi,gs,s3","s3.us-east-1,gs.us-east1,ncbi.public",SRX3126685,Illumina HiSeq 4000,nuclei genome CNV 274,KTN132_0_6,SINGLE,RANDOM PCR,GENOMIC,Homo sapiens,ILLUMINA,2018-04-24T00:00:00Z,2017-08-24T11:36:00Z,1,KTN132_0_6,tumor,missing,SRP114962,KTN132,preTX,
SRR5969625,missing,WGS,48,128537904,Karalinska,PRJNA396019,SAMN07553711,Human,90265364,THE UT MD ANDERSON CANCER CENTER,public,"fastq,run.zq,sra","ncbi,gs,s3","gs.us-east1,s3.us-east-1,ncbi.public",SRX3126684,Illumina HiSeq 4000,nuclei genome CNV 275,KTN132_0_7,SINGLE,RANDOM PCR,GENOMIC,Homo sapiens,ILLUMINA,2018-04-24T00:00:00Z,2017-08-24T11:36:00Z,1,KTN132_0_7,tumor,missing,SRP114962,KTN132,preTX,
SRR5969626,missing,WGS,48,144175968,Karalinska,PRJNA396019,SAMN07553712,Human,101338347,THE UT MD ANDERSON CANCER CENTER,public,"run.zq,fastq,sra","s3,gs,ncbi","ncbi.public,gs.us-east1,s3.us-east-1",SRX3126683,Illumina HiSeq 4000,nuclei genome CNV 276,KTN132_0_8,SINGLE,RANDOM PCR,GENOMIC,Homo sapiens,ILLUMINA,2018-04-24T00:00:00Z,2017-08-24T11:37:00Z,1,KTN132_0_8,tumor,missing,SRP114962,KTN132,preTX,
SRR5969644,missing,WGS,48,98409840,Karalinska,PRJNA396019,SAMN07553746,Human,69442041,THE UT MD ANDERSON CANCER CENTER,public,"sra,fastq,run.zq","gs,ncbi,s3","ncbi.public,gs.us-east1,s3.us-east-1",SRX3126665,Illumina HiSeq 4000,nuclei genome CNV 310,KTN132_2_82,SINGLE,RANDOM PCR,GENOMIC,Homo sapiens,ILLUMINA,2018-04-24T00:00:00Z,2017-08-24T11:37:00Z,1,KTN132_2_82,tumor,missing,SRP114962,KTN132,midTX,
SRR5969645,missing,WGS,48,130088064,Karalinska,PRJNA396019,SAMN07553741,Human,91845963,THE UT MD ANDERSON CANCER CENTER,public,"run.zq,sra,fastq","gs,ncbi,s3","ncbi.public,s3.us-east-1,gs.us-east1",SRX3126664,Illumina HiSeq 4000,nuclei genome CNV 305,KTN132_2_77,SINGLE,RANDOM PCR,GENOMIC,Homo sapiens,ILLUMINA,2018-04-24T00:00:00Z,2017-08-24T11:37:00Z,1,KTN132_2_77,tumor,missing,SRP114962,KTN132,midTX,
SRR5969646,missing,WGS,48,121038240,Karalinska,PRJNA396019,SAMN07553742,Human,85575254,THE UT MD ANDERSON CANCER CENTER,public,"run.zq,fastq,sra","s3,ncbi,gs","ncbi.public,s3.us-east-1,gs.us-east1",SRX3126663,Illumina HiSeq 4000,nuclei genome CNV 306,KTN132_2_78,SINGLE,RANDOM PCR,GENOMIC,Homo sapiens,ILLUMINA,2018-04-24T00:00:00Z,2017-08-24T11:37:00Z,1,KTN132_2_78,tumor,missing,SRP114962,KTN132,midTX,
SRR5969647,missing,WGS,48,117351264,Karalinska,PRJNA396019,SAMN07553743,Human,83023382,THE UT MD ANDERSON CANCER CENTER,public,"run.zq,sra,fastq","s3,ncbi,gs","ncbi.public,s3.us-east-1,gs.us-east1",SRX3126662,Illumina HiSeq 4000,nuclei genome CNV 307,KTN132_2_79,SINGLE,RANDOM PCR,GENOMIC,Homo sapiens,ILLUMINA,2018-04-24T00:00:00Z,2017-08-24T11:37:00Z,1,KTN132_2_79,tumor,missing,SRP114962,KTN132,midTX,
SRR5969648,missing,WGS,48,133516032,Karalinska,PRJNA396019,SAMN07553744,Human,94136706,THE UT MD ANDERSON CANCER CENTER,public,"fastq,run.zq,sra","s3,gs,ncbi","s3.us-east-1,gs.us-east1,ncbi.public",SRX3126661,Illumina HiSeq 4000,nuclei genome CNV 308,KTN132_2_80,SINGLE,RANDOM PCR,GENOMIC,Homo sapiens,ILLUMINA,2018-04-24T00:00:00Z,2017-08-24T11:37:00Z,1,KTN132_2_80,tumor,missing,SRP114962,KTN132,midTX,
SRR5969649,missing,WGS,48,136756560,Karalinska,PRJNA396019,SAMN07553737,Human,96606598,THE UT MD ANDERSON CANCER CENTER,public,"sra,fastq,run.zq","s3,ncbi,gs","s3.us-east-1,ncbi.public,gs.us-east1",SRX3126660,Illumina HiSeq 4000,nuclei genome CNV 301,KTN132_2_73,SINGLE,RANDOM PCR,GENOMIC,Homo sapiens,ILLUMINA,2018-04-24T00:00:00Z,2017-08-24T11:37:00Z,1,KTN132_2_73,tumor,missing,SRP114962,KTN132,midTX,
SRR5969650,missing,WGS,48,154850304,Karalinska,PRJNA396019,SAMN07553738,Human,109614366,THE UT MD ANDERSON CANCER CENTER,public,"run.zq,sra,fastq","gs,ncbi,s3","ncbi.public,s3.us-east-1,gs.us-east1",SRX3126659,Illumina HiSeq 4000,nuclei genome CNV 302,KTN132_2_74,SINGLE,RANDOM PCR,GENOMIC,Homo sapiens,ILLUMINA,2018-04-24T00:00:00Z,2017-08-24T11:37:00Z,1,KTN132_2_74,tumor,missing,SRP114962,KTN132,midTX,
SRR5969651,missing,WGS,48,138388320,Karalinska,PRJNA396019,SAMN07553739,Human,97577579,THE UT MD ANDERSON CANCER CENTER,public,"run.zq,sra,fastq","ncbi,gs,s3","gs.us-east1,ncbi.public,s3.us-east-1",SRX3126658,Illumina HiSeq 4000,nuclei genome CNV 303,KTN132_2_75,SINGLE,RANDOM PCR,GENOMIC,Homo sapiens,ILLUMINA,2018-04-24T00:00:00Z,2017-08-24T11:37:00Z,1,KTN132_2_75,tumor,missing,SRP114962,KTN132,midTX,
SRR5969652,missing,WGS,48,99934464,Karalinska,PRJNA396019,SAMN07553740,Human,70595681,THE UT MD ANDERSON CANCER CENTER,public,"sra,run.zq,fastq","ncbi,s3,gs","s3.us-east-1,ncbi.public,gs.us-east1",SRX3126657,Illumina HiSeq 4000,nuclei genome CNV 304,KTN132_2_76,SINGLE,RANDOM PCR,GENOMIC,Homo sapiens,ILLUMINA,2018-04-24T00:00:00Z,2017-08-24T11:37:00Z,1,KTN132_2_76,tumor,missing,SRP114962,KTN132,midTX,
SRR5969653,missing,WGS,91,375341884,Karalinska,PRJNA396019,SAMN07553588,Human,87399386,THE UT MD ANDERSON CANCER CENTER,public,"sra,bam,run.zq","s3,gs,ncbi","s3.us-east-1,ncbi.public,gs.us-east1",SRX3126656,Illumina HiSeq 4000,nuclei genome CNV 152,KTN102_2_36_B2,SINGLE,RANDOM PCR,GENOMIC,Homo sapiens,ILLUMINA,2018-04-24T00:00:00Z,2017-08-24T11:38:00Z,1,KTN102_2_36_B2,tumor,missing,SRP114962,KTN102,midTX,GCA_000001405.13
SRR5969654,missing,WGS,48,110011920,Karalinska,PRJNA396019,SAMN07553587,Human,83981288,THE UT MD ANDERSON CANCER CENTER,public,"run.zq,sra,fastq","gs,s3,ncbi","gs.us-east1,ncbi.public,s3.us-east-1",SRX3126655,Illumina HiSeq 4000,nuclei genome CNV 151,KTN102_2_35,SINGLE,RANDOM PCR,GENOMIC,Homo sapiens,ILLUMINA,2018-04-24T00:00:00Z,2017-08-24T11:37:00Z,1,KTN102_2_35,tumor,missing,SRP114962,KTN102,midTX,
SRR5969655,missing,WGS,48,110430240,Karalinska,PRJNA396019,SAMN07553838,Human,77613878,THE UT MD ANDERSON CANCER CENTER,public,"sra,fastq,run.zq","ncbi,gs,s3","ncbi.public,s3.us-east-1,gs.us-east1",SRX3126654,Illumina HiSeq 4000,nuclei genome CNV 402,KTN152_2_37,SINGLE,RANDOM PCR,GENOMIC,Homo sapiens,ILLUMINA,2018-04-24T00:00:00Z,2017-08-24T11:37:00Z,1,KTN152_2_37,tumor,missing,SRP114962,KTN152,midTX,
SRR5969656,missing,WGS,48,112411056,Karalinska,PRJNA396019,SAMN07553589,Human,86011133,THE UT MD ANDERSON CANCER CENTER,public,"sra,fastq,run.zq","gs,s3,ncbi","ncbi.public,gs.us-east1,s3.us-east-1",SRX3126653,Illumina HiSeq 4000,nuclei genome CNV 153,KTN102_2_36,SINGLE,RANDOM PCR,GENOMIC,Homo sapiens,ILLUMINA,2018-04-24T00:00:00Z,2017-08-24T11:37:00Z,1,KTN102_2_36,tumor,missing,SRP114962,KTN102,midTX,
SRR5969657,missing,WGS,94,331805512,Karalinska,PRJNA396019,SAMN07553592,Human,72665445,THE UT MD ANDERSON CANCER CENTER,public,"sra,bam,run.zq","gs,s3,ncbi","s3.us-east-1,ncbi.public,gs.us-east1",SRX3126652,Illumina HiSeq 4000,nuclei genome CNV 156,KTN102_2_38_B2,SINGLE,RANDOM PCR,GENOMIC,Homo sapiens,ILLUMINA,2018-04-24T00:00:00Z,2017-08-24T11:38:00Z,1,KTN102_2_38_B2,tumor,missing,SRP114962,KTN102,midTX,GCA_000001405.13
SRR5969658,missing,WGS,48,109925568,Karalinska,PRJNA396019,SAMN07553591,Human,87213563,THE UT MD ANDERSON CANCER CENTER,public,"fastq,sra,run.zq","s3,gs,ncbi","s3.us-east-1,ncbi.public,gs.us-east1",SRX3126651,Illumina HiSeq 4000,nuclei genome CNV 155,KTN102_2_37,SINGLE,RANDOM PCR,GENOMIC,Homo sapiens,ILLUMINA,2018-04-24T00:00:00Z,2017-08-24T11:37:00Z,1,KTN102_2_37,tumor,missing,SRP114962,KTN102,midTX,
SRR5969659,missing,WGS,48,162629952,Karalinska,PRJNA396019,SAMN07553842,Human,114400605,THE UT MD ANDERSON CANCER CENTER,public,"fastq,sra,run.zq","ncbi,gs,s3","s3.us-east-1,ncbi.public,gs.us-east1",SRX3126650,Illumina HiSeq 4000,nuclei genome CNV 406,KTN152_2_41,SINGLE,RANDOM PCR,GENOMIC,Homo sapiens,ILLUMINA,2018-04-24T00:00:00Z,2017-08-24T11:37:00Z,1,KTN152_2_41,tumor,missing,SRP114962,KTN152,midTX,
SRR5969660,missing,WGS,48,146884608,Karalinska,PRJNA396019,SAMN07553593,Human,111578857,THE UT MD ANDERSON CANCER CENTER,public,"sra,run.zq,fastq","gs,s3,ncbi","s3.us-east-1,ncbi.public,gs.us-east1",SRX3126649,Illumina HiSeq 4000,nuclei genome CNV 157,KTN102_2_38,SINGLE,RANDOM PCR,GENOMIC,Homo sapiens,ILLUMINA,2018-04-24T00:00:00Z,2017-08-24T11:37:00Z,1,KTN102_2_38,tumor,missing,SRP114962,KTN102,midTX,
SRR5969661,missing,WGS,94,362300512,Karalinska,PRJNA396019,SAMN07553596,Human,79500048,THE UT MD ANDERSON CANCER CENTER,public,"run.zq,bam,sra","s3,gs,ncbi","ncbi.public,s3.us-east-1,gs.us-east1",SRX3126648,Illumina HiSeq 4000,nuclei genome CNV 160,KTN102_2_3_B2,SINGLE,RANDOM PCR,GENOMIC,Homo sapiens,ILLUMINA,2018-04-24T00:00:00Z,2017-08-24T11:38:00Z,1,KTN102_2_3_B2,tumor,missing,SRP114962,KTN102,midTX,GCA_000001405.13
SRR5969662,missing,WGS,48,155735712,Karalinska,PRJNA396019,SAMN07553595,Human,117988566,THE UT MD ANDERSON CANCER CENTER,public,"fastq,run.zq,sra","ncbi,gs,s3","s3.us-east-1,ncbi.public,gs.us-east1",SRX3126647,Illumina HiSeq 4000,nuclei genome CNV 159,KTN102_2_39,SINGLE,RANDOM PCR,GENOMIC,Homo sapiens,ILLUMINA,2018-04-24T00:00:00Z,2017-08-24T11:37:00Z,1,KTN102_2_39,tumor,missing,SRP114962,KTN102,midTX,
SRR5969663,missing,WGS,48,73302192,Karalinska,PRJNA396019,SAMN07553846,Human,51701387,THE UT MD ANDERSON CANCER CENTER,public,"sra,fastq,run.zq","gs,s3,ncbi","ncbi.public,gs.us-east1,s3.us-east-1",SRX3126646,Illumina HiSeq 4000,nuclei genome CNV 410,KTN152_2_46,SINGLE,RANDOM PCR,GENOMIC,Homo sapiens,ILLUMINA,2018-04-24T00:00:00Z,2017-08-24T11:37:00Z,1,KTN152_2_46,tumor,missing,SRP114962,KTN152,midTX,
SRR5969664,missing,WGS,48,86437104,Karalinska,PRJNA396019,SAMN07553845,Human,60918746,THE UT MD ANDERSON CANCER CENTER,public,"fastq,sra,run.zq","ncbi,s3,gs","ncbi.public,s3.us-east-1,gs.us-east1",SRX3126645,Illumina HiSeq 4000,nuclei genome CNV 409,KTN152_2_45,SINGLE,RANDOM PCR,GENOMIC,Homo sapiens,ILLUMINA,2018-04-24T00:00:00Z,2017-08-24T11:37:00Z,1,KTN152_2_45,tumor,missing,SRP114962,KTN152,midTX,
SRR5969665,missing,WGS,48,75325728,Karalinska,PRJNA396019,SAMN07553853,Human,53237304,THE UT MD ANDERSON CANCER CENTER,public,"run.zq,fastq,sra","ncbi,gs,s3","gs.us-east1,ncbi.public,s3.us-east-1",SRX3126644,Illumina HiSeq 4000,nuclei genome CNV 417,KTN152_2_8,SINGLE,RANDOM PCR,GENOMIC,Homo sapiens,ILLUMINA,2018-04-24T00:00:00Z,2017-08-24T11:37:00Z,1,KTN152_2_8,tumor,missing,SRP114962,KTN152,midTX,
SRR5969666,missing,WGS,48,94082400,Karalinska,PRJNA396019,SAMN07553854,Human,66350498,THE UT MD ANDERSON CANCER CENTER,public,"sra,run.zq,fastq","gs,s3,ncbi","s3.us-east-1,gs.us-east1,ncbi.public",SRX3126643,Illumina HiSeq 4000,nuclei genome CNV 418,KTN152_2_9,SINGLE,RANDOM PCR,GENOMIC,Homo sapiens,ILLUMINA,2018-04-24T00:00:00Z,2017-08-24T11:37:00Z,1,KTN152_2_9,tumor,missing,SRP114962,KTN152,midTX,
SRR5969667,missing,WGS,48,99156048,Karalinska,PRJNA396019,SAMN07553847,Human,69802893,THE UT MD ANDERSON CANCER CENTER,public,"run.zq,fastq,sra","gs,s3,ncbi","ncbi.public,gs.us-east1,s3.us-east-1",SRX3126642,Illumina HiSeq 4000,nuclei genome CNV 411,KTN152_2_47,SINGLE,RANDOM PCR,GENOMIC,Homo sapiens,ILLUMINA,2018-04-24T00:00:00Z,2017-08-24T11:37:00Z,1,KTN152_2_47,tumor,missing,SRP114962,KTN152,midTX,
SRR5969668,missing,WGS,48,83793504,Karalinska,PRJNA396019,SAMN07553848,Human,59138899,THE UT MD ANDERSON CANCER CENTER,public,"fastq,sra,run.zq","ncbi,s3,gs","gs.us-east1,s3.us-east-1,ncbi.public",SRX3126641,Illumina HiSeq 4000,nuclei genome CNV 412,KTN152_2_48,SINGLE,RANDOM PCR,GENOMIC,Homo sapiens,ILLUMINA,2018-04-24T00:00:00Z,2017-08-24T11:37:00Z,1,KTN152_2_48,tumor,missing,SRP114962,KTN152,midTX,
SRR5969669,missing,WGS,48,103174368,Karalinska,PRJNA396019,SAMN07553849,Human,72765053,THE UT MD ANDERSON CANCER CENTER,public,"run.zq,fastq,sra","ncbi,gs,s3","s3.us-east-1,ncbi.public,gs.us-east1",SRX3126640,Illumina HiSeq 4000,nuclei genome CNV 413,KTN152_2_4,SINGLE,RANDOM PCR,GENOMIC,Homo sapiens,ILLUMINA,2018-04-24T00:00:00Z,2017-08-24T11:37:00Z,1,KTN152_2_4,tumor,missing,SRP114962,KTN152,midTX,
SRR5969670,missing,WGS,48,64202064,Karalinska,PRJNA396019,SAMN07553850,Human,45411478,THE UT MD ANDERSON CANCER CENTER,public,"sra,run.zq,fastq","gs,ncbi,s3","ncbi.public,s3.us-east-1,gs.us-east1",SRX3126639,Illumina HiSeq 4000,nuclei genome CNV 414,KTN152_2_5,SINGLE,RANDOM PCR,GENOMIC,Homo sapiens,ILLUMINA,2018-04-24T00:00:00Z,2017-08-24T11:37:00Z,1,KTN152_2_5,tumor,missing,SRP114962,KTN152,midTX,
SRR5969671,missing,WGS,94,291152428,Karalinska,PRJNA396019,SAMN07553561,Human,63416035,THE UT MD ANDERSON CANCER CENTER,public,"bam,sra,run.zq","s3,gs,ncbi","ncbi.public,gs.us-east1,s3.us-east-1",SRX3126638,Illumina HiSeq 4000,nuclei genome CNV 125,KTN102_2_22_B2,SINGLE,RANDOM PCR,GENOMIC,Homo sapiens,ILLUMINA,2018-04-24T00:00:00Z,2017-08-24T11:38:00Z,1,KTN102_2_22_B2,tumor,missing,SRP114962,KTN102,midTX,GCA_000001405.13
SRR5969672,missing,WGS,48,113589744,Karalinska,PRJNA396019,SAMN07553562,Human,86030103,THE UT MD ANDERSON CANCER CENTER,public,"fastq,run.zq,sra","s3,ncbi,gs","gs.us-east1,ncbi.public,s3.us-east-1",SRX3126637,Illumina HiSeq 4000,nuclei genome CNV 126,KTN102_2_22,SINGLE,RANDOM PCR,GENOMIC,Homo sapiens,ILLUMINA,2018-04-24T00:00:00Z,2017-08-24T11:37:00Z,1,KTN102_2_22,tumor,missing,SRP114962,KTN102,midTX,
SRR5969673,missing,WGS,93,607962760,Karalinska,PRJNA396019,SAMN07553563,Human,129510614,THE UT MD ANDERSON CANCER CENTER,public,"sra,bam,run.zq","ncbi,s3,gs","s3.us-east-1,gs.us-east1,ncbi.public",SRX3126636,Illumina HiSeq 4000,nuclei genome CNV 127,KTN102_2_23_B2,SINGLE,RANDOM PCR,GENOMIC,Homo sapiens,ILLUMINA,2018-04-24T00:00:00Z,2017-08-24T11:38:00Z,1,KTN102_2_23_B2,tumor,missing,SRP114962,KTN102,midTX,GCA_000001405.13
SRR5969674,missing,WGS,48,127415904,Karalinska,PRJNA396019,SAMN07553564,Human,95886726,THE UT MD ANDERSON CANCER CENTER,public,"run.zq,fastq,sra","gs,ncbi,s3","ncbi.public,s3.us-east-1,gs.us-east1",SRX3126635,Illumina HiSeq 4000,nuclei genome CNV 128,KTN102_2_23,SINGLE,RANDOM PCR,GENOMIC,Homo sapiens,ILLUMINA,2018-04-24T00:00:00Z,2017-08-24T11:37:00Z,1,KTN102_2_23,tumor,missing,SRP114962,KTN102,midTX,
SRR5969675,missing,WGS,93,247515280,Karalinska,PRJNA396019,SAMN07553557,Human,56560564,THE UT MD ANDERSON CANCER CENTER,public,"run.zq,sra,bam","s3,ncbi,gs","gs.us-east1,s3.us-east-1,ncbi.public",SRX3126634,Illumina HiSeq 4000,nuclei genome CNV 121,KTN102_2_1_B2,SINGLE,RANDOM PCR,GENOMIC,Homo sapiens,ILLUMINA,2018-04-24T00:00:00Z,2017-08-24T11:38:00Z,1,KTN102_2_1_B2,tumor,missing,SRP114962,KTN102,midTX,GCA_000001405.13
SRR5969676,missing,WGS,95,420978060,Karalinska,PRJNA396019,SAMN07553558,Human,89903094,THE UT MD ANDERSON CANCER CENTER,public,"run.zq,sra,bam","s3,ncbi,gs","gs.us-east1,s3.us-east-1,ncbi.public",SRX3126633,Illumina HiSeq 4000,nuclei genome CNV 122,KTN102_2_20_B2,SINGLE,RANDOM PCR,GENOMIC,Homo sapiens,ILLUMINA,2018-04-24T00:00:00Z,2017-08-24T11:38:00Z,1,KTN102_2_20_B2,tumor,missing,SRP114962,KTN102,midTX,GCA_000001405.13
SRR5969678,missing,WGS,48,117559680,Karalinska,PRJNA396019,SAMN07553560,Human,88887164,THE UT MD ANDERSON CANCER CENTER,public,"sra,run.zq,fastq","s3,gs,ncbi","gs.us-east1,s3.us-east-1,ncbi.public",SRX3126631,Illumina HiSeq 4000,nuclei genome CNV 124,KTN102_2_21,SINGLE,RANDOM PCR,GENOMIC,Homo sapiens,ILLUMINA,2018-04-24T00:00:00Z,2017-08-24T11:37:00Z,1,KTN102_2_21,tumor,missing,SRP114962,KTN102,midTX,
SRR5969679,missing,WGS,96,679913024,Karalinska,PRJNA396019,SAMN07553565,Human,143228068,THE UT MD ANDERSON CANCER CENTER,public,"bam,sra,run.zq","s3,ncbi,gs","gs.us-east1,ncbi.public,s3.us-east-1",SRX3126630,Illumina HiSeq 4000,nuclei genome CNV 129,KTN102_2_24_B2,SINGLE,RANDOM PCR,GENOMIC,Homo sapiens,ILLUMINA,2018-04-24T00:00:00Z,2017-08-24T11:39:00Z,1,KTN102_2_24_B2,tumor,missing,SRP114962,KTN102,midTX,GCA_000001405.13
SRR5969680,missing,WGS,48,144785616,Karalinska,PRJNA396019,SAMN07553566,Human,108914483,THE UT MD ANDERSON CANCER CENTER,public,"fastq,run.zq,sra","ncbi,gs,s3","s3.us-east-1,ncbi.public,gs.us-east1",SRX3126629,Illumina HiSeq 4000,nuclei genome CNV 130,KTN102_2_24,SINGLE,RANDOM PCR,GENOMIC,Homo sapiens,ILLUMINA,2018-04-24T00:00:00Z,2017-08-24T11:37:00Z,1,KTN102_2_24,tumor,missing,SRP114962,KTN102,midTX,
SRR5969693,missing,WGS,48,146669424,Karalinska,PRJNA396019,SAMN07553664,Human,111609789,THE UT MD ANDERSON CANCER CENTER,public,"run.zq,sra,fastq","s3,gs,ncbi","ncbi.public,s3.us-east-1,gs.us-east1",SRX3127116,Illumina HiSeq 4000,nuclei genome CNV 228,KTN102_OP_6,SINGLE,RANDOM PCR,GENOMIC,Homo sapiens,ILLUMINA,2018-04-24T00:00:00Z,2017-08-24T11:37:00Z,1,KTN102_OP_6,tumor,missing,SRP114962,KTN102,postTX,
SRR5969694,missing,WGS,48,149283792,Karalinska,PRJNA396019,SAMN07553663,Human,112976563,THE UT MD ANDERSON CANCER CENTER,public,"fastq,run.zq,sra","gs,ncbi,s3","s3.us-east-1,gs.us-east1,ncbi.public",SRX3127115,Illumina HiSeq 4000,nuclei genome CNV 227,KTN102_OP_5,SINGLE,RANDOM PCR,GENOMIC,Homo sapiens,ILLUMINA,2018-04-24T00:00:00Z,2017-08-24T11:37:00Z,1,KTN102_OP_5,tumor,missing,SRP114962,KTN102,postTX,
SRR5969695,missing,WGS,48,91702128,Karalinska,PRJNA396019,SAMN07553662,Human,69348266,THE UT MD ANDERSON CANCER CENTER,public,"sra,run.zq,fastq","gs,s3,ncbi","gs.us-east1,ncbi.public,s3.us-east-1",SRX3127114,Illumina HiSeq 4000,nuclei genome CNV 226,KTN102_OP_4,SINGLE,RANDOM PCR,GENOMIC,Homo sapiens,ILLUMINA,2018-04-24T00:00:00Z,2017-08-24T11:37:00Z,1,KTN102_OP_4,tumor,missing,SRP114962,KTN102,postTX,
SRR5969696,missing,WGS,48,110342736,Karalinska,PRJNA396019,SAMN07553661,Human,83543745,THE UT MD ANDERSON CANCER CENTER,public,"fastq,sra,run.zq","gs,ncbi,s3","gs.us-east1,ncbi.public,s3.us-east-1",SRX3127113,Illumina HiSeq 4000,nuclei genome CNV 225,KTN102_OP_48,SINGLE,RANDOM PCR,GENOMIC,Homo sapiens,ILLUMINA,2018-04-24T00:00:00Z,2017-08-24T11:37:00Z,1,KTN102_OP_48,tumor,missing,SRP114962,KTN102,postTX,
SRR5969697,missing,WGS,48,126983808,Karalinska,PRJNA396019,SAMN07553676,Human,89086584,THE UT MD ANDERSON CANCER CENTER,public,"fastq,run.zq,sra","ncbi,s3,gs","ncbi.public,s3.us-east-1,gs.us-east1",SRX3127112,Illumina HiSeq 4000,nuclei genome CNV 240,KTN132_0_17,SINGLE,RANDOM PCR,GENOMIC,Homo sapiens,ILLUMINA,2018-04-24T00:00:00Z,2017-08-24T11:37:00Z,1,KTN132_0_17,tumor,missing,SRP114962,KTN132,preTX,
SRR5969698,missing,WGS,95,379918452,Karalinska,PRJNA396019,SAMN07553481,Human,85212870,THE UT MD ANDERSON CANCER CENTER,public,"sra,run.zq,bam","s3,gs,ncbi","ncbi.public,gs.us-east1,s3.us-east-1",SRX3127111,Illumina HiSeq 4000,nuclei genome CNV 45,KTN102_0_32_B2,SINGLE,RANDOM PCR,GENOMIC,Homo sapiens,ILLUMINA,2018-04-24T00:00:00Z,2017-08-24T11:38:00Z,1,KTN102_0_32_B2,tumor,missing,SRP114962,KTN102,preTX,GCA_000001405.13
SRR5969699,missing,WGS,48,144846000,Karalinska,PRJNA396019,SAMN07553482,Human,108968515,THE UT MD ANDERSON CANCER CENTER,public,"run.zq,sra,fastq","ncbi,s3,gs","gs.us-east1,s3.us-east-1,ncbi.public",SRX3127110,Illumina HiSeq 4000,nuclei genome CNV 46,KTN102_0_32,SINGLE,RANDOM PCR,GENOMIC,Homo sapiens,ILLUMINA,2018-04-24T00:00:00Z,2017-08-24T11:37:00Z,1,KTN102_0_32,tumor,missing,SRP114962,KTN102,preTX,
SRR5969700,missing,WGS,93,333500692,Karalinska,PRJNA396019,SAMN07553483,Human,77558378,THE UT MD ANDERSON CANCER CENTER,public,"sra,bam,run.zq","ncbi,s3,gs","ncbi.public,gs.us-east1,s3.us-east-1",SRX3127109,Illumina HiSeq 4000,nuclei genome CNV 47,KTN102_0_33_B2,SINGLE,RANDOM PCR,GENOMIC,Homo sapiens,ILLUMINA,2018-04-24T00:00:00Z,2017-08-24T11:38:00Z,1,KTN102_0_33_B2,tumor,missing,SRP114962,KTN102,preTX,GCA_000001405.13
SRR5969701,missing,WGS,48,160106256,Karalinska,PRJNA396019,SAMN07553484,Human,121465256,THE UT MD ANDERSON CANCER CENTER,public,"fastq,run.zq,sra","ncbi,s3,gs","s3.us-east-1,gs.us-east1,ncbi.public",SRX3127108,Illumina HiSeq 4000,nuclei genome CNV 48,KTN102_0_33,SINGLE,RANDOM PCR,GENOMIC,Homo sapiens,ILLUMINA,2018-04-24T00:00:00Z,2017-08-24T11:37:00Z,1,KTN102_0_33,tumor,missing,SRP114962,KTN102,preTX,
SRR5969702,missing,WGS,92,286023340,Karalinska,PRJNA396019,SAMN07553477,Human,68877997,THE UT MD ANDERSON CANCER CENTER,public,"sra,run.zq,bam","gs,s3,ncbi","s3.us-east-1,ncbi.public,gs.us-east1",SRX3127107,Illumina HiSeq 4000,nuclei genome CNV 41,KTN102_0_30_B2,SINGLE,RANDOM PCR,GENOMIC,Homo sapiens,ILLUMINA,2018-04-24T00:00:00Z,2017-08-24T11:38:00Z,1,KTN102_0_30_B2,tumor,missing,SRP114962,KTN102,preTX,GCA_000001405.13
SRR5969703,missing,WGS,48,119559888,Karalinska,PRJNA396019,SAMN07553478,Human,93285534,THE UT MD ANDERSON CANCER CENTER,public,"fastq,sra,run.zq","ncbi,gs,s3","ncbi.public,s3.us-east-1,gs.us-east1",SRX3127106,Illumina HiSeq 4000,nuclei genome CNV 42,KTN102_0_30,SINGLE,RANDOM PCR,GENOMIC,Homo sapiens,ILLUMINA,2018-04-24T00:00:00Z,2017-08-24T11:37:00Z,1,KTN102_0_30,tumor,missing,SRP114962,KTN102,preTX,
SRR5969707,missing,WGS,48,76117536,Karalinska,PRJNA396019,SAMN07553486,Human,60267862,THE UT MD ANDERSON CANCER CENTER,public,"sra,fastq,run.zq","s3,gs,ncbi","s3.us-east-1,ncbi.public,gs.us-east1",SRX3127102,Illumina HiSeq 4000,nuclei genome CNV 50,KTN102_0_34,SINGLE,RANDOM PCR,GENOMIC,Homo sapiens,ILLUMINA,2018-04-24T00:00:00Z,2017-08-24T11:37:00Z,1,KTN102_0_34,tumor,missing,SRP114962,KTN102,preTX,
SRR5969708,missing,WGS,48,94457520,Karalinska,PRJNA396019,SAMN07553779,Human,63670559,THE UT MD ANDERSON CANCER CENTER,public,"run.zq,sra,fastq","ncbi,gs,s3","ncbi.public,gs.us-east1,s3.us-east-1",SRX3127101,Illumina HiSeq 4000,nuclei genome CNV 343,KTN152_0_27,SINGLE,RANDOM PCR,GENOMIC,Homo sapiens,ILLUMINA,2018-04-24T00:00:00Z,2017-08-24T11:37:00Z,1,KTN152_0_27,tumor,missing,SRP114962,KTN152,preTX,
SRR5969709,missing,WGS,48,153665520,Karalinska,PRJNA396019,SAMN07553665,Human,115948530,THE UT MD ANDERSON CANCER CENTER,public,"sra,fastq,run.zq","s3,ncbi,gs","gs.us-east1,s3.us-east-1,ncbi.public",SRX3127100,Illumina HiSeq 4000,nuclei genome CNV 229,KTN102_OP_7,SINGLE,RANDOM PCR,GENOMIC,Homo sapiens,ILLUMINA,2018-04-24T00:00:00Z,2017-08-24T11:37:00Z,1,KTN102_OP_7,tumor,missing,SRP114962,KTN102,postTX,
SRR5969710,missing,WGS,48,81575760,Karalinska,PRJNA396019,SAMN07553660,Human,63261318,THE UT MD ANDERSON CANCER CENTER,public,"run.zq,fastq,sra","gs,ncbi,s3","gs.us-east1,ncbi.public,s3.us-east-1",SRX3127099,Illumina HiSeq 4000,nuclei genome CNV 224,KTN102_OP_47,SINGLE,RANDOM PCR,GENOMIC,Homo sapiens,ILLUMINA,2018-04-24T00:00:00Z,2017-08-24T11:37:00Z,1,KTN102_OP_47,tumor,missing,SRP114962,KTN102,postTX,
SRR5969711,missing,WGS,48,114812928,Karalinska,PRJNA396019,SAMN07553659,Human,87163317,THE UT MD ANDERSON CANCER CENTER,public,"fastq,run.zq,sra","gs,ncbi,s3","ncbi.public,gs.us-east1,s3.us-east-1",SRX3127098,Illumina HiSeq 4000,nuclei genome CNV 223,KTN102_OP_46,SINGLE,RANDOM PCR,GENOMIC,Homo sapiens,ILLUMINA,2018-04-24T00:00:00Z,2017-08-24T11:37:00Z,1,KTN102_OP_46,tumor,missing,SRP114962,KTN102,postTX,
SRR5969712,missing,WGS,93,335028976,Karalinska,PRJNA396019,SAMN07553605,Human,78267560,THE UT MD ANDERSON CANCER CENTER,public,"run.zq,sra,bam","s3,gs,ncbi","ncbi.public,gs.us-east1,s3.us-east-1",SRX3127097,Illumina HiSeq 4000,nuclei genome CNV 169,KTN102_2_44_B2,SINGLE,RANDOM PCR,GENOMIC,Homo sapiens,ILLUMINA,2018-04-24T00:00:00Z,2017-08-24T11:38:00Z,1,KTN102_2_44_B2,tumor,missing,SRP114962,KTN102,midTX,GCA_000001405.13
SRR5969713,missing,WGS,48,133582752,Karalinska,PRJNA396019,SAMN07553606,Human,101649167,THE UT MD ANDERSON CANCER CENTER,public,"fastq,sra,run.zq","s3,ncbi,gs","s3.us-east-1,ncbi.public,gs.us-east1",SRX3127096,Illumina HiSeq 4000,nuclei genome CNV 170,KTN102_2_44,SINGLE,RANDOM PCR,GENOMIC,Homo sapiens,ILLUMINA,2018-04-24T00:00:00Z,2017-08-24T11:37:00Z,1,KTN102_2_44,tumor,missing,SRP114962,KTN102,midTX,
SRR5969714,missing,WGS,93,379357800,Karalinska,PRJNA396019,SAMN07553597,Human,82963256,THE UT MD ANDERSON CANCER CENTER,public,"bam,sra,run.zq","gs,ncbi,s3","ncbi.public,gs.us-east1,s3.us-east-1",SRX3127095,Illumina HiSeq 4000,nuclei genome CNV 161,KTN102_2_40_B2,SINGLE,RANDOM PCR,GENOMIC,Homo sapiens,ILLUMINA,2018-04-24T00:00:00Z,2017-08-24T11:38:00Z,1,KTN102_2_40_B2,tumor,missing,SRP114962,KTN102,midTX,GCA_000001405.13
SRR5969715,missing,WGS,48,128450256,Karalinska,PRJNA396019,SAMN07553598,Human,98548754,THE UT MD ANDERSON CANCER CENTER,public,"run.zq,sra,fastq","ncbi,gs,s3","gs.us-east1,ncbi.public,s3.us-east-1",SRX3127094,Illumina HiSeq 4000,nuclei genome CNV 162,KTN102_2_40,SINGLE,RANDOM PCR,GENOMIC,Homo sapiens,ILLUMINA,2018-04-24T00:00:00Z,2017-08-24T11:37:00Z,1,KTN102_2_40,tumor,missing,SRP114962,KTN102,midTX,
SRR5969716,missing,WGS,91,256123800,Karalinska,PRJNA396019,SAMN07553599,Human,59957481,THE UT MD ANDERSON CANCER CENTER,public,"run.zq,bam,sra","ncbi,s3,gs","s3.us-east-1,ncbi.public,gs.us-east1",SRX3127093,Illumina HiSeq 4000,nuclei genome CNV 163,KTN102_2_41_B2,SINGLE,RANDOM PCR,GENOMIC,Homo sapiens,ILLUMINA,2018-04-24T00:00:00Z,2017-08-24T11:38:00Z,1,KTN102_2_41_B2,tumor,missing,SRP114962,KTN102,midTX,GCA_000001405.13
SRR5969717,missing,WGS,48,122728032,Karalinska,PRJNA396019,SAMN07553600,Human,93366834,THE UT MD ANDERSON CANCER CENTER,public,"sra,run.zq,fastq","s3,gs,ncbi","ncbi.public,gs.us-east1,s3.us-east-1",SRX3127092,Illumina HiSeq 4000,nuclei genome CNV 164,KTN102_2_41,SINGLE,RANDOM PCR,GENOMIC,Homo sapiens,ILLUMINA,2018-04-24T00:00:00Z,2017-08-24T11:37:00Z,1,KTN102_2_41,tumor,missing,SRP114962,KTN102,midTX,
SRR5969718,missing,WGS,91,229482076,Karalinska,PRJNA396019,SAMN07553601,Human,57387994,THE UT MD ANDERSON CANCER CENTER,public,"run.zq,bam,sra","s3,gs,ncbi","ncbi.public,gs.us-east1,s3.us-east-1",SRX3127091,Illumina HiSeq 4000,nuclei genome CNV 165,KTN102_2_42_B2,SINGLE,RANDOM PCR,GENOMIC,Homo sapiens,ILLUMINA,2018-04-24T00:00:00Z,2017-08-24T11:38:00Z,1,KTN102_2_42_B2,tumor,missing,SRP114962,KTN102,midTX,GCA_000001405.13
SRR5969719,missing,WGS,48,121959600,Karalinska,PRJNA396019,SAMN07553602,Human,92662601,THE UT MD ANDERSON CANCER CENTER,public,"sra,fastq,run.zq","gs,s3,ncbi","gs.us-east1,s3.us-east-1,ncbi.public",SRX3127090,Illumina HiSeq 4000,nuclei genome CNV 166,KTN102_2_42,SINGLE,RANDOM PCR,GENOMIC,Homo sapiens,ILLUMINA,2018-04-24T00:00:00Z,2017-08-24T11:37:00Z,1,KTN102_2_42,tumor,missing,SRP114962,KTN102,midTX,
SRR5969720,missing,WGS,93,385342876,Karalinska,PRJNA396019,SAMN07553603,Human,85795407,THE UT MD ANDERSON CANCER CENTER,public,"run.zq,sra,bam","ncbi,s3,gs","ncbi.public,gs.us-east1,s3.us-east-1",SRX3127089,Illumina HiSeq 4000,nuclei genome CNV 167,KTN102_2_43_B2,SINGLE,RANDOM PCR,GENOMIC,Homo sapiens,ILLUMINA,2018-04-24T00:00:00Z,2017-08-24T11:39:00Z,1,KTN102_2_43_B2,tumor,missing,SRP114962,KTN102,midTX,GCA_000001405.13
SRR5969721,missing,WGS,48,133063968,Karalinska,PRJNA396019,SAMN07553604,Human,101118525,THE UT MD ANDERSON CANCER CENTER,public,"sra,run.zq,fastq","gs,s3,ncbi","gs.us-east1,s3.us-east-1,ncbi.public",SRX3127088,Illumina HiSeq 4000,nuclei genome CNV 168,KTN102_2_43,SINGLE,RANDOM PCR,GENOMIC,Homo sapiens,ILLUMINA,2018-04-24T00:00:00Z,2017-08-24T11:37:00Z,1,KTN102_2_43,tumor,missing,SRP114962,KTN102,midTX,
SRR5969722,missing,WGS,48,129039264,Karalinska,PRJNA396019,SAMN07553884,Human,86216198,THE UT MD ANDERSON CANCER CENTER,public,"fastq,run.zq,sra","gs,ncbi,s3","gs.us-east1,s3.us-east-1,ncbi.public",SRX3127087,Illumina HiSeq 4000,nuclei genome CNV 448,KTN152_OP_39,SINGLE,RANDOM PCR,GENOMIC,Homo sapiens,ILLUMINA,2018-04-24T00:00:00Z,2017-08-24T11:37:00Z,1,KTN152_OP_39,tumor,missing,SRP114962,KTN152,postTX,
SRR5969723,missing,WGS,48,96718800,Karalinska,PRJNA396019,SAMN07553883,Human,64625414,THE UT MD ANDERSON CANCER CENTER,public,"run.zq,fastq,sra","ncbi,s3,gs","gs.us-east1,ncbi.public,s3.us-east-1",SRX3127086,Illumina HiSeq 4000,nuclei genome CNV 447,KTN152_OP_38,SINGLE,RANDOM PCR,GENOMIC,Homo sapiens,ILLUMINA,2018-04-24T00:00:00Z,2017-08-24T11:37:00Z,1,KTN152_OP_38,tumor,missing,SRP114962,KTN152,postTX,
SRR5969724,missing,WGS,48,110098224,Karalinska,PRJNA396019,SAMN07553882,Human,73406437,THE UT MD ANDERSON CANCER CENTER,public,"sra,fastq,run.zq","s3,ncbi,gs","ncbi.public,gs.us-east1,s3.us-east-1",SRX3127085,Illumina HiSeq 4000,nuclei genome CNV 446,KTN152_OP_37,SINGLE,RANDOM PCR,GENOMIC,Homo sapiens,ILLUMINA,2018-04-24T00:00:00Z,2017-08-24T11:37:00Z,1,KTN152_OP_37,tumor,missing,SRP114962,KTN152,postTX,
SRR5969725,missing,WGS,48,105697296,Karalinska,PRJNA396019,SAMN07553881,Human,70442675,THE UT MD ANDERSON CANCER CENTER,public,"run.zq,fastq,sra","s3,ncbi,gs","s3.us-east-1,gs.us-east1,ncbi.public",SRX3127084,Illumina HiSeq 4000,nuclei genome CNV 445,KTN152_OP_36,SINGLE,RANDOM PCR,GENOMIC,Homo sapiens,ILLUMINA,2018-04-24T00:00:00Z,2017-08-24T11:37:00Z,1,KTN152_OP_36,tumor,missing,SRP114962,KTN152,postTX,
SRR5969726,missing,WGS,48,99373488,Karalinska,PRJNA396019,SAMN07553880,Human,66110882,THE UT MD ANDERSON CANCER CENTER,public,"sra,fastq,run.zq","s3,gs,ncbi","ncbi.public,s3.us-east-1,gs.us-east1",SRX3127083,Illumina HiSeq 4000,nuclei genome CNV 444,KTN152_OP_35,SINGLE,RANDOM PCR,GENOMIC,Homo sapiens,ILLUMINA,2018-04-24T00:00:00Z,2017-08-24T11:37:00Z,1,KTN152_OP_35,tumor,missing,SRP114962,KTN152,postTX,
SRR5969727,missing,WGS,48,96000480,Karalinska,PRJNA396019,SAMN07553879,Human,63899421,THE UT MD ANDERSON CANCER CENTER,public,"fastq,sra,run.zq","ncbi,gs,s3","gs.us-east1,ncbi.public,s3.us-east-1",SRX3127082,Illumina HiSeq 4000,nuclei genome CNV 443,KTN152_OP_34,SINGLE,RANDOM PCR,GENOMIC,Homo sapiens,ILLUMINA,2018-04-24T00:00:00Z,2017-08-24T11:37:00Z,1,KTN152_OP_34,tumor,missing,SRP114962,KTN152,postTX,
SRR5969728,missing,WGS,48,92014704,Karalinska,PRJNA396019,SAMN07553878,Human,61444808,THE UT MD ANDERSON CANCER CENTER,public,"fastq,run.zq,sra","ncbi,gs,s3","gs.us-east1,s3.us-east-1,ncbi.public",SRX3127081,Illumina HiSeq 4000,nuclei genome CNV 442,KTN152_OP_33,SINGLE,RANDOM PCR,GENOMIC,Homo sapiens,ILLUMINA,2018-04-24T00:00:00Z,2017-08-24T11:37:00Z,1,KTN152_OP_33,tumor,missing,SRP114962,KTN152,postTX,
SRR5969729,missing,WGS,48,104076768,Karalinska,PRJNA396019,SAMN07553877,Human,69076593,THE UT MD ANDERSON CANCER CENTER,public,"run.zq,sra,fastq","s3,gs,ncbi","gs.us-east1,ncbi.public,s3.us-east-1",SRX3127080,Illumina HiSeq 4000,nuclei genome CNV 441,KTN152_OP_32,SINGLE,RANDOM PCR,GENOMIC,Homo sapiens,ILLUMINA,2018-04-24T00:00:00Z,2017-08-24T11:37:00Z,1,KTN152_OP_32,tumor,missing,SRP114962,KTN152,postTX,
SRR5969730,missing,WGS,48,107056032,Karalinska,PRJNA396019,SAMN07553886,Human,71315455,THE UT MD ANDERSON CANCER CENTER,public,"run.zq,fastq,sra","gs,s3,ncbi","gs.us-east1,ncbi.public,s3.us-east-1",SRX3127079,Illumina HiSeq 4000,nuclei genome CNV 450,KTN152_OP_40,SINGLE,RANDOM PCR,GENOMIC,Homo sapiens,ILLUMINA,2018-04-24T00:00:00Z,2017-08-24T11:37:00Z,1,KTN152_OP_40,tumor,missing,SRP114962,KTN152,postTX,
SRR5969731,missing,WGS,48,93608928,Karalinska,PRJNA396019,SAMN07553885,Human,62700417,THE UT MD ANDERSON CANCER CENTER,public,"fastq,run.zq,sra","ncbi,gs,s3","ncbi.public,gs.us-east1,s3.us-east-1",SRX3127078,Illumina HiSeq 4000,nuclei genome CNV 449,KTN152_OP_3,SINGLE,RANDOM PCR,GENOMIC,Homo sapiens,ILLUMINA,2018-04-24T00:00:00Z,2017-08-24T11:37:00Z,1,KTN152_OP_3,tumor,missing,SRP114962,KTN152,postTX,
SRR5969732,missing,WGS,48,185791920,Karalinska,PRJNA396019,SAMN07553821,Human,130526383,THE UT MD ANDERSON CANCER CENTER,public,"fastq,run.zq,sra","s3,gs,ncbi","s3.us-east-1,ncbi.public,gs.us-east1",SRX3127077,Illumina HiSeq 4000,nuclei genome CNV 385,KTN152_2_21,SINGLE,RANDOM PCR,GENOMIC,Homo sapiens,ILLUMINA,2018-04-24T00:00:00Z,2017-08-24T11:38:00Z,1,KTN152_2_21,tumor,missing,SRP114962,KTN152,midTX,
SRR5969733,missing,WGS,48,89698272,Karalinska,PRJNA396019,SAMN07553822,Human,63121877,THE UT MD ANDERSON CANCER CENTER,public,"sra,fastq,run.zq","gs,ncbi,s3","ncbi.public,s3.us-east-1,gs.us-east1",SRX3127076,Illumina HiSeq 4000,nuclei genome CNV 386,KTN152_2_22,SINGLE,RANDOM PCR,GENOMIC,Homo sapiens,ILLUMINA,2018-04-24T00:00:00Z,2017-08-24T11:37:00Z,1,KTN152_2_22,tumor,missing,SRP114962,KTN152,midTX,
SRR5969734,missing,WGS,48,79655040,Karalinska,PRJNA396019,SAMN07553823,Human,56250171,THE UT MD ANDERSON CANCER CENTER,public,"sra,fastq,run.zq","gs,s3,ncbi","s3.us-east-1,ncbi.public,gs.us-east1",SRX3127075,Illumina HiSeq 4000,nuclei genome CNV 387,KTN152_2_23,SINGLE,RANDOM PCR,GENOMIC,Homo sapiens,ILLUMINA,2018-04-24T00:00:00Z,2017-08-24T11:37:00Z,1,KTN152_2_23,tumor,missing,SRP114962,KTN152,midTX,
SRR5969735,missing,WGS,48,123556272,Karalinska,PRJNA396019,SAMN07553824,Human,86635048,THE UT MD ANDERSON CANCER CENTER,public,"run.zq,sra,fastq","ncbi,s3,gs","s3.us-east-1,ncbi.public,gs.us-east1",SRX3127074,Illumina HiSeq 4000,nuclei genome CNV 388,KTN152_2_24,SINGLE,RANDOM PCR,GENOMIC,Homo sapiens,ILLUMINA,2018-04-24T00:00:00Z,2017-08-24T11:38:00Z,1,KTN152_2_24,tumor,missing,SRP114962,KTN152,midTX,
SRR5969736,missing,WGS,48,81243696,Karalinska,PRJNA396019,SAMN07553817,Human,57444791,THE UT MD ANDERSON CANCER CENTER,public,"sra,run.zq,fastq","ncbi,gs,s3","s3.us-east-1,gs.us-east1,ncbi.public",SRX3127073,Illumina HiSeq 4000,nuclei genome CNV 381,KTN152_2_18,SINGLE,RANDOM PCR,GENOMIC,Homo sapiens,ILLUMINA,2018-04-24T00:00:00Z,2017-08-24T11:37:00Z,1,KTN152_2_18,tumor,missing,SRP114962,KTN152,midTX,
SRR5969737,missing,WGS,48,67708608,Karalinska,PRJNA396019,SAMN07553818,Human,47710802,THE UT MD ANDERSON CANCER CENTER,public,"fastq,sra,run.zq","gs,s3,ncbi","gs.us-east1,ncbi.public,s3.us-east-1",SRX3127072,Illumina HiSeq 4000,nuclei genome CNV 382,KTN152_2_19,SINGLE,RANDOM PCR,GENOMIC,Homo sapiens,ILLUMINA,2018-04-24T00:00:00Z,2017-08-24T11:37:00Z,1,KTN152_2_19,tumor,missing,SRP114962,KTN152,midTX,
SRR5969738,missing,WGS,48,142085760,Karalinska,PRJNA396019,SAMN07553706,Human,99747769,THE UT MD ANDERSON CANCER CENTER,public,"fastq,run.zq,sra","s3,ncbi,gs","gs.us-east1,s3.us-east-1,ncbi.public",SRX3127071,Illumina HiSeq 4000,nuclei genome CNV 270,KTN132_0_47,SINGLE,RANDOM PCR,GENOMIC,Homo sapiens,ILLUMINA,2018-04-24T00:00:00Z,2017-08-24T11:37:00Z,1,KTN132_0_47,tumor,missing,SRP114962,KTN132,preTX,
SRR5969739,missing,WGS,48,157106544,Karalinska,PRJNA396019,SAMN07553820,Human,111133709,THE UT MD ANDERSON CANCER CENTER,public,"fastq,sra,run.zq","s3,ncbi,gs","ncbi.public,s3.us-east-1,gs.us-east1",SRX3127070,Illumina HiSeq 4000,nuclei genome CNV 384,KTN152_2_20,SINGLE,RANDOM PCR,GENOMIC,Homo sapiens,ILLUMINA,2018-04-24T00:00:00Z,2017-08-24T11:38:00Z,1,KTN152_2_20,tumor,missing,SRP114962,KTN152,midTX,
SRR5969740,missing,WGS,48,128411808,Karalinska,PRJNA396019,SAMN07553704,Human,90201039,THE UT MD ANDERSON CANCER CENTER,public,"sra,run.zq,fastq","gs,s3,ncbi","ncbi.public,s3.us-east-1,gs.us-east1",SRX3127069,Illumina HiSeq 4000,nuclei genome CNV 268,KTN132_0_45,SINGLE,RANDOM PCR,GENOMIC,Homo sapiens,ILLUMINA,2018-04-24T00:00:00Z,2017-08-24T11:37:00Z,1,KTN132_0_45,tumor,missing,SRP114962,KTN132,preTX,
SRR5969741,missing,WGS,48,146365200,Karalinska,PRJNA396019,SAMN07553703,Human,103038214,THE UT MD ANDERSON CANCER CENTER,public,"run.zq,fastq,sra","ncbi,gs,s3","gs.us-east1,ncbi.public,s3.us-east-1",SRX3127068,Illumina HiSeq 4000,nuclei genome CNV 267,KTN132_0_44,SINGLE,RANDOM PCR,GENOMIC,Homo sapiens,ILLUMINA,2018-04-24T00:00:00Z,2017-08-24T11:38:00Z,1,KTN132_0_44,tumor,missing,SRP114962,KTN132,preTX,
SRR5969742,missing,WGS,48,149716992,Karalinska,PRJNA396019,SAMN07553702,Human,105220300,THE UT MD ANDERSON CANCER CENTER,public,"fastq,sra,run.zq","s3,gs,ncbi","gs.us-east1,ncbi.public,s3.us-east-1",SRX3127067,Illumina HiSeq 4000,nuclei genome CNV 266,KTN132_0_43,SINGLE,RANDOM PCR,GENOMIC,Homo sapiens,ILLUMINA,2018-04-24T00:00:00Z,2017-08-24T11:38:00Z,1,KTN132_0_43,tumor,missing,SRP114962,KTN132,preTX,
SRR5969743,missing,WGS,48,138394224,Karalinska,PRJNA396019,SAMN07553701,Human,97325567,THE UT MD ANDERSON CANCER CENTER,public,"run.zq,fastq,sra","ncbi,gs,s3","s3.us-east-1,gs.us-east1,ncbi.public",SRX3127066,Illumina HiSeq 4000,nuclei genome CNV 265,KTN132_0_42,SINGLE,RANDOM PCR,GENOMIC,Homo sapiens,ILLUMINA,2018-04-24T00:00:00Z,2017-08-24T11:37:00Z,1,KTN132_0_42,tumor,missing,SRP114962,KTN132,preTX,
SRR5969744,missing,WGS,48,88104384,Karalinska,PRJNA396019,SAMN07553825,Human,62097308,THE UT MD ANDERSON CANCER CENTER,public,"sra,fastq,run.zq","ncbi,s3,gs","s3.us-east-1,gs.us-east1,ncbi.public",SRX3127065,Illumina HiSeq 4000,nuclei genome CNV 389,KTN152_2_25,SINGLE,RANDOM PCR,GENOMIC,Homo sapiens,ILLUMINA,2018-04-24T00:00:00Z,2017-08-24T11:37:00Z,1,KTN152_2_25,tumor,missing,SRP114962,KTN152,midTX,
SRR5969745,missing,WGS,48,101632320,Karalinska,PRJNA396019,SAMN07553826,Human,71605142,THE UT MD ANDERSON CANCER CENTER,public,"run.zq,sra,fastq","gs,ncbi,s3","ncbi.public,s3.us-east-1,gs.us-east1",SRX3127064,Illumina HiSeq 4000,nuclei genome CNV 390,KTN152_2_26,SINGLE,RANDOM PCR,GENOMIC,Homo sapiens,ILLUMINA,2018-04-24T00:00:00Z,2017-08-24T11:37:00Z,1,KTN152_2_26,tumor,missing,SRP114962,KTN152,midTX,
SRR5969746,missing,WGS,48,151418832,Karalinska,PRJNA396019,SAMN07553698,Human,106637789,THE UT MD ANDERSON CANCER CENTER,public,"sra,run.zq,fastq","ncbi,gs,s3","ncbi.public,gs.us-east1,s3.us-east-1",SRX3127063,Illumina HiSeq 4000,nuclei genome CNV 262,KTN132_0_3,SINGLE,RANDOM PCR,GENOMIC,Homo sapiens,ILLUMINA,2018-04-24T00:00:00Z,2017-08-24T11:38:00Z,1,KTN132_0_3,tumor,missing,SRP114962,KTN132,preTX,
SRR5969747,missing,WGS,48,162249552,Karalinska,PRJNA396019,SAMN07553697,Human,114442686,THE UT MD ANDERSON CANCER CENTER,public,"sra,fastq,run.zq","s3,gs,ncbi","s3.us-east-1,gs.us-east1,ncbi.public",SRX3127062,Illumina HiSeq 4000,nuclei genome CNV 261,KTN132_0_39,SINGLE,RANDOM PCR,GENOMIC,Homo sapiens,ILLUMINA,2018-04-24T00:00:00Z,2017-08-24T11:37:00Z,1,KTN132_0_39,tumor,missing,SRP114962,KTN132,preTX,
SRR5969748,missing,WGS,48,120415536,Karalinska,PRJNA396019,SAMN07553756,Human,85052888,THE UT MD ANDERSON CANCER CENTER,public,"run.zq,sra,fastq","ncbi,gs,s3","s3.us-east-1,gs.us-east1,ncbi.public",SRX3127061,Illumina HiSeq 4000,nuclei genome CNV 320,KTN132_2_93,SINGLE,RANDOM PCR,GENOMIC,Homo sapiens,ILLUMINA,2018-04-24T00:00:00Z,2017-08-24T11:37:00Z,1,KTN132_2_93,tumor,missing,SRP114962,KTN132,midTX,
SRR5969749,missing,WGS,48,95424624,Karalinska,PRJNA396019,SAMN07553755,Human,67958580,THE UT MD ANDERSON CANCER CENTER,public,"fastq,run.zq,sra","gs,ncbi,s3","gs.us-east1,s3.us-east-1,ncbi.public",SRX3127060,Illumina HiSeq 4000,nuclei genome CNV 319,KTN132_2_92,SINGLE,RANDOM PCR,GENOMIC,Homo sapiens,ILLUMINA,2018-04-24T00:00:00Z,2017-08-24T11:37:00Z,1,KTN132_2_92,tumor,missing,SRP114962,KTN132,midTX,
SRR5969750,missing,WGS,48,130604448,Karalinska,PRJNA396019,SAMN07553750,Human,92197979,THE UT MD ANDERSON CANCER CENTER,public,"sra,fastq,run.zq","gs,s3,ncbi","s3.us-east-1,ncbi.public,gs.us-east1",SRX3127059,Illumina HiSeq 4000,nuclei genome CNV 314,KTN132_2_87,SINGLE,RANDOM PCR,GENOMIC,Homo sapiens,ILLUMINA,2018-04-24T00:00:00Z,2017-08-24T11:37:00Z,1,KTN132_2_87,tumor,missing,SRP114962,KTN132,midTX,
SRR5969751,missing,WGS,48,137142096,Karalinska,PRJNA396019,SAMN07553749,Human,96984235,THE UT MD ANDERSON CANCER CENTER,public,"fastq,sra,run.zq","s3,gs,ncbi","ncbi.public,s3.us-east-1,gs.us-east1",SRX3127058,Illumina HiSeq 4000,nuclei genome CNV 313,KTN132_2_86,SINGLE,RANDOM PCR,GENOMIC,Homo sapiens,ILLUMINA,2018-04-24T00:00:00Z,2017-08-24T11:38:00Z,1,KTN132_2_86,tumor,missing,SRP114962,KTN132,midTX,
SRR5969752,missing,WGS,48,134342976,Karalinska,PRJNA396019,SAMN07553748,Human,95146705,THE UT MD ANDERSON CANCER CENTER,public,"sra,fastq,run.zq","gs,s3,ncbi","ncbi.public,gs.us-east1,s3.us-east-1",SRX3127057,Illumina HiSeq 4000,nuclei genome CNV 312,KTN132_2_84,SINGLE,RANDOM PCR,GENOMIC,Homo sapiens,ILLUMINA,2018-04-24T00:00:00Z,2017-08-24T11:38:00Z,1,KTN132_2_84,tumor,missing,SRP114962,KTN132,midTX,
SRR5969753,missing,WGS,48,89564592,Karalinska,PRJNA396019,SAMN07553747,Human,63187981,THE UT MD ANDERSON CANCER CENTER,public,"fastq,run.zq,sra","ncbi,gs,s3","gs.us-east1,s3.us-east-1,ncbi.public",SRX3127056,Illumina HiSeq 4000,nuclei genome CNV 311,KTN132_2_83,SINGLE,RANDOM PCR,GENOMIC,Homo sapiens,ILLUMINA,2018-04-24T00:00:00Z,2017-08-24T11:37:00Z,1,KTN132_2_83,tumor,missing,SRP114962,KTN132,midTX,
SRR5969754,missing,WGS,48,127779216,Karalinska,PRJNA396019,SAMN07553754,Human,90202586,THE UT MD ANDERSON CANCER CENTER,public,"run.zq,sra,fastq","s3,ncbi,gs","ncbi.public,s3.us-east-1,gs.us-east1",SRX3127055,Illumina HiSeq 4000,nuclei genome CNV 318,KTN132_2_91,SINGLE,RANDOM PCR,GENOMIC,Homo sapiens,ILLUMINA,2018-04-24T00:00:00Z,2017-08-24T11:37:00Z,1,KTN132_2_91,tumor,missing,SRP114962,KTN132,midTX,
SRR5969755,missing,WGS,48,124002144,Karalinska,PRJNA396019,SAMN07553753,Human,87508406,THE UT MD ANDERSON CANCER CENTER,public,"sra,fastq,run.zq","ncbi,gs,s3","s3.us-east-1,ncbi.public,gs.us-east1",SRX3127054,Illumina HiSeq 4000,nuclei genome CNV 317,KTN132_2_90,SINGLE,RANDOM PCR,GENOMIC,Homo sapiens,ILLUMINA,2018-04-24T00:00:00Z,2017-08-24T11:37:00Z,1,KTN132_2_90,tumor,missing,SRP114962,KTN132,midTX,
SRR5969756,missing,WGS,48,143439120,Karalinska,PRJNA396019,SAMN07553752,Human,101378723,THE UT MD ANDERSON CANCER CENTER,public,"run.zq,fastq,sra","s3,gs,ncbi","gs.us-east1,ncbi.public,s3.us-east-1",SRX3127053,Illumina HiSeq 4000,nuclei genome CNV 316,KTN132_2_89,SINGLE,RANDOM PCR,GENOMIC,Homo sapiens,ILLUMINA,2018-04-24T00:00:00Z,2017-08-24T11:38:00Z,1,KTN132_2_89,tumor,missing,SRP114962,KTN132,midTX,
SRR5969757,missing,WGS,48,140349504,Karalinska,PRJNA396019,SAMN07553751,Human,99081120,THE UT MD ANDERSON CANCER CENTER,public,"sra,run.zq,fastq","gs,ncbi,s3","gs.us-east1,s3.us-east-1,ncbi.public",SRX3127052,Illumina HiSeq 4000,nuclei genome CNV 315,KTN132_2_88,SINGLE,RANDOM PCR,GENOMIC,Homo sapiens,ILLUMINA,2018-04-24T00:00:00Z,2017-08-24T11:38:00Z,1,KTN132_2_88,tumor,missing,SRP114962,KTN132,midTX,
SRR5969758,missing,WGS,48,106192704,Karalinska,PRJNA396019,SAMN07553442,Human,80267278,THE UT MD ANDERSON CANCER CENTER,public,"run.zq,fastq,sra","ncbi,s3,gs","gs.us-east1,ncbi.public,s3.us-east-1",SRX3127051,Illumina HiSeq 4000,nuclei genome CNV 6,KTN102_0_12,SINGLE,RANDOM PCR,GENOMIC,Homo sapiens,ILLUMINA,2018-04-24T00:00:00Z,2017-08-24T11:37:00Z,1,KTN102_0_12,tumor,missing,SRP114962,KTN102,preTX,
SRR5969759,missing,WGS,96,575188976,Karalinska,PRJNA396019,SAMN07553441,Human,127924250,THE UT MD ANDERSON CANCER CENTER,public,"sra,run.zq,bam","ncbi,s3,gs","s3.us-east-1,gs.us-east1,ncbi.public",SRX3127050,Illumina HiSeq 4000,nuclei genome CNV 5,KTN102_0_12_B2,SINGLE,RANDOM PCR,GENOMIC,Homo sapiens,ILLUMINA,2018-04-24T00:00:00Z,2017-08-24T11:39:00Z,1,KTN102_0_12_B2,tumor,missing,SRP114962,KTN102,preTX,GCA_000001405.13
SRR5969760,missing,WGS,97,484205728,Karalinska,PRJNA396019,SAMN07553444,Human,106488790,THE UT MD ANDERSON CANCER CENTER,public,"bam,run.zq,sra","s3,gs,ncbi","ncbi.public,s3.us-east-1,gs.us-east1",SRX3127049,Illumina HiSeq 4000,nuclei genome CNV 8,KTN102_0_14_B2,SINGLE,RANDOM PCR,GENOMIC,Homo sapiens,ILLUMINA,2018-04-24T00:00:00Z,2017-08-24T11:39:00Z,1,KTN102_0_14_B2,tumor,missing,SRP114962,KTN102,preTX,GCA_000001405.13
SRR5969761,missing,WGS,48,102580560,Karalinska,PRJNA396019,SAMN07553443,Human,79355334,THE UT MD ANDERSON CANCER CENTER,public,"sra,fastq,run.zq","ncbi,s3,gs","ncbi.public,gs.us-east1,s3.us-east-1",SRX3127048,Illumina HiSeq 4000,nuclei genome CNV 7,KTN102_0_13,SINGLE,RANDOM PCR,GENOMIC,Homo sapiens,ILLUMINA,2018-04-24T00:00:00Z,2017-08-24T11:38:00Z,1,KTN102_0_13,tumor,missing,SRP114962,KTN102,preTX,
SRR5969762,missing,WGS,48,138027168,Karalinska,PRJNA396019,SAMN07553438,Human,105073450,THE UT MD ANDERSON CANCER CENTER,public,"fastq,run.zq,sra","ncbi,s3,gs","ncbi.public,s3.us-east-1,gs.us-east1",SRX3127047,Illumina HiSeq 4000,nuclei genome CNV 2,KTN102_0_10,SINGLE,RANDOM PCR,GENOMIC,Homo sapiens,ILLUMINA,2018-04-24T00:00:00Z,2017-08-24T11:38:00Z,1,KTN102_0_10,tumor,missing,SRP114962,KTN102,preTX,
SRR5969763,missing,WGS,94,611420988,Karalinska,PRJNA396019,SAMN07553437,Human,133294987,THE UT MD ANDERSON CANCER CENTER,public,"sra,run.zq,bam","s3,ncbi,gs","s3.us-east-1,ncbi.public,gs.us-east1",SRX3127046,Illumina HiSeq 4000,nuclei genome CNV 1,KTN102_0_10_B2,SINGLE,RANDOM PCR,GENOMIC,Homo sapiens,ILLUMINA,2018-04-24T00:00:00Z,2017-08-24T11:39:00Z,1,KTN102_0_10_B2,tumor,missing,SRP114962,KTN102,preTX,GCA_000001405.13
SRR5969764,missing,WGS,48,113042016,Karalinska,PRJNA396019,SAMN07553440,Human,87333798,THE UT MD ANDERSON CANCER CENTER,public,"fastq,sra,run.zq","ncbi,s3,gs","ncbi.public,s3.us-east-1,gs.us-east1",SRX3127045,Illumina HiSeq 4000,nuclei genome CNV 4,KTN102_0_11,SINGLE,RANDOM PCR,GENOMIC,Homo sapiens,ILLUMINA,2018-04-24T00:00:00Z,2017-08-24T11:38:00Z,1,KTN102_0_11,tumor,missing,SRP114962,KTN102,preTX,
SRR5969765,missing,WGS,96,642078780,Karalinska,PRJNA396019,SAMN07553439,Human,141996588,THE UT MD ANDERSON CANCER CENTER,public,"bam,run.zq,sra","s3,gs,ncbi","s3.us-east-1,ncbi.public,gs.us-east1",SRX3127044,Illumina HiSeq 4000,nuclei genome CNV 3,KTN102_0_11_B2,SINGLE,RANDOM PCR,GENOMIC,Homo sapiens,ILLUMINA,2018-04-24T00:00:00Z,2017-08-24T11:39:00Z,1,KTN102_0_11_B2,tumor,missing,SRP114962,KTN102,preTX,GCA_000001405.13
SRR5969766,missing,WGS,95,366088352,Karalinska,PRJNA396019,SAMN07553446,Human,82588420,THE UT MD ANDERSON CANCER CENTER,public,"bam,sra,run.zq","ncbi,gs,s3","gs.us-east1,s3.us-east-1,ncbi.public",SRX3127043,Illumina HiSeq 4000,nuclei genome CNV 10,KTN102_0_15_B2,SINGLE,RANDOM PCR,GENOMIC,Homo sapiens,ILLUMINA,2018-04-24T00:00:00Z,2017-08-24T11:39:00Z,1,KTN102_0_15_B2,tumor,missing,SRP114962,KTN102,preTX,GCA_000001405.13
SRR5969767,missing,WGS,48,75631008,Karalinska,PRJNA396019,SAMN07553445,Human,59678256,THE UT MD ANDERSON CANCER CENTER,public,"fastq,sra,run.zq","gs,ncbi,s3","s3.us-east-1,ncbi.public,gs.us-east1",SRX3127042,Illumina HiSeq 4000,nuclei genome CNV 9,KTN102_0_14,SINGLE,RANDOM PCR,GENOMIC,Homo sapiens,ILLUMINA,2018-04-24T00:00:00Z,2017-08-24T11:37:00Z,1,KTN102_0_14,tumor,missing,SRP114962,KTN102,preTX,
SRR5969768,missing,WGS,48,87773232,Karalinska,PRJNA396019,SAMN07553476,Human,68144663,THE UT MD ANDERSON CANCER CENTER,public,"run.zq,sra,fastq","s3,gs,ncbi","gs.us-east1,s3.us-east-1,ncbi.public",SRX3127041,Illumina HiSeq 4000,nuclei genome CNV 40,KTN102_0_2,SINGLE,RANDOM PCR,GENOMIC,Homo sapiens,ILLUMINA,2018-04-24T00:00:00Z,2017-08-24T11:37:00Z,1,KTN102_0_2,tumor,missing,SRP114962,KTN102,preTX,
SRR5969769,missing,WGS,98,267360020,Karalinska,PRJNA396019,SAMN07553475,Human,61683683,THE UT MD ANDERSON CANCER CENTER,public,"run.zq,bam,sra","gs,s3,ncbi","ncbi.public,gs.us-east1,s3.us-east-1",SRX3127040,Illumina HiSeq 4000,nuclei genome CNV 39,KTN102_0_2_B2,SINGLE,RANDOM PCR,GENOMIC,Homo sapiens,ILLUMINA,2018-04-24T00:00:00Z,2017-08-24T11:38:00Z,1,KTN102_0_2_B2,tumor,missing,SRP114962,KTN102,preTX,GCA_000001405.13
SRR5969770,missing,WGS,48,114710688,Karalinska,PRJNA396019,SAMN07553472,Human,87552419,THE UT MD ANDERSON CANCER CENTER,public,"sra,fastq,run.zq","s3,gs,ncbi","gs.us-east1,s3.us-east-1,ncbi.public",SRX3127039,Illumina HiSeq 4000,nuclei genome CNV 36,KTN102_0_28,SINGLE,RANDOM PCR,GENOMIC,Homo sapiens,ILLUMINA,2018-04-24T00:00:00Z,2017-08-24T11:38:00Z,1,KTN102_0_28,tumor,missing,SRP114962,KTN102,preTX,
SRR5969771,missing,WGS,95,329884916,Karalinska,PRJNA396019,SAMN07553471,Human,76554762,THE UT MD ANDERSON CANCER CENTER,public,"bam,run.zq,sra","gs,s3,ncbi","s3.us-east-1,ncbi.public,gs.us-east1",SRX3127038,Illumina HiSeq 4000,nuclei genome CNV 35,KTN102_0_28_B2,SINGLE,RANDOM PCR,GENOMIC,Homo sapiens,ILLUMINA,2018-04-24T00:00:00Z,2017-08-24T11:39:00Z,1,KTN102_0_28_B2,tumor,missing,SRP114962,KTN102,preTX,GCA_000001405.13
SRR5969772,missing,WGS,48,90246528,Karalinska,PRJNA396019,SAMN07553474,Human,70296036,THE UT MD ANDERSON CANCER CENTER,public,"run.zq,sra,fastq","gs,s3,ncbi","gs.us-east1,ncbi.public,s3.us-east-1",SRX3127037,Illumina HiSeq 4000,nuclei genome CNV 38,KTN102_0_29,SINGLE,RANDOM PCR,GENOMIC,Homo sapiens,ILLUMINA,2018-04-24T00:00:00Z,2017-08-24T11:38:00Z,1,KTN102_0_29,tumor,missing,SRP114962,KTN102,preTX,
SRR5969773,missing,WGS,98,371937236,Karalinska,PRJNA396019,SAMN07553473,Human,84165207,THE UT MD ANDERSON CANCER CENTER,public,"run.zq,sra,bam","gs,s3,ncbi","ncbi.public,s3.us-east-1,gs.us-east1",SRX3127036,Illumina HiSeq 4000,nuclei genome CNV 37,KTN102_0_29_B2,SINGLE,RANDOM PCR,GENOMIC,Homo sapiens,ILLUMINA,2018-04-24T00:00:00Z,2017-08-24T11:39:00Z,1,KTN102_0_29_B2,tumor,missing,SRP114962,KTN102,preTX,GCA_000001405.13
SRR5969774,missing,WGS,48,92486208,Karalinska,PRJNA396019,SAMN07553468,Human,71438740,THE UT MD ANDERSON CANCER CENTER,public,"sra,run.zq,fastq","s3,gs,ncbi","ncbi.public,s3.us-east-1,gs.us-east1",SRX3127035,Illumina HiSeq 4000,nuclei genome CNV 32,KTN102_0_26,SINGLE,RANDOM PCR,GENOMIC,Homo sapiens,ILLUMINA,2018-04-24T00:00:00Z,2017-08-24T11:38:00Z,1,KTN102_0_26,tumor,missing,SRP114962,KTN102,preTX,
SRR5969775,missing,WGS,97,439897880,Karalinska,PRJNA396019,SAMN07553467,Human,100699472,THE UT MD ANDERSON CANCER CENTER,public,"bam,run.zq,sra","ncbi,gs,s3","s3.us-east-1,gs.us-east1,ncbi.public",SRX3127034,Illumina HiSeq 4000,nuclei genome CNV 31,KTN102_0_26_B2,SINGLE,RANDOM PCR,GENOMIC,Homo sapiens,ILLUMINA,2018-04-24T00:00:00Z,2017-08-24T11:39:00Z,1,KTN102_0_26_B2,tumor,missing,SRP114962,KTN102,preTX,GCA_000001405.13
SRR5969776,missing,WGS,48,78414912,Karalinska,PRJNA396019,SAMN07553470,Human,61456461,THE UT MD ANDERSON CANCER CENTER,public,"sra,fastq,run.zq","s3,ncbi,gs","s3.us-east-1,ncbi.public,gs.us-east1",SRX3127033,Illumina HiSeq 4000,nuclei genome CNV 34,KTN102_0_27,SINGLE,RANDOM PCR,GENOMIC,Homo sapiens,ILLUMINA,2018-04-24T00:00:00Z,2017-08-24T11:38:00Z,1,KTN102_0_27,tumor,missing,SRP114962,KTN102,preTX,
SRR5969777,missing,WGS,96,497694588,Karalinska,PRJNA396019,SAMN07553469,Human,107764907,THE UT MD ANDERSON CANCER CENTER,public,"run.zq,sra,bam","s3,gs,ncbi","gs.us-east1,s3.us-east-1,ncbi.public",SRX3127032,Illumina HiSeq 4000,nuclei genome CNV 33,KTN102_0_27_B2,SINGLE,RANDOM PCR,GENOMIC,Homo sapiens,ILLUMINA,2018-04-24T00:00:00Z,2017-08-24T11:39:00Z,1,KTN102_0_27_B2,tumor,missing,SRP114962,KTN102,preTX,GCA_000001405.13
SRR5969778,missing,WGS,93,296896128,Karalinska,PRJNA396019,SAMN07553570,Human,65306104,THE UT MD ANDERSON CANCER CENTER,public,"bam,run.zq,sra","ncbi,s3,gs","gs.us-east1,s3.us-east-1,ncbi.public",SRX3127031,Illumina HiSeq 4000,nuclei genome CNV 134,KTN102_2_27_B2,SINGLE,RANDOM PCR,GENOMIC,Homo sapiens,ILLUMINA,2018-04-24T00:00:00Z,2017-08-24T11:39:00Z,1,KTN102_2_27_B2,tumor,missing,SRP114962,KTN102,midTX,GCA_000001405.13
SRR5969779,missing,WGS,48,112553856,Karalinska,PRJNA396019,SAMN07553569,Human,85663607,THE UT MD ANDERSON CANCER CENTER,public,"run.zq,fastq,sra","gs,s3,ncbi","gs.us-east1,ncbi.public,s3.us-east-1",SRX3127030,Illumina HiSeq 4000,nuclei genome CNV 133,KTN102_2_26,SINGLE,RANDOM PCR,GENOMIC,Homo sapiens,ILLUMINA,2018-04-24T00:00:00Z,2017-08-24T11:38:00Z,1,KTN102_2_26,tumor,missing,SRP114962,KTN102,midTX,
SRR5969780,missing,WGS,48,115893696,Karalinska,PRJNA396019,SAMN07553568,Human,88062188,THE UT MD ANDERSON CANCER CENTER,public,"sra,fastq,run.zq","ncbi,gs,s3","ncbi.public,gs.us-east1,s3.us-east-1",SRX3127029,Illumina HiSeq 4000,nuclei genome CNV 132,KTN102_2_25,SINGLE,RANDOM PCR,GENOMIC,Homo sapiens,ILLUMINA,2018-04-24T00:00:00Z,2017-08-24T11:38:00Z,1,KTN102_2_25,tumor,missing,SRP114962,KTN102,midTX,
SRR5969781,missing,WGS,98,296934584,Karalinska,PRJNA396019,SAMN07553567,Human,66767996,THE UT MD ANDERSON CANCER CENTER,public,"bam,run.zq,sra","ncbi,gs,s3","s3.us-east-1,ncbi.public,gs.us-east1",SRX3127028,Illumina HiSeq 4000,nuclei genome CNV 131,KTN102_2_25_B2,SINGLE,RANDOM PCR,GENOMIC,Homo sapiens,ILLUMINA,2018-04-24T00:00:00Z,2017-08-24T11:39:00Z,1,KTN102_2_25_B2,tumor,missing,SRP114962,KTN102,midTX,GCA_000001405.13
SRR5969782,missing,WGS,48,117185232,Karalinska,PRJNA396019,SAMN07553574,Human,89117373,THE UT MD ANDERSON CANCER CENTER,public,"fastq,sra,run.zq","gs,s3,ncbi","ncbi.public,gs.us-east1,s3.us-east-1",SRX3127027,Illumina HiSeq 4000,nuclei genome CNV 138,KTN102_2_29,SINGLE,RANDOM PCR,GENOMIC,Homo sapiens,ILLUMINA,2018-04-24T00:00:00Z,2017-08-24T11:38:00Z,1,KTN102_2_29,tumor,missing,SRP114962,KTN102,midTX,
SRR5969783,missing,WGS,48,116990400,Karalinska,PRJNA396019,SAMN07553573,Human,88395106,THE UT MD ANDERSON CANCER CENTER,public,"fastq,sra,run.zq","ncbi,s3,gs","ncbi.public,gs.us-east1,s3.us-east-1",SRX3127026,Illumina HiSeq 4000,nuclei genome CNV 137,KTN102_2_28,SINGLE,RANDOM PCR,GENOMIC,Homo sapiens,ILLUMINA,2018-04-24T00:00:00Z,2017-08-24T11:38:00Z,1,KTN102_2_28,tumor,missing,SRP114962,KTN102,midTX,
SRR5969784,missing,WGS,93,358106452,Karalinska,PRJNA396019,SAMN07553572,Human,77778278,THE UT MD ANDERSON CANCER CENTER,public,"run.zq,bam,sra","s3,ncbi,gs","s3.us-east-1,gs.us-east1,ncbi.public",SRX3127025,Illumina HiSeq 4000,nuclei genome CNV 136,KTN102_2_28_B2,SINGLE,RANDOM PCR,GENOMIC,Homo sapiens,ILLUMINA,2018-04-24T00:00:00Z,2017-08-24T11:39:00Z,1,KTN102_2_28_B2,tumor,missing,SRP114962,KTN102,midTX,GCA_000001405.13
SRR5969785,missing,WGS,48,117272208,Karalinska,PRJNA396019,SAMN07553571,Human,89137630,THE UT MD ANDERSON CANCER CENTER,public,"sra,fastq,run.zq","s3,ncbi,gs","ncbi.public,gs.us-east1,s3.us-east-1",SRX3127024,Illumina HiSeq 4000,nuclei genome CNV 135,KTN102_2_27,SINGLE,RANDOM PCR,GENOMIC,Homo sapiens,ILLUMINA,2018-04-24T00:00:00Z,2017-08-24T11:38:00Z,1,KTN102_2_27,tumor,missing,SRP114962,KTN102,midTX,
SRR5969786,missing,WGS,95,300031356,Karalinska,PRJNA396019,SAMN07553576,Human,67639676,THE UT MD ANDERSON CANCER CENTER,public,"bam,sra,run.zq","ncbi,s3,gs","ncbi.public,s3.us-east-1,gs.us-east1",SRX3127023,Illumina HiSeq 4000,nuclei genome CNV 140,KTN102_2_30_B2,SINGLE,RANDOM PCR,GENOMIC,Homo sapiens,ILLUMINA,2018-04-24T00:00:00Z,2017-08-24T11:39:00Z,1,KTN102_2_30_B2,tumor,missing,SRP114962,KTN102,midTX,GCA_000001405.13
SRR5969787,missing,WGS,92,223263908,Karalinska,PRJNA396019,SAMN07553575,Human,51574317,THE UT MD ANDERSON CANCER CENTER,public,"run.zq,sra,bam","s3,gs,ncbi","gs.us-east1,s3.us-east-1,ncbi.public",SRX3127022,Illumina HiSeq 4000,nuclei genome CNV 139,KTN102_2_2_B2,SINGLE,RANDOM PCR,GENOMIC,Homo sapiens,ILLUMINA,2018-04-24T00:00:00Z,2017-08-24T11:39:00Z,1,KTN102_2_2_B2,tumor,missing,SRP114962,KTN102,midTX,GCA_000001405.13
SRR5969788,missing,WGS,48,119962896,Karalinska,PRJNA396019,SAMN07553875,Human,80097010,THE UT MD ANDERSON CANCER CENTER,public,"run.zq,sra,fastq","ncbi,s3,gs","gs.us-east1,s3.us-east-1,ncbi.public",SRX3127021,Illumina HiSeq 4000,nuclei genome CNV 439,KTN152_OP_30,SINGLE,RANDOM PCR,GENOMIC,Homo sapiens,ILLUMINA,2018-04-24T00:00:00Z,2017-08-24T11:38:00Z,1,KTN152_OP_30,tumor,missing,SRP114962,KTN152,postTX,
SRR5969789,missing,WGS,48,74134080,Karalinska,PRJNA396019,SAMN07553876,Human,49468307,THE UT MD ANDERSON CANCER CENTER,public,"fastq,run.zq,sra","gs,s3,ncbi","ncbi.public,s3.us-east-1,gs.us-east1",SRX3127020,Illumina HiSeq 4000,nuclei genome CNV 440,KTN152_OP_31,SINGLE,RANDOM PCR,GENOMIC,Homo sapiens,ILLUMINA,2018-04-24T00:00:00Z,2017-08-24T11:38:00Z,1,KTN152_OP_31,tumor,missing,SRP114962,KTN152,postTX,
SRR5969790,missing,WGS,48,135633168,Karalinska,PRJNA396019,SAMN07553873,Human,90235332,THE UT MD ANDERSON CANCER CENTER,public,"fastq,sra,run.zq","gs,s3,ncbi","ncbi.public,gs.us-east1,s3.us-east-1",SRX3127019,Illumina HiSeq 4000,nuclei genome CNV 437,KTN152_OP_29,SINGLE,RANDOM PCR,GENOMIC,Homo sapiens,ILLUMINA,2018-04-24T00:00:00Z,2017-08-24T11:38:00Z,1,KTN152_OP_29,tumor,missing,SRP114962,KTN152,postTX,
SRR5969791,missing,WGS,48,73101504,Karalinska,PRJNA396019,SAMN07553874,Human,48559281,THE UT MD ANDERSON CANCER CENTER,public,"fastq,run.zq,sra","ncbi,s3,gs","gs.us-east1,ncbi.public,s3.us-east-1",SRX3127018,Illumina HiSeq 4000,nuclei genome CNV 438,KTN152_OP_2,SINGLE,RANDOM PCR,GENOMIC,Homo sapiens,ILLUMINA,2018-04-24T00:00:00Z,2017-08-24T11:38:00Z,1,KTN152_OP_2,tumor,missing,SRP114962,KTN152,postTX,
SRR5969792,missing,WGS,48,76567584,Karalinska,PRJNA396019,SAMN07553871,Human,50979441,THE UT MD ANDERSON CANCER CENTER,public,"sra,run.zq,fastq","s3,ncbi,gs","gs.us-east1,ncbi.public,s3.us-east-1",SRX3127017,Illumina HiSeq 4000,nuclei genome CNV 435,KTN152_OP_27,SINGLE,RANDOM PCR,GENOMIC,Homo sapiens,ILLUMINA,2018-04-24T00:00:00Z,2017-08-24T11:38:00Z,1,KTN152_OP_27,tumor,missing,SRP114962,KTN152,postTX,
SRR5969793,missing,WGS,48,94625280,Karalinska,PRJNA396019,SAMN07553872,Human,62793876,THE UT MD ANDERSON CANCER CENTER,public,"run.zq,sra,fastq","gs,s3,ncbi","s3.us-east-1,gs.us-east1,ncbi.public",SRX3127016,Illumina HiSeq 4000,nuclei genome CNV 436,KTN152_OP_28,SINGLE,RANDOM PCR,GENOMIC,Homo sapiens,ILLUMINA,2018-04-24T00:00:00Z,2017-08-24T11:38:00Z,1,KTN152_OP_28,tumor,missing,SRP114962,KTN152,postTX,
SRR5969794,missing,WGS,48,79195296,Karalinska,PRJNA396019,SAMN07553869,Human,52874950,THE UT MD ANDERSON CANCER CENTER,public,"sra,fastq,run.zq","gs,ncbi,s3","ncbi.public,gs.us-east1,s3.us-east-1",SRX3127015,Illumina HiSeq 4000,nuclei genome CNV 433,KTN152_OP_25,SINGLE,RANDOM PCR,GENOMIC,Homo sapiens,ILLUMINA,2018-04-24T00:00:00Z,2017-08-24T11:38:00Z,1,KTN152_OP_25,tumor,missing,SRP114962,KTN152,postTX,
SRR5969795,missing,WGS,48,74218320,Karalinska,PRJNA396019,SAMN07553870,Human,49502626,THE UT MD ANDERSON CANCER CENTER,public,"run.zq,fastq,sra","gs,ncbi,s3","gs.us-east1,s3.us-east-1,ncbi.public",SRX3127014,Illumina HiSeq 4000,nuclei genome CNV 434,KTN152_OP_26,SINGLE,RANDOM PCR,GENOMIC,Homo sapiens,ILLUMINA,2018-04-24T00:00:00Z,2017-08-24T11:38:00Z,1,KTN152_OP_26,tumor,missing,SRP114962,KTN152,postTX,
SRR5969796,missing,WGS,48,155551008,Karalinska,PRJNA396019,SAMN07553867,Human,104059213,THE UT MD ANDERSON CANCER CENTER,public,"sra,fastq,run.zq","ncbi,gs,s3","s3.us-east-1,ncbi.public,gs.us-east1",SRX3127013,Illumina HiSeq 4000,nuclei genome CNV 431,KTN152_OP_23,SINGLE,RANDOM PCR,GENOMIC,Homo sapiens,ILLUMINA,2018-04-24T00:00:00Z,2017-08-24T11:38:00Z,1,KTN152_OP_23,tumor,missing,SRP114962,KTN152,postTX,
SRR5969797,missing,WGS,48,76038528,Karalinska,PRJNA396019,SAMN07553868,Human,50716174,THE UT MD ANDERSON CANCER CENTER,public,"run.zq,sra,fastq","gs,ncbi,s3","ncbi.public,gs.us-east1,s3.us-east-1",SRX3127012,Illumina HiSeq 4000,nuclei genome CNV 432,KTN152_OP_24,SINGLE,RANDOM PCR,GENOMIC,Homo sapiens,ILLUMINA,2018-04-24T00:00:00Z,2017-08-24T11:38:00Z,1,KTN152_OP_24,tumor,missing,SRP114962,KTN152,postTX,
SRR5969798,missing,WGS,48,127039584,Karalinska,PRJNA396019,SAMN07553796,Human,85649474,THE UT MD ANDERSON CANCER CENTER,public,"sra,run.zq,fastq","ncbi,gs,s3","ncbi.public,s3.us-east-1,gs.us-east1",SRX3127011,Illumina HiSeq 4000,nuclei genome CNV 360,KTN152_0_43,SINGLE,RANDOM PCR,GENOMIC,Homo sapiens,ILLUMINA,2018-04-24T00:00:00Z,2017-08-24T11:38:00Z,1,KTN152_0_43,tumor,missing,SRP114962,KTN152,preTX,
SRR5969799,missing,WGS,48,118471776,Karalinska,PRJNA396019,SAMN07553795,Human,79845927,THE UT MD ANDERSON CANCER CENTER,public,"sra,fastq,run.zq","gs,s3,ncbi","gs.us-east1,s3.us-east-1,ncbi.public",SRX3127010,Illumina HiSeq 4000,nuclei genome CNV 359,KTN152_0_42,SINGLE,RANDOM PCR,GENOMIC,Homo sapiens,ILLUMINA,2018-04-24T00:00:00Z,2017-08-24T11:38:00Z,1,KTN152_0_42,tumor,missing,SRP114962,KTN152,preTX,
SRR5969800,missing,WGS,48,90147120,Karalinska,PRJNA396019,SAMN07553794,Human,60958205,THE UT MD ANDERSON CANCER CENTER,public,"fastq,sra,run.zq","ncbi,gs,s3","ncbi.public,gs.us-east1,s3.us-east-1",SRX3127009,Illumina HiSeq 4000,nuclei genome CNV 358,KTN152_0_41,SINGLE,RANDOM PCR,GENOMIC,Homo sapiens,ILLUMINA,2018-04-24T00:00:00Z,2017-08-24T11:38:00Z,1,KTN152_0_41,tumor,missing,SRP114962,KTN152,preTX,
SRR5969801,missing,WGS,48,77386368,Karalinska,PRJNA396019,SAMN07553793,Human,52370278,THE UT MD ANDERSON CANCER CENTER,public,"run.zq,fastq,sra","ncbi,gs,s3","gs.us-east1,s3.us-east-1,ncbi.public",SRX3127008,Illumina HiSeq 4000,nuclei genome CNV 357,KTN152_0_40,SINGLE,RANDOM PCR,GENOMIC,Homo sapiens,ILLUMINA,2018-04-24T00:00:00Z,2017-08-24T11:38:00Z,1,KTN152_0_40,tumor,missing,SRP114962,KTN152,preTX,
SRR5969802,missing,WGS,48,100943568,Karalinska,PRJNA396019,SAMN07553792,Human,68346094,THE UT MD ANDERSON CANCER CENTER,public,"fastq,run.zq,sra","s3,ncbi,gs","ncbi.public,s3.us-east-1,gs.us-east1",SRX3127007,Illumina HiSeq 4000,nuclei genome CNV 356,KTN152_0_3,SINGLE,RANDOM PCR,GENOMIC,Homo sapiens,ILLUMINA,2018-04-24T00:00:00Z,2017-08-24T11:38:00Z,1,KTN152_0_3,tumor,missing,SRP114962,KTN152,preTX,

